Title,Date
"Moria: El Obelisco con tetas","8/19/26"
"Peaky Blinders: Temporada 4: La horca","8/19/26"
"Peaky Blinders: Temporada 3: Episodio 6","8/19/26"
"Berlín y la dama del armiño: Miniserie: El síndrome de Stendhal","8/8/26"
"Berlín y la dama del armiño: Miniserie: Un canto a la vida","8/8/26"
"Berlín y la dama del armiño: Miniserie: La colección","8/5/26"
"The Boroughs: Jubilación rebelde: Triple cambio de planes","8/1/26"
"The Boroughs: Jubilación rebelde: Hora de irse","8/1/26"
"The Boroughs: Jubilación rebelde: La rebelión mayor","7/31/26"
"The Boroughs: Jubilación rebelde: Otro hermoso día","7/31/26"
"The Boroughs: Jubilación rebelde: Fruto prohibido","7/30/26"
"The Boroughs: Jubilación rebelde: Una pirámide","7/29/26"
"The Boroughs: Jubilación rebelde: El día de duelo","7/25/26"
"The Boroughs: Jubilación rebelde: Bienvenidos a The Boroughs","7/23/26"
"Heartstopper Forever","7/22/26"
"Te encontraré: Miniserie: Episodio 8","7/19/26"
"Te encontraré: Miniserie: Episodio 7","7/18/26"
"Te encontraré: Miniserie: Episodio 6","7/17/26"
"Te encontraré: Miniserie: Episodio 5","7/15/26"
"Te encontraré: Miniserie: Episodio 4","7/15/26"
"Te encontraré: Miniserie: Episodio 3","7/14/26"
"Te encontraré: Miniserie: Episodio 2","7/14/26"
"Te encontraré: Miniserie: Episodio 1","7/13/26"
"La mujer del camarote 10","7/11/26"
"Michael Jackson: El veredicto: Episodio 3","6/9/26"
"Michael Jackson: El veredicto: Episodio 2","6/9/26"
"Michael Jackson: El veredicto: Episodio 1","6/9/26"
"Interconectados: El bono","6/9/26"
"El Hobbit: Un viaje inesperado","6/5/26"
"Interconectados: El regalo","6/5/26"
"Interconectados: El abrigo blanco","6/4/26"
"Interconectados: El folleto","6/4/26"
"Interconectados: La tormenta","6/3/26"
"Carísima: ¿Quién es Caro Pardíaco?","6/2/26"
"Presas","5/31/26"
"Máquina de guerra","5/31/26"
"Interconectados: Goteo","5/30/26"
"Interconectados: El billete","5/29/26"
"Interconectados: Una piedra","5/28/26"
"Misión: Imposible - La sentencia final","5/25/26"
"El dilema de las redes sociales","5/21/26"
"Intercambiados","5/17/26"
"Ápex","5/16/26"
"La bestia en mí: Miniserie: La última palabra","5/4/26"
"La bestia en mí: Miniserie: Fantasmas","5/3/26"
"La bestia en mí: Miniserie: La bestia y yo","5/3/26"
"La bestia en mí: Miniserie: Bacanal","5/2/26"
"La bestia en mí: Miniserie: Tánatos","5/2/26"
"La bestia en mí: Miniserie: El elefante en la habitación","5/1/26"
"La bestia en mí: Miniserie: No quiero estar solo","4/30/26"
"La bestia en mí: Miniserie: Cachorro enfermo","4/27/26"
"En fuga: Miniserie: Esto queda entre nosotros","4/24/26"
"En fuga: Miniserie: Si yo hubiera","4/22/26"
"En fuga: Miniserie: El hombre que conocí","4/20/26"
"En fuga: Miniserie: Por siempre la verdad brillante","4/13/26"
"En fuga: Miniserie: Otra época","4/12/26"
"En fuga: Miniserie: La última gota","4/11/26"
"En fuga: Miniserie: Tatuajes mientras esperas","4/9/26"
"En fuga: Miniserie: Ver para creer","4/9/26"
"Él y ella: Miniserie: Episodio 6","4/7/26"
"Él y ella: Miniserie: Episodio 5","4/7/26"
"Él y ella: Miniserie: Episodio 4","4/4/26"
"Él y ella: Miniserie: Episodio 3","4/4/26"
"Él y ella: Miniserie: Episodio 2","4/3/26"
"Él y ella: Miniserie: Episodio 1","4/3/26"
"El Monstruo de Florencia: Miniserie: Episodio 3","4/1/26"
"El Monstruo de Florencia: Miniserie: Episodio 2","4/1/26"
"El Monstruo de Florencia: Miniserie: Episodio 1","4/1/26"
"Vigilante: El tormento","3/31/26"
"Vigilante: El crepúsculo","3/31/26"
"Vigilante: La navaja de Ockham","3/31/26"
"Vigilante: Alguien vigila","3/31/26"
"Vigilante: Götterdämmerung","3/31/26"
"Vigilante: Sacrificio de sangre","3/29/26"
"Vigilante: Bienvenidos, amigos","3/29/26"
"Observados","3/28/26"
"Monstruo: La historia de Ed Gein: ¡Madre!","3/27/26"
"En el barro: Temporada 2: Episodio 8","3/26/26"
"En el barro: Temporada 2: Episodio 7","3/26/26"
"En el barro: Temporada 2: Episodio 6","3/26/26"
"En el barro: Temporada 2: Episodio 5","3/25/26"
"En el barro: Temporada 2: Episodio 4","3/25/26"
"En el barro: Temporada 2: Episodio 3","3/24/26"
"En el barro: Temporada 2: Episodio 2","3/24/26"
"Stranger Things: Stranger Things 5: Capítulo ocho: Este Lado","3/19/26"
"Stranger Things: Stranger Things 5: Capítulo siete: El puente","3/18/26"
"En el barro: Temporada 2: Episodio 1","3/15/26"
"Stranger Things: Stranger Things 5: Capítulo seis: La huida de Camazotz","3/12/26"
"Stranger Things: Stranger Things 5: Capítulo cinco: Electrochoque","3/11/26"
"Stranger Things: Stranger Things 5: Capítulo cuatro: Hechicero","3/2/26"
"Wake Up Dead Man: Un misterio de Knives Out","2/28/26"
"Damsel","2/22/26"
"Estado eléctrico","2/21/26"
"Stranger Things: Stranger Things 5: Capítulo tres: La trampa de Turnbow","2/21/26"
"Tornados","2/14/26"
"Stranger Things: Stranger Things 5: Capítulo Dos: La Desaparición de Holly Wheeler","2/8/26"
"Stranger Things: Stranger Things 5: Capítulo uno: La misión","2/1/26"
"Paradise","2/1/26"
"El botín","1/18/26"
"Guerra civil","1/11/26"
"Rebel Ridge","12/21/25"
"Trol","12/8/25"
"Un robo muy navideño","11/30/25"
"Pequeños secretos","11/30/25"
"Stranger Things: Stranger Things 3: Capítulo siete: La picadura","11/29/25"
"Stranger Things: Stranger Things 3: Capítulo seis: E pluribus unum","11/29/25"
"Stranger Things: Stranger Things 3: Capítulo cinco: Los desollados","11/25/25"
"Stranger Things: Stranger Things 3: Capítulo cuatro: La prueba del sauna","11/25/25"
"Stranger Things: Stranger Things 3: Capítulo tres: El caso de la guardavidas perdida","11/24/25"
"Stranger Things: Stranger Things 3: Capítulo dos: Ratas de centro comercial","11/24/25"
"Stranger Things: Stranger Things 3: Capítulo uno: ¿Me copias, Suzie?","11/24/25"
"Stranger Things: Stranger Things 2: Capítulo nueve: El portal","11/24/25"
"Stranger Things: Stranger Things 2: Capítulo ocho: El azotamentes","11/24/25"
"Stranger Things: Stranger Things 2: Capítulo siete: La hermana perdida","11/24/25"
"Stranger Things: Stranger Things 2: Capítulo seis: El espía","11/24/25"
"Stranger Things: Stranger Things 2: Capítulo cinco: Dig Dug","11/23/25"
"Stranger Things: Stranger Things 2: Capítulo cuatro: Will, el Sabio","11/23/25"
"Stranger Things: Stranger Things 2: Capítulo tres: El renacuajo","11/23/25"
"Stranger Things: Stranger Things 2: Capítulo dos: Dulce o truco, bicho raro","11/23/25"
"Stranger Things: Stranger Things 2: Capítulo uno: MADMAX","11/23/25"
"Stranger Things: Capítulo ocho: El otro lado","11/23/25"
"Stranger Things: Capítulo siete: La bañera","11/23/25"
"Stranger Things: Capítulo seis: El monstruo","11/23/25"
"Stranger Things: Capítulo cinco: La pulga y el acróbata","11/22/25"
"Stranger Things: Capítulo cuatro: El cuerpo","11/22/25"
"Stranger Things: Capítulo tres: Todo está bien","11/22/25"
"Stranger Things: Capítulo dos: La loca de la calle Maple","11/22/25"
"Stranger Things: Capítulo uno: La desaparición de Will Byers","11/22/25"
"La casa de muñecas de Gabby: Temporada 12: El mago de Miau","11/22/25"
"Gladiador II","11/22/25"
"Sirenas: Miniserie: Monstruo","9/27/25"
"Sirenas: Miniserie: Garras","9/18/25"
"Sirenas: Miniserie: Exilio","9/15/25"
"En el barro: Temporada 1: Episodio 8","9/14/25"
"En el barro: Temporada 1: Episodio 7","9/14/25"
"En el barro: Temporada 1: Episodio 1","9/14/25"
"En el barro: Temporada 1: Episodio 6","9/13/25"
"En el barro: Temporada 1: Episodio 5","9/13/25"
"En el barro: Temporada 1: Episodio 4","9/10/25"
"En el barro: Temporada 1: Episodio 3","9/8/25"
"En el barro: Temporada 1: Episodio 2","9/8/25"
"División Palermo: Temporada 2: Todos en cuero","9/7/25"
"División Palermo: Temporada 2: El último sacrificio","9/7/25"
"División Palermo: Temporada 2: Palermo de rehén","9/7/25"
"División Palermo: Temporada 2: ¿Hay un nosotros?","9/6/25"
"División Palermo: Temporada 2: Operación Flat White","9/6/25"
"División Palermo: Temporada 2: Felipe 2.0","9/6/25"
"iRehén","8/24/25"
"Familia al instante","8/17/25"
"El juego del calamar: Temporada 3: La naturaleza humana","7/30/25"
"El juego del calamar: Temporada 3: ○△□","7/27/25"
"El juego del calamar: Temporada 3: 222","7/27/25"
"Perdido en la montaña","7/26/25"
"El juego del calamar: Temporada 3: No es culpa tuya","7/20/25"
"El juego del calamar: Temporada 3: Noche estrellada","7/5/25"
"El juego del calamar: Temporada 3: Llaves y cuchillos","6/29/25"
"Sara, la mujer en las sombras: Episodio 3","6/23/25"
"Sara, la mujer en las sombras: Episodio 2","6/23/25"
"Accidente: Temporada 1: Habitaciones vacías","6/17/25"
"Sara, la mujer en las sombras: Episodio 1","6/16/25"
"Atrapados: Vivimos en la oscuridad","6/15/25"
"Mikaela","6/8/25"
"Jaula","6/1/25"
"Academia de golf: Temporada 1: Encontrar un sueño","5/24/25"
"Estragos","5/24/25"
"Atrapados: No sabemos nada del mañana","5/19/25"
"Atrapados: Vivir en el odio tiene un costo muy alto","5/19/25"
"Legado: Return","5/18/25"
"Atrapados: El diablo es un maestro del disfraz","5/17/25"
"Atrapados: Culpable hasta que se demuestre lo contrario","5/17/25"
"Atrapados: No puedes dañar un muerto","5/17/25"
"El jardinero: Miniserie: Paisaje atlántico","5/10/25"
"Extraterritorial","5/3/25"
"El Eternauta: Jugo de tomate frío","5/3/25"
"El Eternauta: Paisaje","5/3/25"
"El Eternauta: Credo","5/2/25"
"El Eternauta: El magnetismo","5/1/25"
"El Eternauta: Salgan al sol","5/1/25"
"El Eternauta: Noche de truco","5/1/25"
"La cúpula de cristal: Miniserie: Episodio 6","4/28/25"
"La cúpula de cristal: Miniserie: Episodio 5","4/28/25"
"La cúpula de cristal: Miniserie: Episodio 4","4/27/25"
"La cúpula de cristal: Miniserie: Episodio 3","4/27/25"
"La cúpula de cristal: Miniserie: Episodio 2","4/26/25"
"La cúpula de cristal: Miniserie: Episodio 1","4/26/25"
"Día cero: Miniserie: Episodio 6","4/23/25"
"Día cero: Miniserie: Episodio 5","4/21/25"
"Día cero: Miniserie: Episodio 4","4/21/25"
"Día cero: Miniserie: Episodio 3","4/21/25"
"Día cero: Miniserie: Episodio 2","4/20/25"
"Día cero: Miniserie: Episodio 1","4/18/25"
"Black Mirror: Temporada 7: USS Callister: Infinito","4/17/25"
"Black Mirror: Temporada 7: Apología","4/15/25"
"Black Mirror: Temporada 7: Juego","4/15/25"
"Black Mirror: Temporada 7: Hotel Reverie","4/14/25"
"Black Mirror: Temporada 7: Bête Noire","4/14/25"
"Black Mirror: Temporada 7: Una pareja cualquiera","4/13/25"
"Adolescencia: Miniserie: Episodio 4","4/6/25"
"Adolescencia: Miniserie: Episodio 3","4/6/25"
"Adolescencia: Miniserie: Episodio 2","4/3/25"
"Adolescencia: Miniserie: Episodio 1","4/2/25"
"Un lugar en silencio: Día uno","3/21/25"
"El tren de los niños","3/2/25"
"Manifiesto: Temporada 1: Viento cruzado","1/27/25"
"El juego del calamar: Temporada 2: Amigos o enemigos","1/3/25"
"El juego del calamar: Temporada 2: O  X","1/2/25"
"El juego del calamar: Temporada 2: Otra ronda","1/2/25"
"El juego del calamar: Temporada 2: Seis piernas","12/31/24"
"El juego del calamar: Temporada 2: 001","12/31/24"
"El juego del calamar: Temporada 2: Fiesta de Halloween","12/27/24"
"El juego del calamar: Temporada 2: Sustento y azar","12/27/24"
"El juego del calamar: Temporada 1: Infierno","12/27/24"
"Corte en el tiempo","12/26/24"
"La Palma: Miniserie: Despegue","12/21/24"
"La Palma: Miniserie: El pastorcito mentiroso","12/21/24"
"No puedo vivir sin ti","12/21/24"
"Equipaje de mano","12/15/24"
"Merlí: Sapere aude: Temporada 2: Episodio 5","12/9/24"
"Merlí: Sapere aude: Temporada 2: Episodio 8","12/9/24"
"Merlí: Sapere aude: Temporada 2: Episodio 7","12/8/24"
"Merlí: Sapere aude: Temporada 2: Episodio 6","12/8/24"
"Merlí: Sapere aude: Temporada 2: Episodio 4","12/4/24"
"Ahí afuera","12/4/24"
"Merlí: Sapere aude: Temporada 2: Episodio 3","12/3/24"
"Merlí: Sapere aude: Temporada 2: Episodio 2","12/3/24"
"Merlí: Sapere aude: Temporada 2: Episodio 1","12/3/24"
"La singular vida de Ibelin","12/1/24"
"No vengas a casa: Miniserie: No vengas a casa","11/27/24"
"No vengas a casa: Miniserie: 1992","11/26/24"
"No vengas a casa: Miniserie: Panida","11/26/24"
"No vengas a casa: Miniserie: La niña desaparecida","11/26/24"
"No vengas a casa: Miniserie: Fah","11/26/24"
"No vengas a casa: Miniserie: Varee","11/26/24"
"Sense8: Temporada 1: Demonios","11/21/24"
"Transformers: El despertar de las bestias","11/20/24"
"Envidiosa: Temporada 1: Historia clínica","11/18/24"
"No me rompan","11/18/24"
"Love Is Blind: Argentina: Temporada 1: Busco al amor de mi vida","11/18/24"
"La liberación","11/10/24"
"No te muevas","11/10/24"
"Envidiosa: Temporada 1: Rota y Roto","10/28/24"
"Envidiosa: Temporada 1: Todas se casan menos vos","10/28/24"
"Envidiosa: Temporada 1: Pizza Delivery","10/28/24"
"Envidiosa: Temporada 1: El juego de la vida","10/23/24"
"Envidiosa: Temporada 1: Leona pero no campeona","10/23/24"
"Envidiosa: Temporada 1: Ametralladora de likes","10/22/24"
"Envidiosa: Temporada 1: Barrilete cósmico","10/22/24"
"Envidiosa: Temporada 1: Todo sobre Vicky","10/21/24"
"Prison Break: Temporada 5: Detrás de los ojos","10/15/24"
"Prison Break: Temporada 5: Progenie","10/15/24"
"Prison Break: Temporada 5: Un mar de color vino oscuro","10/15/24"
"Prison Break: Temporada 5: Kaniel Outis","10/15/24"
"Propuesta laboral: Miniserie: Episodio 8","10/1/24"
"Propuesta laboral: Miniserie: Episodio 9","9/29/24"
"Propuesta laboral: Miniserie: Episodio 7","9/29/24"
"Propuesta laboral: Miniserie: Episodio 6","9/29/24"
"Propuesta laboral: Miniserie: Episodio 5","9/29/24"
"Propuesta laboral: Miniserie: Episodio 1","9/29/24"
"Rosario Tijeras: Temporada 3: Episodio 70","9/29/24"
"Rosario Tijeras: Temporada 3: Episodio 69","9/29/24"
"Rosario Tijeras: Temporada 3: Episodio 68","9/29/24"
"Rosario Tijeras: Temporada 3: Episodio 67","9/29/24"
"Rosario Tijeras: Temporada 3: Episodio 66","9/29/24"
"Rosario Tijeras: Temporada 3: Episodio 65","9/29/24"
"Rosario Tijeras: Temporada 3: Episodio 64","9/29/24"
"Rosario Tijeras: Temporada 3: Episodio 63","9/29/24"
"Rosario Tijeras: Temporada 3: Episodio 62","9/29/24"
"Rosario Tijeras: Temporada 3: Episodio 61","9/29/24"
"Rosario Tijeras: Temporada 3: Episodio 60","9/29/24"
"Rosario Tijeras: Temporada 3: Episodio 59","9/29/24"
"Rosario Tijeras: Temporada 3: Episodio 58","9/29/24"
"Rosario Tijeras: Temporada 3: Episodio 57","9/29/24"
"Rosario Tijeras: Temporada 3: Episodio 56","9/29/24"
"Merlí: Sapere aude: Temporada 1: Episodio 3","9/27/24"
"Avatar: La leyenda de Aang: Avatar: la leyenda de Aang: Libro 1: El rey de Omashu","9/19/24"
"Avatar: La leyenda de Aang: Avatar: la leyenda de Aang: Libro 1: Los guerreros de Kyoshi","9/19/24"
"Avatar: La leyenda de Aang: Avatar: la leyenda de Aang: Libro 1: El templo del Aire del Sur","9/19/24"
"Avatar: La leyenda de Aang: Avatar: la leyenda de Aang: Libro 1: El Avatar regresa","9/19/24"
"Avatar: La leyenda de Aang: Avatar: la leyenda de Aang: Libro 1: El niño en el iceberg","9/19/24"
"Heartstopper: Temporada 1: El secreto","9/8/24"
"Heartstopper: Temporada 1: El beso","9/8/24"
"Heartstopper: Temporada 1: La atracción","9/8/24"
"Heartstopper: Temporada 1: El encuentro","9/8/24"
"Heartstopper: Temporada 2: Salir del clóset","9/8/24"
"Merlí: Sapere aude: Temporada 1: Episodio 2","9/6/24"
"Merlí: Sapere aude: Temporada 1: Episodio 1","9/6/24"
"Mi otra yo: Temporada 2: Episodio 3","9/3/24"
"Mi otra yo: Temporada 2: Episodio 2","9/3/24"
"Mi otra yo: Temporada 2: Episodio 1","9/3/24"
"Niebla sin fronteras","8/10/24"
"No respires 2","7/28/24"
"tick, tick...BOOM!","7/13/24"
"Olvidado","6/16/24"
"Bridgerton: Temporada 1: El duque y yo","6/12/24"
"Bridgerton: Temporada 1: Un asunto de honor","6/11/24"
"La herencia tiene un precio","6/9/24"
"Bridgerton: Temporada 1: El arte del desmayo","6/7/24"
"Bridgerton: Temporada 1: Sorprende y encanta","6/6/24"
"Una familia normal: Miniserie: Capítulo seis","5/29/24"
"Una familia normal: Miniserie: Capítulo cinco","5/29/24"
"Una familia normal: Miniserie: Capítulo cuatro","5/29/24"
"Una familia normal: Miniserie: Capítulo tres","5/29/24"
"Una familia normal: Miniserie: Capítulo dos","5/29/24"
"Una familia normal: Miniserie: Capítulo uno","5/28/24"
"The 8 Show: Miniserie: Episodio 1","5/28/24"
"Bridgerton: Temporada 1: Diamante de primera","5/22/24"
"El caso Asunta: Miniserie: 26 de septiembre","5/15/24"
"El caso Asunta: Miniserie: 24 de septiembre","5/15/24"
"El caso Asunta: Miniserie: 21 de septiembre","5/15/24"
"Preguntados: Charlemos sobre pelis","5/8/24"
"Dos más dos","5/3/24"
"Bebé reno: Miniserie: Episodio 7","5/2/24"
"Bebé reno: Miniserie: Episodio 6","5/2/24"
"Bebé reno: Miniserie: Episodio 5","5/2/24"
"Bebé reno: Miniserie: Episodio 4","5/2/24"
"Bebé reno: Miniserie: Episodio 3","5/2/24"
"Bebé reno: Miniserie: Episodio 2","5/2/24"
"Bebé reno: Miniserie: Episodio 1","5/2/24"
"Secuestro del vuelo 601: La mujer que sabía demasiado","4/15/24"
"Secuestro del vuelo 601: 601: Odisea aeroespacial","4/15/24"
"Secuestro del vuelo 601: Los condenados de la tierra","4/15/24"
"Secuestro del vuelo 601: Noche de perros","4/15/24"
"Secuestro del vuelo 601: Con la muerte en los tacones","4/14/24"
"Secuestro del vuelo 601: Que el cielo la juzgue","4/14/24"
"Entre tierras: Episodio 1","4/14/24"
"El problema de los 3 cuerpos: Temporada 1: Proyecto Vallado","4/8/24"
"El problema de los 3 cuerpos: Temporada 1: Un avance","4/3/24"
"El problema de los 3 cuerpos: Temporada 1: Estrellas Destino Nuestro","4/1/24"
"El problema de los 3 cuerpos: Temporada 1: Juicio Final","4/1/24"
"El problema de los 3 cuerpos: Temporada 1: Su Señoría","4/1/24"
"El problema de los 3 cuerpos: Temporada 1: Destructor de mundos","3/31/24"
"El problema de los 3 cuerpos: Temporada 1: Costa Roja","3/31/24"
"El problema de los 3 cuerpos: Temporada 1: Cuenta regresiva","3/30/24"
"Avatar: La leyenda de Aang: Temporada 1: Máscaras","3/10/24"
"Avatar: La leyenda de Aang: Temporada 1: Aang","3/10/24"
"Ruega por nosotros","3/5/24"
"Machos alfa: Temporada 1: La que has liado","3/5/24"
"Machos alfa: Temporada 1: Heteroflexibles sensibles","3/5/24"
"Machos alfa: Temporada 1: Hierbas ibicencas","3/5/24"
"Machos alfa: Temporada 1: Masculinidad tóxica","3/5/24"
"Machos alfa: Temporada 1: Lo que te absorbe es la vida","3/5/24"
"Machos alfa: Temporada 1: En deconstrucción","3/5/24"
"La langosta","2/27/24"
"Alma mía","2/26/24"
"El puente maldito: Ritual","2/22/24"
"The Crown: Temporada 6: Duerme, cielo, duerme","2/22/24"
"The Crown: Temporada 6: La calle Hope","2/22/24"
"La niñera: Mi Bella Nana","2/22/24"
"La niñera: El Mayordomo, El Esposo...","2/22/24"
"Yo soy Simón","2/20/24"
"Igualita a mí","2/19/24"
"El abismo de Kiruna","2/18/24"
"The Crown: Temporada 6: Ritz","2/18/24"
"Lift: Un robo de primera clase","2/17/24"
"El turista: Temporada 1: Episodio 1","2/14/24"
"The Walking Dead: Temporada 8: Monstruos","2/14/24"
"Ruido mental","2/13/24"
"Siempre el mismo día: Miniserie: Episodio 7","2/10/24"
"Siempre el mismo día: Miniserie: Episodio 6","2/10/24"
"Siempre el mismo día: Miniserie: Episodio 5","2/10/24"
"Siempre el mismo día: Miniserie: Episodio 4","2/10/24"
"Siempre el mismo día: Miniserie: Episodio 3","2/10/24"
"Siempre el mismo día: Miniserie: Episodio 2","2/10/24"
"Siempre el mismo día: Miniserie: Episodio 1","2/10/24"
"El turista: Temporada 1: Episodio 2","2/9/24"
"Lado oscuro del deseo","2/9/24"
"Cuestión de Sangre","2/4/24"
"Muertos para mí: Temporada 3: Llegamos al final","2/3/24"
"Muertos para mí: Temporada 3: Nos estamos quedando sin tiempo","2/3/24"
"Muertos para mí: Temporada 3: Encontraremos la manera","2/2/24"
"Muertos para mí: Temporada 3: ¿Podemos hablar con honestidad?","2/2/24"
"Muertos para mí: Temporada 3: Vamos a ganarle a esto","2/1/24"
"Muertos para mí: Temporada 3: No lo pensamos bien","1/31/24"
"Muertos para mí: Temporada 3: ¿Hacia dónde vamos ahora?","1/31/24"
"Muertos para mí: Temporada 3: Mira lo que tenemos aquí","1/31/24"
"Cazadores en tierra inhóspita","1/30/24"
"Chico come universo: Miniserie: Chico huele rata","1/30/24"
"Griselda: Miniserie: El paraíso perdido","1/26/24"
"Jaula mental","1/25/24"
"Muertos para mí: Temporada 3: Tenemos que hablar","1/25/24"
"Muertos para mí: Temporada 3: Ya pasamos por esto","1/25/24"
"Pesadilla de un secuestro en California: Tercera parte: Los otros","1/24/24"
"Pesadilla de un secuestro en California: Segunda parte: Perdida","1/22/24"
"Pesadilla de un secuestro en California: Primera parte: El novio","1/22/24"
"Dejar el mundo atrás","1/20/24"
"Capitanes del mundo: Grandes esperanzas","1/14/24"
"Matilda","1/12/24"
"Engaños: Miniserie: Episodio 8","1/9/24"
"Engaños: Miniserie: Episodio 7","1/9/24"
"Engaños: Miniserie: Episodio 6","1/7/24"
"Engaños: Miniserie: Episodio 5","1/7/24"
"Engaños: Miniserie: Episodio 4","1/7/24"
"Engaños: Miniserie: Episodio 3","1/7/24"
"Engaños: Miniserie: Episodio 2","1/7/24"
"Engaños: Miniserie: Episodio 1","1/5/24"
"La sociedad de la nieve","1/4/24"
"Berlín y las joyas de París: Miniserie: Un elefante en peligro de extinción","1/4/24"
"Berlín y las joyas de París: Miniserie: La última virgen de occidente","1/4/24"
"Berlín y las joyas de París: Miniserie: La noche de los limones","1/4/24"
"Berlín y las joyas de París: Miniserie: After Love","1/3/24"
"Berlín y las joyas de París: Miniserie: Un aquarium en la espalda","1/3/24"
"Berlín y las joyas de París: Miniserie: Póker de embriones","1/3/24"
"La casa de papel: Parte 5: Una tradición familiar","1/2/24"
"Yo, adolescente","1/2/24"
"Éxodo: Dioses y reyes","1/2/24"
"Berlín y las joyas de París: Miniserie: El ancla y el lobo","1/2/24"
"Berlín y las joyas de París: Miniserie: La energía del amor","1/2/24"
"The Crown: Temporada 6: Alma mater","1/2/24"
"Una mujer fantástica","1/1/24"
"The Crown: Temporada 6: Ruritania","1/1/24"
"El Ratón Pérez","12/31/23"
"The Crown: Temporada 6: El fenómeno Guillermo","12/31/23"
"Queer Eye: Temporada 7: Steph, la superfan","12/30/23"
"Queer Eye: Temporada 7: Queer Eye para los Lambda Chi","12/30/23"
"Un día en el paraíso","12/26/23"
"El Grinch","12/26/23"
"Permitidos","12/25/23"
"Sangriento San Valentín","12/25/23"
"Dibu 2: La venganza de Nasty","12/24/23"
"Dibu 1: La película","12/22/23"
"Pollitos en fuga: El origen de los nuggets","12/21/23"
"Nadie","12/17/23"
"La niñera: La Guardabosques","12/17/23"
"La niñera: Negocios Personales","12/17/23"
"La niñera: Cazorio","12/17/23"
"La niñera: Chao, Pucho","12/17/23"
"La niñera: Lanus 1 - Parque Barrio 0","12/17/23"
"Mar de fondo: Temporada 1: ¡Bienvenido a Knokke, p*rra!","12/16/23"
"Dubai Bling: Temporada 2: De vuelta en la ciudad del lujo","12/16/23"
"El juego del calamar: El desafío: Temporada 1: Un día de suerte","12/13/23"
"Los tres mosqueteros: D'Artagnan","12/3/23"
"The Crown: Temporada 6: Secuelas","12/1/23"
"The Crown: Temporada 6: Dis‑Moi Oui","12/1/23"
"El juego del calamar: El desafío: Temporada 1: Círculo de confianza","12/1/23"
"El juego del calamar: El desafío: Temporada 1: Un paso más","11/29/23"
"El juego del calamar: El desafío: Temporada 1: Amigos y enemigos","11/29/23"
"El juego del calamar: El desafío: Temporada 1: Adiós","11/29/23"
"El juego del calamar: El desafío: Temporada 1: Dulce o truco","11/29/23"
"El juego del calamar: El desafío: Temporada 1: Sin escapatoria","11/29/23"
"El juego del calamar: El desafío: Temporada 1: Guerra","11/29/23"
"El juego del calamar: El desafío: Temporada 1: El hombre del paraguas","11/29/23"
"El juego del calamar: El desafío: Temporada 1: Luz roja, luz verde","11/29/23"
"El asesino","11/29/23"
"El gran terremoto","11/29/23"
"Elena sabe","11/26/23"
"Jules","11/23/23"
"El juego del calamar: Temporada 1: Luz roja, luz verde","11/23/23"
"The Crown: Temporada 6: Dos fotografías","11/23/23"
"The Crown: Temporada 6: Persona non grata","11/22/23"
"Mejor Navidad, ¡imposible!","11/20/23"
"Monster Hunter: La cacería comienza","11/20/23"
"Viudas","11/18/23"
"Elige o muere","11/17/23"
"Mamá se fue de viaje","11/14/23"
"Me casé con un boludo","11/11/23"
"Terror en el mar","11/11/23"
"Criptoboy","11/10/23"
"Stuart Little: Un ratón en la familia","11/10/23"
"El juego del miedo V","11/7/23"
"Alvin y las ardillas 3","11/5/23"
"Venganza","11/4/23"
"Élite: Temporada 7: Voy a acabar con esto para siempre","10/30/23"
"Élite: Temporada 7: Solo abrázame","10/30/23"
"Papás a la antigua","10/28/23"
"Los Juegos del Hambre: En llamas","10/28/23"
"Élite: Temporada 7: Tocar fondo","10/25/23"
"La vida en nuestro planeta: Capítulo 1: Las reglas de la vida","10/25/23"
"Lemony Snicket, una serie de eventos desafortunados","10/24/23"
"Élite: Temporada 7: La familia","10/23/23"
"Élite: Temporada 7: Punto y coma","10/23/23"
"Élite: Temporada 7: Bling‑Bling","10/23/23"
"Miniespías","10/23/23"
"Élite: Temporada 7: Protocolo","10/22/23"
"Élite: Temporada 7: Las Encinas","10/22/23"
"Scary movie 3: No hay dos sin 3","10/21/23"
"Juicio al diablo","10/21/23"
"Élite: Temporada 6: Separación","10/21/23"
"Scary Movie 2: Otra película de miedo","10/19/23"
"Chicas pesadas","10/19/23"
"Stuart Little 2: La aventura continúa","10/18/23"
"Lupin: Parte 2: Capítulo 7","10/18/23"
"Lupin: Parte 2: Capítulo 6","10/18/23"
"Mi otra yo: Temporada 1: Episodio 2","10/11/23"
"Norbit","10/10/23"
"Mi otra yo: Temporada 1: Episodio 1","10/10/23"
"El plan del diablo: Temporada 1: Episodio 2","10/9/23"
"El plan del diablo: Temporada 1: Episodio 1","10/9/23"
"True Blood: Huida de la guarida del dragón","10/9/23"
"True Blood: Mía","10/6/23"
"True Blood: El primer sorbo","10/6/23"
"True Blood: Extraño amor","10/6/23"
"Un lugar en silencio: Parte II","10/6/23"
"¡No estás invitada a mi bat mitzvá!","10/3/23"
"El Lórax: En busca de la trúfula perdida","10/3/23"
"Nowhere","10/3/23"
"Sex Education: Temporada 4: Episodio 8","10/1/23"
"Jóvenes brujas: Nueva hermandad","10/1/23"
"Sex Education: Temporada 4: Episodio 4","9/30/23"
"Sex Education: Temporada 4: Episodio 3","9/29/23"
"Sex Education: Temporada 4: Episodio 2","9/29/23"
"Sex Education: Temporada 4: Episodio 1","9/29/23"
"Sex Education: Temporada 4: Episodio 7","9/29/23"
"Sex Education: Temporada 4: Episodio 6","9/28/23"
"El último cazador de brujas","9/27/23"
"Sex Education: Temporada 4: Episodio 5","9/27/23"
"ONE PIECE: Temporada 1: PUROS CUENTOS","9/25/23"
"ONE PIECE: Temporada 1: EL HOMBRE DEL SOMBRERO DE PAJA","9/25/23"
"ONE PIECE: Temporada 1: EL AMANECER DE UNA AVENTURA","9/25/23"
"La casa bajo el agua","9/25/23"
"La maldición de Hill House: The Haunting of Hill House: La mujer del cuello roto","9/23/23"
"La maldición de Hill House: The Haunting of Hill House: Cosa de gemelos","9/23/23"
"La maldición de Hill House: The Haunting of Hill House: El toque","9/23/23"
"La maldición de Hill House: The Haunting of Hill House: Ataúd abierto","9/23/23"
"Hay alguien en tu casa","9/23/23"
"Ven a jugar","9/23/23"
"Madagascar","9/23/23"
"Mi querida niña: Miniserie: Por Lena","9/21/23"
"Mi querida niña: Miniserie: Los regalos","9/21/23"
"Mi querida niña: Miniserie: Las reglas","9/20/23"
"Mi querida niña: Miniserie: La casa","9/20/23"
"Mi querida niña: Miniserie: El abuelo","9/19/23"
"Mi querida niña: Miniserie: Hannah","9/19/23"
"Inside the World’s Toughest Prisons: Temporada 7: Finlandia: La prisión del libre albedrío","9/19/23"
"Nadie sale con vida","9/17/23"
"Fenómenas","9/17/23"
"Leatherface: La máscara del terror","9/16/23"
"El interior es lo que cuenta: La casa del horror, la casa histórica, la casa de los coches","9/15/23"
"El interior es lo que cuenta: La guarida de los Chicago Cubs, la casa acuario, el bote del amor","9/15/23"
"Guía Headspace para la meditación: Cómo empezar","9/15/23"
"El lado profundo del mar","9/15/23"
"La probabilidad estadística del amor a primera vista","9/15/23"
"La vida secreta de tus mascotas","9/15/23"
"¿Quién es Erin Carter?: Miniserie: Episodio 4","9/13/23"
"Secuestro en directo","9/10/23"
"Ouija","9/10/23"
"Un día y medio","9/10/23"
"Scream: Grita","9/10/23"
"Romina poderosa: Episodio 2","9/4/23"
"Romina poderosa: Episodio 1","9/4/23"
"¿Quién es Erin Carter?: Miniserie: Episodio 3","9/4/23"
"¿Quién es Erin Carter?: Miniserie: Episodio 2","9/4/23"
"¿Quién es Erin Carter?: Miniserie: Episodio 1","9/4/23"
"Vivir 100 años: Los secretos de las zonas azules: Miniserie: El futuro de la longevidad","9/4/23"
"Vivir 100 años: Los secretos de las zonas azules: Miniserie: ¿El fin de las zonas azules?","9/4/23"
"Vivir 100 años: Los secretos de las zonas azules: Miniserie: Un descubrimiento inesperado","9/3/23"
"Vivir 100 años: Los secretos de las zonas azules: Miniserie: Comienza el viaje","9/3/23"
"Perfil falso: Temporada 1: El secreto de Red Velvet","9/2/23"
"Corazón loco","8/25/23"
"Optimiza mi casa: Espacio para la familia","8/25/23"
"Optimiza mi casa: Habitación sorpresa","8/25/23"
"Optimiza mi casa: La adolescente vs. el niño","8/25/23"
"Optimiza mi casa: Caos cuadriplicado","8/25/23"
"Optimiza mi casa: Trucos para educar en casa","8/25/23"
"Optimiza mi casa: Espacio para cuatro","8/25/23"
"Optimiza mi casa: Transformación en un concepto abierto","8/25/23"
"Optimiza mi casa: La apertura de la oficina secreta","8/25/23"
"Medicina letal: Miniserie: El inicio de la epidemia","8/25/23"
"La calle del terror (Parte 1): 1994","8/23/23"
"Dora y la ciudad perdida","8/23/23"
"Bird Box Barcelona","8/21/23"
"Medios hermanos","8/21/23"
"No me mates","8/19/23"
"El gran desafío pastelero de Nailed It!: Desafío a la gravedad","8/15/23"
"El gran desafío pastelero de Nailed It!: Pastelería de alto vuelo","8/15/23"
"El gran desafío pastelero de Nailed It!: ¡Todavía no termina!","8/15/23"
"Agente Stone","8/15/23"
"El gran desafío pastelero de Nailed It!: Pura perfección","8/14/23"
"Clifford, el gran perro rojo","8/10/23"
"Mar de sangre","8/10/23"
"El gran desafío pastelero de Nailed It!: Fondant feroz","8/9/23"
"El gran desafío pastelero de Nailed It!: Fanáticos de la fruta","8/9/23"
"El gran desafío pastelero de Nailed It!: Repostería 101","8/9/23"
"Zom 100: Cien cosas que quiero hacer antes de convertirme en zombi","8/9/23"
"Miraculous: Las aventuras de Ladybug - La película","8/5/23"
"Heartstopper: Temporada 2: El calor","8/4/23"
"Heartstopper: Temporada 2: El desafío","8/3/23"
"Heartstopper: Temporada 2: La promesa","8/3/23"
"Heartstopper: Temporada 2: La familia","8/3/23"
"Descuida, yo te cuido","8/2/23"
"Intoxicación: La cruda verdad sobre nuestra comida","8/2/23"
"Contando a mis ex","7/30/23"
"Los (casi) ídolos de Bahía Colorada","7/30/23"
"Triple 9","7/30/23"
"Bird Box: A ciegas","7/30/23"
"La supervivencia de una chica con curvas: Temporada 1: ¿Estás llorando, perra?","7/23/23"
"La supervivencia de una chica con curvas: Temporada 1: ¿Que hiciste qué en público, perra?","7/23/23"
"La supervivencia de una chica con curvas: Temporada 1: Demuestra quién manda, perra","7/23/23"
"La supervivencia de una chica con curvas: Temporada 1: Riega tus plantas, perra","7/23/23"
"Iron Chef: México: Una batalla muy callejera","7/22/23"
"Iron Chef: México: Un menú con muchas patas","7/22/23"
"Unos suegros de armas tomar","7/20/23"
"Actividad paranormal: Vínculos familiares","7/20/23"
"Iron Chef: México: Japón a la mexicana","7/20/23"
"Iron Chef: México: Lo que más odian los niños","7/20/23"
"Iron Chef: México: Bienvenidos al Estadio Cocina","7/20/23"
"Donde hubo fuego: Soñar con fuego","7/20/23"
"Cazador de silencio","7/15/23"
"Pasteleros contra el tiempo: Temporada 1: La gran final: México mágico","7/15/23"
"Pasteleros contra el tiempo: Temporada 1: Sabe a mi infancia","7/15/23"
"La heredera de la mafia","7/15/23"
"Lo desconocido: La pirámide perdida","7/13/23"
"Pasteleros contra el tiempo: Temporada 1: Boleto de regreso","7/13/23"
"Pasteleros contra el tiempo: Temporada 1: Día de muertos","7/13/23"
"Pasteleros contra el tiempo: Temporada 1: Hornear y reciclar","7/12/23"
"Pasteleros contra el tiempo: Temporada 1: Dulces antojitos","7/12/23"
"Freaky: Este cuerpo está para matar","7/9/23"
"La Isla de la Fantasía","7/8/23"
"Next in Fashion: Temporada 2: Transformación","7/2/23"
"Next in Fashion: Temporada 2: Todo lo viejo es nuevo","7/2/23"
"Next in Fashion: Temporada 2: Trajes de baño","7/2/23"
"Next in Fashion: Temporada 2: Met Gala","7/1/23"
"Next in Fashion: Temporada 2: Colaboración","7/1/23"
"Next in Fashion: Temporada 2: La infancia","7/1/23"
"Stranger Things: Stranger Things 4: Capítulo nueve: El huésped","6/27/23"
"Glamorous: No olviden la propina","6/26/23"
"Glamorous: Puedes entrar","6/26/23"
"Glamorous: ¿Estás en la lista?","6/25/23"
"Glamorous: No me importa a quién conozcas","6/25/23"
"Glamorous: Capacidad máxima","6/25/23"
"Glamorous: No hay más lugar","6/25/23"
"Glamorous: Solo efectivo","6/25/23"
"Black Mirror: Temporada 6: Demonio 79","6/25/23"
"Black Mirror: Temporada 6: Mazey Day","6/25/23"
"Glamorous: Vuelve a la fila","6/24/23"
"Glamorous: Ubicación secreta","6/24/23"
"Glamorous: ¡Confirma tu asistencia!","6/24/23"
"Black Mirror: Temporada 6: Beyond the Sea","6/22/23"
"Heartstopper: Temporada 1: El amigo","6/21/23"
"Merlina: Temporada 1: Y un sombrío día nació","6/20/23"
"Verónica","6/20/23"
"Paranormal Investigation","6/20/23"
"¿Es pastel?: Temporada 1: Jugueteando","6/20/23"
"Black Mirror: Temporada 6: Loch Henry","6/19/23"
"Black Mirror: Temporada 6: Joan es horrible","6/17/23"
"Yo nunca: Temporada 4: ... dije adiós","6/17/23"
"Yo nunca: Temporada 4: ... fui al baile escolar","6/17/23"
"Yo nunca: Temporada 4: ... le conseguí una cita a mi mamá","6/17/23"
"Yo nunca: Temporada 4: ... tuve una crisis de identidad","6/17/23"
"Yo nunca: Temporada 4: ... sentí que me robaron un sueño","6/17/23"
"Yo nunca: Temporada 4: ... fui a Nueva Jersey","6/17/23"
"Perfil falso: Temporada 1: Imágenes peligrosas","6/16/23"
"Yo nunca: Temporada 4: ... arruiné mi futuro","6/10/23"
"Yo nunca: Temporada 4: ... me sentí atraída por un chico malo","6/10/23"
"Yo nunca: Temporada 4: ... me vengué","6/10/23"
"Yo nunca: Temporada 4: ... perdí mi virginidad","6/10/23"
"Parque mágico","6/10/23"
"Los días: Miniserie: El material radioactivo será mínimo","6/4/23"
"Los días: Miniserie: No hay que evacuar","6/4/23"
"Los días: Miniserie: La central nuclear de Fukushima Daiichi bajo el agua","6/4/23"
"Intriga","6/4/23"
"FUBAR: Temporada 1: El Gran Danés armado","6/2/23"
"FUBAR: Temporada 1: Como moscas a la miel","6/2/23"
"FUBAR: Temporada 1: Tira a papá del tren","6/2/23"
"Gente sirena: Miniserie: Sé libre, persigue tus sueños","5/31/23"
"Gente sirena: Miniserie: Empaca tu cola, cariño","5/30/23"
"Gente sirena: Miniserie: Sin sirenas muertas","5/30/23"
"FUBAR: Temporada 1: Lleva a tu hija al trabajo","5/30/23"
"Los Picapiedra","5/28/23"
"Tin & Tina","5/28/23"
"Casados con hijos: Temporada 1: Bardo En Lo De Dardo","5/27/23"
"Casados con hijos: Temporada 1: Tesoro Mío","5/27/23"
"Casados con hijos: Temporada 1: Calentitos Los Panchos","5/27/23"
"Casados con hijos: Temporada 1: Pepesadillas","5/27/23"
"Casados con hijos: Temporada 1: Todos Los Perros Van En Celo","5/27/23"
"Casados con hijos: Temporada 1: Toro Viejo","5/27/23"
"Siempre fiel","5/26/23"
"Eli","5/26/23"
"Casados con hijos: Temporada 1: ¿lo Quien Es El Jefe?","5/21/23"
"Casados con hijos: Temporada 1: Supergía","5/21/23"
"Casados con hijos: Temporada 1: Un Tiro Al Aire","5/21/23"
"Casados con hijos: Temporada 1: Hogar Dulce Hogar","5/21/23"
"¡Que viva México!","5/17/23"
"La madre","5/17/23"
"Cuece lo que cuece: Barbacoa en el jardín","5/11/23"
"Cuece lo que cuece: Comida sureña reconfortante","5/11/23"
"Cuece lo que cuece: Cafetería estadounidense","5/11/23"
"La reina Cleopatra: Miniserie: En Roma","5/11/23"
"La reina Cleopatra: Miniserie: Rivales","5/11/23"
"Siempre reinas: Temporada 1: Reinas poderosas","5/9/23"
"Siempre reinas: Temporada 1: No me importa","5/9/23"
"Siempre reinas: Temporada 1: La mejor villana","5/9/23"
"Siempre reinas: Temporada 1: Que tiemblen las banquetas","5/8/23"
"Siempre reinas: Temporada 1: La diva ya llegó","5/8/23"
"Siempre reinas: Temporada 1: Aquí van las reinas","5/8/23"
"Queer Eye: Temporada 5: Llamando a la Dra. Yi","5/8/23"
"Batalla de barbacoas: Temporada 1: Esta carne se corta sola","5/7/23"
"Batalla de barbacoas: Temporada 1: Rojo, azul y barbacoa","5/7/23"
"Batalla de barbacoas: Temporada 1: La barbacoa en la sangre","5/7/23"
"En el lugar equivocado","5/7/23"
"La firma: Inicia la competencia","5/6/23"
"El amor después del amor: Un cielo y un estado de coma","5/4/23"
"El amor después del amor: Canción sobre canción","5/4/23"
"El amor después del amor: Una luna en el corazón","5/4/23"
"El amor después del amor: Cuando yo me vaya de aquí","5/4/23"
"Batalla de cocina fácil: Un concurso con sabor casero: Relleno, brocheta y... ¡pan tostado!","5/3/23"
"Batalla de cocina fácil: Un concurso con sabor casero: ¡El pollo ganador!","5/3/23"
"La cabaña siniestra","5/3/23"
"Bienvenidos a Edén: Temporada 2: Primer contacto","5/3/23"
"Bienvenidos a Edén: Temporada 2: Serpiente","5/3/23"
"Bienvenidos a Edén: Temporada 2: Sobre las estrellas","5/3/23"
"Bienvenidos a Edén: Temporada 2: El Nuevo Edén","5/3/23"
"Bienvenidos a Edén: Temporada 2: Segundas oportunidades","5/2/23"
"Bienvenidos a Edén: Temporada 2: Comité","5/2/23"
"Bienvenidos a Edén: Temporada 2: Azul","5/2/23"
"Bienvenidos a Edén: Temporada 2: Infierno","5/2/23"
"Bienvenidos a Edén: Temporada 1: El viaje de vuelta","5/2/23"
"Bienvenidos a Edén: Temporada 1: Lilith","5/2/23"
"Bienvenidos a Edén: Temporada 1: Rebelión","5/2/23"
"Bienvenidos a Edén: Temporada 1: Tormenta","5/2/23"
"Bienvenidos a Edén: Temporada 1: La otra orilla","5/2/23"
"Bienvenidos a Edén: Temporada 1: Fiesta de despedida","5/2/23"
"Bienvenidos a Edén: Temporada 1: Evaluación","5/2/23"
"Bienvenidos a Edén: Temporada 1: El viaje de tu vida","5/2/23"
"Con la soga al cuello","5/1/23"
"Toc toc: Una comedia obsesivamente divertida","4/29/23"
"Sweet Tooth: Temporada 2: La balada de los últimos hombres","4/29/23"
"Sweet Tooth: Temporada 2: Te encontraré","4/28/23"
"Sweet Tooth: Temporada 2: Cómo empezó, cómo sigue","4/28/23"
"Sweet Tooth: Temporada 2: Lo que hay que hacer","4/28/23"
"Sweet Tooth: Temporada 2: Hombre malo","4/28/23"
"Sweet Tooth: Temporada 2: ¿El huevo o la gallina?","4/28/23"
"Sweet Tooth: Temporada 2: Dentro del bosque","4/27/23"
"Sweet Tooth: Temporada 2: En cautiverio","4/27/23"
"Power Rangers: Ayer, hoy y siempre","4/27/23"
"Time Trap","4/26/23"
"Déjalo ir","4/26/23"
"La firma: La gran final","4/18/23"
"La firma: Baila conmigo","4/18/23"
"Hambre","4/15/23"
"Armados y peligrosos","4/15/23"
"La firma: Cruzando fronteras","4/14/23"
"La firma: Colaboraciones","4/14/23"
"Aprendiendo a vivir: Temporada 1: Perra del mapa","4/13/23"
"La firma: Esto es lo que soy","4/13/23"
"La firma: Representa tus raíces","4/13/23"
"La firma: No es otra canción de amor","4/13/23"
"Día del atentado","4/10/23"
"Next in Fashion: Temporada 2: Ropa usada","4/10/23"
"Next in Fashion: Temporada 2: Viste la Tierra","4/9/23"
"Next in Fashion: Temporada 2: La realeza","4/9/23"
"El hijo de Chucky","4/9/23"
"Parque Jurásico","4/9/23"
"Chernóbil: La película","4/9/23"
"Barreras","4/9/23"
"Red Rose: Miniserie: Chivo expiatorio","4/9/23"
"Sexo/Vida: Temporada 1: Las esposas están en Connecticut","4/9/23"
"Keeping Up with the Kardashians: Temporada 12: Episodio 1","4/9/23"
"¿De quién huimos, mamá?: Miniserie: Episodio 7","4/9/23"
"¿De quién huimos, mamá?: Miniserie: Episodio 6","4/9/23"
"¿De quién huimos, mamá?: Miniserie: Episodio 5","4/9/23"
"¿De quién huimos, mamá?: Miniserie: Episodio 4","4/9/23"
"El duende maldito regresa","4/8/23"
"Bronca: Temporada 1: Los pájaros no cantan, sino que gritan de dolor","4/8/23"
"Batalla de cocina fácil: Un concurso con sabor casero: Inspirados en las vacaciones","4/7/23"
"Batalla de cocina fácil: Un concurso con sabor casero: Desayuno rápido para deslumbrar","4/7/23"
"Batalla de cocina fácil: Un concurso con sabor casero: Fiestas de cocina fácil","4/7/23"
"El asesino mediático: Episodio 1","4/5/23"
"Pablo Escobar, el patrón del mal: Episode 2","4/1/23"
"Invisible: Temporada 1: Episodio 1","4/1/23"
"Pablo Escobar, el patrón del mal: Episode 1","4/1/23"
"Misterio a la vista","4/1/23"
"Emergencia en el aire","3/29/23"
"Soy Georgina: Temporada 2: El futuro es ahora","3/29/23"
"Soy Georgina: Temporada 2: Sueños cumplidos","3/29/23"
"Soy Georgina: Temporada 2: La decisión de Gio","3/29/23"
"Soy Georgina: Temporada 2: Una para todas y toda para una","3/29/23"
"Soy Georgina: Temporada 2: La vida sigue","3/28/23"
"Soy Georgina: Temporada 2: Nada es perfecto","3/28/23"
"El amor es ciego: T4: Seattle: ¡Bienvenidos a las cápsulas!","3/28/23"
"Iron Chef: Brasil: Una batalla dulce","3/27/23"
"Iron Chef: Brasil: De Norte a Sur","3/27/23"
"Iron Chef: Brasil: Sabores, historias y lágrimas","3/27/23"
"¿De quién huimos, mamá?: Miniserie: Episodio 3","3/26/23"
"¿De quién huimos, mamá?: Miniserie: Episodio 2","3/25/23"
"¿De quién huimos, mamá?: Miniserie: Episodio 1","3/25/23"
"Batalla de cocina fácil: Un concurso con sabor casero: Los niños no son fáciles","3/23/23"
"Batalla de cocina fácil: Un concurso con sabor casero: Sin tiempo para cenar","3/23/23"
"Batalla de cocina fácil: Un concurso con sabor casero: Bocadillo de medianoche","3/23/23"
"El Reino: Temporada 1: Bastardos","3/23/23"
"Dance 100: Episodio 1","3/19/23"
"El rey de las sombras","3/19/23"
"La calle del terror (Parte 2): 1978","3/19/23"
"Snack vs. chef: La final","3/18/23"
"Snack vs. chef: Lay's","3/17/23"
"Snack vs. chef: HoHos","3/17/23"
"Snack vs. chef: Gushers","3/17/23"
"Snack vs. chef: Oreo","3/17/23"
"Snack vs. chef: KitKat","3/17/23"
"El caso Fourniret: Monique Olivier, instrumento del mal: Miniserie: La guardiana de los secretos","3/17/23"
"El caso Fourniret: Monique Olivier, instrumento del mal: Miniserie: La genio malvada","3/17/23"
"El caso Fourniret: Monique Olivier, instrumento del mal: Miniserie: Los ogros de Ardenas","3/17/23"
"El caso Fourniret: Monique Olivier, instrumento del mal: Miniserie: El pacto diabólico","3/17/23"
"El caso Fourniret: Monique Olivier, instrumento del mal: Miniserie: La esposa del monstruo","3/17/23"
"MH370: El avión que desapareció: Miniserie: La intercepción","3/15/23"
"MH370: El avión que desapareció: Miniserie: El secuestro","3/15/23"
"MH370: El avión que desapareció: Miniserie: El piloto","3/15/23"
"Luther: Cae la noche","3/15/23"
"Eres tú","3/14/23"
"Legión de ángeles","3/11/23"
"Slasher: Los culpables: Noche de caza","3/11/23"
"Slasher: Los culpables: San Sebastián","3/11/23"
"Slasher: Los culpables: Entre el bien y el mal","3/11/23"
"Slasher: Los culpables: Bajo tierra","3/11/23"
"Bad Boys para siempre","3/8/23"
"La cosa de otro mundo","3/6/23"
"El menú de los millonarios: Temporada 2: Rápida informal: The Duck Truck, BBQ Dreamz y Jah Jyot","3/5/23"
"Silencio","3/5/23"
"El mundo mágico de Terabithia","3/5/23"
"La maldición renace","3/4/23"
"La desaparición de Madeleine McCann: Miniserie: Pacto de silencio","3/1/23"
"La desaparición de Madeleine McCann: Miniserie: Persona de interés","3/1/23"
"La desaparición de Madeleine McCann: Miniserie: La verdad oculta","3/1/23"
"Los extraños","3/1/23"
"División Palermo: Temporada 1: Casi héroes","2/27/23"
"División Palermo: Temporada 1: Noche de la electrónica","2/27/23"
"División Palermo: Temporada 1: Amistades peligrosas","2/26/23"
"División Palermo: Temporada 1: Los escalones están en tu mente","2/26/23"
"División Palermo: Temporada 1: Un match","2/26/23"
"Tenemos un fantasma","2/24/23"
"Dubai Bling: Temporada 1: Casados","2/24/23"
"División Palermo: Temporada 1: Fin de semana verde","2/24/23"
"Dubai Bling: Temporada 1: ¿Demasiado tarde?","2/23/23"
"Dubai Bling: Temporada 1: A navegar","2/23/23"
"Dubai Bling: Temporada 1: Bomba de tiempo","2/23/23"
"Dubai Bling: Temporada 1: Temporada de amor","2/23/23"
"Dubai Bling: Temporada 1: Círculo cerrado","2/23/23"
"Venganza","2/22/23"
"The Walking Dead: Temporada 8: Aún debe significar algo","2/22/23"
"Dubai Bling: Temporada 1: Rumores","2/21/23"
"Dubai Bling: Temporada 1: Esto es Dubái","2/21/23"
"12 horas para sobrevivir: El año de la elección","2/20/23"
"División Palermo: Temporada 1: Bienvenido a la selva","2/20/23"
"División Palermo: Temporada 1: Guardia urbana","2/20/23"
"Red Rose: Miniserie: El jardín","2/18/23"
"Red Rose: Miniserie: Es tétrico en el norte","2/18/23"
"Una chica en apuros","2/14/23"
"Tu casa o la mía","2/13/23"
"Pinocho de Guillermo del Toro","2/12/23"
"The Crown: Temporada 5: Retirada","2/12/23"
"El viaje","2/11/23"
"Peter Pan","2/9/23"
"The Crown: Temporada 5: Pareja 31","2/6/23"
"Pamela Anderson: Una historia de amor","2/6/23"
"Lobo vikingo","2/6/23"
"Sin novedad en el frente","2/6/23"
"Huracán: Categoría 5","2/4/23"
"Ustedes","2/1/23"
"Tierra de nadie: Sicario","1/31/23"
"Proyecto Power","1/30/23"
"Trolls","1/29/23"
"Habilidad física: 100: Temporada 1: Si lo pierdes, pierdes","1/29/23"
"Perro perdido","1/29/23"
"La chica de nieve: 1. La chica de nieve: Episodio 3","1/28/23"
"La chica de nieve: 1. La chica de nieve: Episodio 2","1/28/23"
"La chica de nieve: 1. La chica de nieve: Episodio 1","1/28/23"
" ","1/28/23"
"Habilidad física: 100: Temporada 1: El orden jerárquico","1/28/23"
"The Crown: Temporada 5: Pólvora","1/23/23"
"Merlina: Temporada 1: Una sombría noche de baile","1/23/23"
"Guerra Mundial Z","1/21/23"
"Planeta furioso: Huracán","1/20/23"
"Escuadrón 6","1/20/23"
"Break Point: Temporada 1: El rey de la arcilla","1/20/23"
"Break Point: Temporada 1: Grandes esperanzas","1/20/23"
"Escuadrón pastelero: Temporada 2: Bar mitzvá","1/20/23"
"Van Helsing: Temporada 5: Novissima solis","1/20/23"
"Break Point: Temporada 1: Sueños de California","1/19/23"
"El ejército de los muertos","1/19/23"
"Van Helsing: Temporada 5: Las voces","1/19/23"
"Break Point: Temporada 1: Toma la corona","1/19/23"
"Van Helsing: Temporada 5: Madre encubierta","1/17/23"
"Van Helsing: Temporada 5: E pluribus unum","1/17/23"
"Break Point: Temporada 1: Inconformista","1/17/23"
"Cuece lo que cuece: Inspiración asiática","1/17/23"
"Van Helsing: Temporada 5: La puerta","1/16/23"
"Van Helsing: Temporada 5: Un problema profundo","1/16/23"
"Van Helsing: Temporada 5: Destrozo en el cementerio","1/16/23"
"Si yo tuviera 30","1/16/23"
"Sky Rojo: Temporada 3: Oro, incienso y plomo","1/15/23"
"Sky Rojo: Temporada 3: Desamparo y hockey sobre hielo","1/15/23"
"Sky Rojo: Temporada 3: Emboscar al embrión","1/14/23"
"Sky Rojo: Temporada 3: Jesucristo tenía razón","1/14/23"
"Sky Rojo: Temporada 3: Gasoil, salitre y pólvora","1/14/23"
"Sky Rojo: Temporada 3: El gato de la suerte","1/14/23"
"Sky Rojo: Temporada 3: La raya que nos separa","1/14/23"
"Sky Rojo: Temporada 3: Entrar al cielo por la puerta de atrás","1/14/23"
"The Crown: Temporada 5: Entre dos realidades","1/13/23"
"Van Helsing: Temporada 5: Carpe noctis","1/13/23"
"Cocina a presión: Deja tu ego en la puerta","1/12/23"
"Traficantes por error","1/11/23"
"El mochilero del hacha","1/11/23"
"Van Helsing: Temporada 5: Caza de hermanas","1/10/23"
"Van Helsing: Temporada 5: Estado de la Unión","1/10/23"
"Van Helsing: Temporada 5: Lumina intunecata","1/9/23"
"Van Helsing: Temporada 5: Viejas amistades","1/9/23"
"Sugar Rush: Extradulce: Desayuno, almuerzo y cena","1/7/23"
"Malnazidos","1/7/23"
"Van Helsing: Temporada 5: Tiempo pasado","1/6/23"
"Sean eternos: Campeones de América: A todo o nada","1/6/23"
"Jumanji: El siguiente nivel","1/6/23"
"Sean eternos: Campeones de América: Un equipo, un líder","1/6/23"
"Vengeance","1/5/23"
"The Crown: Temporada 5: La casa Ipatiev","1/5/23"
"Sean eternos: Campeones de América: Cuentas pendientes","1/5/23"
"Granizo","1/4/23"
"Caleidoscopio: Miniserie: Violeta (Veinticuatro años antes del robo)","1/3/23"
"La gran inundación: Episodio 5","1/3/23"
"Caleidoscopio: Miniserie: Naranja (Tres semanas antes del robo)","1/3/23"
"Caleidoscopio: Miniserie: Azul (Cinco días antes del robo)","1/3/23"
"Caleidoscopio: Miniserie: Verde (Siete años antes del robo)","1/2/23"
"Caleidoscopio: Miniserie: Amarillo (Seis semanas antes del robo)","1/2/23"
"Caleidoscopio: Miniserie: Negro","1/2/23"
"Hereditary","12/30/22"
"Serpiente de cascabel","12/29/22"
"El privilegio","12/29/22"
"Sugar Rush: Delicias navideñas: Temporada 2: Decoración festiva","12/28/22"
"Sugar Rush: Delicias navideñas: Temporada 2: Villancicos","12/28/22"
"La Serpiente: Miniserie: Episodio 1","12/28/22"
"The Crown: Temporada 5: El camino a seguir","12/26/22"
"Glass Onion: Un misterio de Knives Out","12/26/22"
"Estado mental","12/24/22"
"Esperando la carroza","12/23/22"
"La flor más bella: Octágono amoroso","12/23/22"
"La flor más bella: La primera vez","12/23/22"
"La flor más bella: Al fin del mundo","12/23/22"
"La flor más bella: Hipocondría","12/23/22"
"La flor más bella: Código P","12/23/22"
"Alice in Borderland: Temporada 1: Episodio 2","12/23/22"
"Alice in Borderland: Temporada 1: Episodio 1","12/23/22"
"El volcán: Rescate en Whakaari","12/20/22"
"HECHIZO VUDÚ","12/20/22"
"Los 4 grandes","12/19/22"
"No atiendas esa llamada: Miniserie: Episodio 1","12/19/22"
"Destino: La saga Winx: Temporada 1: Aquí no hay extraños","12/16/22"
"Destino: La saga Winx: Temporada 1: Con un hada, de la mano","12/16/22"
"La flor más bella: Amiga, date cuenta","12/15/22"
"La flor más bella: Una protagonista como yo","12/15/22"
"La flor más bella: La nueva","12/15/22"
"La flor más bella: Nací lista","12/15/22"
"La flor más bella: La fuente","12/15/22"
"The Crown: Temporada 5: Annus Horribilis","12/14/22"
"Cráneo febril: Galanthus byzantinus","12/13/22"
"Soy Georgina: Temporada 1: Mudanza, proyectos y buenas noticias","12/11/22"
"Soy Georgina: Temporada 1: Volver, lo que fui es lo que soy","12/11/22"
"Soy Georgina: Temporada 1: Fútbol, vacaciones y el sexo del bebé","12/11/22"
"Soy Georgina: Temporada 1: Familia, viajes y trabajo","12/10/22"
"Soy Georgina: Temporada 1: Si cierras los ojos, te pierdes un plan","12/10/22"
"Soy Georgina: Temporada 1: El día que cambió mi vida","12/10/22"
"Me llamo Venganza","12/10/22"
"Smiley: The Red Thread","12/10/22"
"Smiley: Five Minutes Before the Countdown","12/10/22"
"Smiley: One Degree of Separation","12/10/22"
"Matrimillas","12/10/22"
"Smiley: All Hearts Come Home for Christmas","12/10/22"
"Smiley: Begin the Beguine","12/10/22"
"Smiley: Bringing Up Baby","12/10/22"
"Smiley: Icarus's Wings","12/10/22"
"Smiley: When Alex Met Bruno","12/10/22"
"The Crown: Temporada 5: Mou Mou","12/8/22"
"Noches de encanto","12/7/22"
"Merlina: Temporada 1: Amistad, sombrío tesoro","12/5/22"
"Merlina: Temporada 1: El sombrío encanto de la soledad","12/5/22"
"El amante de lady Chatterley","12/5/22"
"Snack vs. chef: Pringles","12/5/22"
"Snack vs. chef: Flamin' Hot Cheetos","12/5/22"
"Queer Eye: Temporada 5: Sin espinas","12/4/22"
"Élite: Temporada 1: Bienvenidos","12/4/22"
"Élite: Temporada 6: Máscaras","12/4/22"
"Élite: Temporada 6: Tina","12/4/22"
"Élite: Temporada 6: Duelo","12/4/22"
"Élite: Temporada 6: Guerra","12/3/22"
"Élite: Temporada 6: Desnudos","12/3/22"
"Élite: Temporada 6: Selfis","12/3/22"
"Élite: Temporada 6: Ansiedad","12/2/22"
"Élite: Temporada 5: Tu lado del mundo y el mío","12/2/22"
"Élite: Temporada 5: Tóxicos","12/2/22"
"Élite: Temporada 5: No puedes comprar mi amor","12/2/22"
"The Crown: Temporada 5: El sistema","12/2/22"
"Élite: Temporada 5: Por favor, di la verdad","12/1/22"
"Élite: Temporada 5: El cuerpo","12/1/22"
"Élite: Temporada 5: Átame","12/1/22"
"Élite: Temporada 5: Todo vale","12/1/22"
"Élite: Temporada 5: Yo lo maté","12/1/22"
"Élite: Temporada 4: Antes de irme (2ª parte)","12/1/22"
"Élite: Temporada 4: Antes de irme (1ª parte)","11/30/22"
"Élite: Temporada 4: Te quiero mal","11/30/22"
"Élite: Temporada 4: La reinserción","11/30/22"
"Élite: Temporada 4: Soy una...","11/30/22"
"Élite: Temporada 4: Cuando bailan las mentiras con las tentaciones","11/30/22"
"Élite: Temporada 4: 5 segundos","11/29/22"
"Élite: Temporada 4: El nuevo orden","11/29/22"
"Élite: Temporada 3: Polo","11/29/22"
"El chico que salvó la Navidad","11/29/22"
"Élite: Temporada 3: Nadia y Omar","11/28/22"
"Élite: Temporada 3: Rebeka","11/28/22"
"Élite: Temporada 3: Ander","11/27/22"
"Élite: Temporada 3: Lu","11/27/22"
"Black Summer: Temporada 2: Juego de cartas","11/26/22"
"Black Summer: Temporada 2: Preludio","11/26/22"
"Black Summer: Temporada 2: El frío","11/26/22"
"Black Summer: Temporada 1: El estadio","11/26/22"
"Black Summer: Temporada 1: El túnel","11/26/22"
"Black Summer: Temporada 1: Atraco","11/26/22"
"Black Summer: Temporada 1: Cafetería","11/26/22"
"Arenas movedizas: Miniserie: Los testigos","11/26/22"
"Arenas movedizas: Miniserie: El juicio","11/26/22"
"Arenas movedizas: Miniserie: La reconstrucción","11/25/22"
"Arenas movedizas: Miniserie: El funeral","11/25/22"
"Black Summer: Temporada 1: Solo","11/25/22"
"Black Summer: Temporada 1: Cursos de verano","11/25/22"
"Black Summer: Temporada 1: Conduce","11/25/22"
"Hasta que la plata nos separe: Episodio 1","11/24/22"
"Élite: Temporada 3: Cayetana y Valerio","11/24/22"
"Élite: Temporada 3: Samuel y Guzmán","11/24/22"
"Élite: Temporada 3: Carla","11/24/22"
"Tortugas Ninja 2: Fuera de las sombras","11/23/22"
"Un loco fin de semana","11/23/22"
"Élite: Temporada 2: 0 horas desaparecido","11/22/22"
"Élite: Temporada 2: 84 horas desaparecido","11/22/22"
"Élite: Temporada 2: 66 horas desaparecido","11/22/22"
"Élite: Temporada 2: 63 horas desaparecido","11/22/22"
"Élite: Temporada 2: 59 horas desaparecido","11/22/22"
"Élite: Temporada 2: 36 horas desaparecido","11/22/22"
"Élite: Temporada 2: 34 horas desaparecido","11/21/22"
"Yo soy Vanessa Guillén","11/21/22"
"The Crown: Temporada 5: El síndrome de la reina Victoria","11/21/22"
"Élite: Temporada 2: 20 horas desaparecido","11/21/22"
"Élite: Temporada 1: Assilah","11/21/22"
"Élite: Temporada 1: Todo estalla","11/21/22"
"Élite: Temporada 1: Todo va a salir bien","11/21/22"
"Élite: Temporada 1: Todos mienten","11/20/22"
"Élite: Temporada 1: El amor es una droga","11/20/22"
"Élite: Temporada 1: Sábado noche","11/20/22"
"Élite: Temporada 1: Deseo","11/20/22"
"El País de los Sueños","11/19/22"
"The Walking Dead: Temporada 8: No nos lleven por el mal camino","11/16/22"
"Sagrada familia: Temporada 1: Cuatro cuerpos","11/16/22"
"Sagrada familia: Temporada 1: Soy Gloria Román","11/16/22"
"Sagrada familia: Temporada 1: Una grieta","11/16/22"
"La hija del lobo","11/16/22"
"Corre","11/14/22"
"El topo: Temporada 1: El topo de la montaña","11/12/22"
"El topo: Temporada 1: Detector humano de mentiras","11/12/22"
"El topo: Temporada 1: Robo al banco","11/12/22"
"El topo: Temporada 1: El conocimiento es poder","11/12/22"
"El topo: Temporada 1: Prisioneros","11/12/22"
"La familia Claus 2","11/12/22"
"Navidad de golpe","11/11/22"
"La captura del enfermero asesino","11/11/22"
"DAHMER: Monstruo: La historia de Jeffrey Dahmer: Dios de perdón, Dios de venganza","11/11/22"
"Premonición","11/10/22"
"DAHMER: Monstruo: La historia de Jeffrey Dahmer: El cuco","11/10/22"
"El topo: Temporada 1: ¿Eres el topo?","11/8/22"
"Quién mató a W","11/8/22"
"Enola Holmes 2","11/8/22"
"DAHMER: Monstruo: La historia de Jeffrey Dahmer: Lionel","11/8/22"
"DAHMER: Monstruo: La historia de Jeffrey Dahmer: La caja de un buen muchacho","11/8/22"
"Enola Holmes","11/6/22"
"DAHMER: Monstruo: La historia de Jeffrey Dahmer: Hacer un Dahmer","11/6/22"
"DAHMER: Monstruo: La historia de Jeffrey Dahmer: Por favor, no te vayas","11/6/22"
"DAHMER: Monstruo: La historia de Jeffrey Dahmer: Episodio uno","11/6/22"
"La toma del poder","11/4/22"
"Yo acoso: Una familia acosada","11/2/22"
"Yo acoso: Una última oportunidad","11/2/22"
"Yo acoso: Patrón de comportamiento","11/2/22"
"El lado oscuro: El hijo bastardo y el mismísimo diablo: Episodio 3","10/31/22"
"El lado oscuro: El hijo bastardo y el mismísimo diablo: Episodio 2","10/31/22"
"El lado oscuro: El hijo bastardo y el mismísimo diablo: Episodio 1","10/31/22"
"Clemencia","10/30/22"
"El abismo del infierno","10/29/22"
"Sextillizos","10/29/22"
"Planeta furioso: Terremoto","10/28/22"
"Planeta furioso: Volcán","10/28/22"
"Planeta furioso: Tornado","10/28/22"
"El Ángel de la Muerte","10/28/22"
"Soy un asesino: Temporada 3: Una cuestión de lealtad","10/27/22"
"Peaky Blinders: Temporada 3: Episodio 5","10/26/22"
"Sombra y hueso: Temporada 1: Un destello de luz cegadora","10/26/22"
"DAHMER: Monstruo: La historia de Jeffrey Dahmer: Casandra","10/25/22"
"Belascoarán: No habrá final feliz","10/24/22"
"Belascoarán: Cosa fácil","10/24/22"
"Belascoarán: Días de combate","10/24/22"
"El extraño","10/23/22"
"28 días paranormales: ¡Sal!","10/23/22"
"28 días paranormales: Día uno","10/23/22"
"DAHMER: Monstruo: La historia de Jeffrey Dahmer: Silenciado","10/23/22"
"DAHMER: Monstruo: La historia de Jeffrey Dahmer: Sangre en sus manos","10/23/22"
"Amnésico","10/22/22"
"La Escuela del Bien y del Mal","10/20/22"
"Fuera de la ley","10/20/22"
"Miedo profundo","10/19/22"
"Misterios sin resolver: Volumen 3: Algo en el cielo","10/19/22"
"Misterios sin resolver: Volumen 3: Misterio en el km 45","10/19/22"
"Impacto profundo","10/19/22"
"Todos quieren salvarse: Temporada 1: Lunes","10/18/22"
"Todos quieren salvarse: Temporada 1: Domingo","10/18/22"
"Ángeles de Charlie","10/17/22"
"Minions y sus amigos: Volumen 1","10/16/22"
"Territorio salvaje: Hundirse o nadar","10/15/22"
"Territorio salvaje: Atrápame si puedes","10/15/22"
"Territorio salvaje: Un bote más grande","10/15/22"
"La maldición de Bridge Hollow","10/15/22"
"Running with the Devil","10/15/22"
"La gran inundación: Episodio 4","10/14/22"
"La gran inundación: Episodio 3","10/14/22"
"La gran inundación: Episodio 2","10/12/22"
"La gran inundación: Episodio 1","10/12/22"
"Las locuras de Dick y Jane","10/10/22"
"Réplicas: El terremoto en el Everest y Nepal: Miniserie: Escape","10/9/22"
"Réplicas: El terremoto en el Everest y Nepal: Miniserie: Sin salida","10/9/22"
"Réplicas: El terremoto en el Everest y Nepal: Miniserie: Lugar y momento equivocados","10/9/22"
"Los ancianos","10/9/22"
"Invasión Zombie","10/9/22"
"Togo","10/9/22"
"Conversaciones con asesinos: Las cintas de Jeffrey Dahmer: ¿Malvado o demente?","10/8/22"
"Conversaciones con asesinos: Las cintas de Jeffrey Dahmer: Simpatía por el diablo","10/8/22"
"Conversaciones con asesinos: Las cintas de Jeffrey Dahmer: ¿Puedo tomarte una foto?","10/8/22"
"Luce","10/8/22"
"El teléfono del señor Harrigan","10/6/22"
"Jenni Rivera: Mariposa de Barrio, la serie: Custodia en un hilo","10/6/22"
"Jenni Rivera: Mariposa de Barrio, la serie: Sobredosis","10/5/22"
"Jenni Rivera: Mariposa de Barrio, la serie: El sueño de Jenni","10/5/22"
"Nailed It!: Temporada 7: The Umbrella Academy","10/5/22"
"Nailed It!: Temporada 7: The Witcher","10/5/22"
"Nailed It!: Temporada 7: Cobra Kai","10/5/22"
"Un jazzista en clave de blues","10/3/22"
"Crimen a contrarreloj","10/3/22"
"Inside the World’s Toughest Prisons: Temporada 6: Bosnia: La prisión de la mafia","10/2/22"
"Inside the World’s Toughest Prisons: Temporada 6: Chipre: La prisión utópica","10/2/22"
"Inside the World’s Toughest Prisons: Temporada 6: Moldavia: La prisión de la cadena perpetua","10/2/22"
"La cacería","10/2/22"
"Queer Eye: Temporada 5: A disfrutar se ha dicho","9/30/22"
"Queer Eye: Temporada 5: Sigue tu propio ritmo, Ryan","9/30/22"
"Queer Eye: Temporada 5: Ansiedad por salvar el mundo","9/30/22"
"Queer Eye: Temporada 5: Reconciliarse con el pasado","9/30/22"
"Queer Eye: Temporada 5: Perdóname, padre, pero no he pecado","9/30/22"
"Queer Eye: Temporada 3: Se acabó la pereza","9/30/22"
"El hombre invisible","9/30/22"
"Queer Eye: We're in Japan!: Sexi otra vez","9/29/22"
"Queer Eye: We're in Japan!: La mujer ideal","9/29/22"
"Queer Eye: We're in Japan!: Crazy in Love","9/29/22"
"Queer Eye: We're in Japan!: La japonesa que quería vivir","9/29/22"
"Conversaciones con asesinos: Las cintas de John Wayne Gacy: Suficientemente cuerdo","9/28/22"
"Conversaciones con asesinos: Las cintas de John Wayne Gacy: Un secreto bien guardado","9/28/22"
"Conversaciones con asesinos: Las cintas de John Wayne Gacy: El alma de la fiesta","9/28/22"
"Chicas entre rejas: Temporada 2: Haz lo que digo, no lo que yo hago","9/28/22"
"Chicas entre rejas: Temporada 2: Graduadas","9/28/22"
"Chicas entre rejas: Temporada 2: Las chicas de LaPorte","9/27/22"
"Los pecados de nuestra madre: Miniserie: Espíritus oscuros","9/26/22"
"Los pecados de nuestra madre: Miniserie: Los 144 000","9/26/22"
"Pokémon: Las crónicas de Arceus","9/26/22"
"Rescate en una cueva de Tailandia: Miniserie: Moo Pa","9/26/22"
"Rescate en una cueva de Tailandia: Miniserie: La parábola de Kisa Gotami","9/26/22"
"Bling Ring: La verdadera historia de los robos en Hollywood: Miniserie: Fama y mala fortuna","9/25/22"
"Bling Ring: La verdadera historia de los robos en Hollywood: Miniserie: Fama, fortuna y delito","9/25/22"
"Bling Ring: La verdadera historia de los robos en Hollywood: Miniserie: El juego de la fama","9/25/22"
"Lou","9/24/22"
"Dinastía: Temporada 1: Casi no te reconocí","9/24/22"
"Peaky Blinders: Temporada 3: Episodio 4","9/24/22"
"Peaky Blinders: Temporada 3: Episodio 3","9/24/22"
"Rescate en una cueva de Tailandia: Miniserie: El baht de la suerte","9/24/22"
"Rescate en una cueva de Tailandia: Miniserie: El cáliz de la princesa","9/24/22"
"Rescate en una cueva de Tailandia: Miniserie: Para no ofender a los dioses","9/23/22"
"Rescate en una cueva de Tailandia: Miniserie: La leyenda de Tham Luang","9/23/22"
"Queer Eye: Temporada 5: El padre de la novia","9/23/22"
"Yo era famoso","9/22/22"
"Queer Eye: Temporada 5: Ladran por ahí...","9/21/22"
"Queer Eye: Temporada 6: La inspiración perdida","9/21/22"
"Revancha ya","9/21/22"
"Dolittle","9/20/22"
"Queer Eye: Temporada 6: Una leyenda de la panadería","9/20/22"
"Queer Eye: Temporada 6: Dame un refugio","9/20/22"
"Stranger Things: Stranger Things 4: Capítulo ocho: Papá","9/20/22"
"Stranger Things: Stranger Things 4: Capítulo siete: Masacre en el laboratorio Hawkins","9/20/22"
"Queer Eye: Temporada 6: La Blancanieves de Texas","9/16/22"
"Queer Eye: Temporada 6: Aliada comunitaria","9/16/22"
"Queer Eye: Temporada 6: Papá cangrejo","9/16/22"
"HollyBlood","9/15/22"
"La casa de cristal","9/14/22"
"Inseparables","9/14/22"
"Queer Eye: Temporada 6: Una noche para recordar","9/14/22"
"Queer Eye: Temporada 6: Al toro por las astas","9/14/22"
"Queer Eye: Temporada 6: Angel gana sus alas","9/14/22"
"Maniac: Miniserie: Problemas estructurales","9/13/22"
"Vecinos","9/12/22"
"Peaky Blinders: Temporada 3: Episodio 2","9/12/22"
"Final del camino","9/11/22"
"KM 31: Kilómetro 31","9/10/22"
"Los Imperfectos: Curar todo","9/8/22"
"Los Imperfectos: No te conviertas en monstruo","9/8/22"
"Los Imperfectos: Zoe debe morir","9/8/22"
"Los Imperfectos: Uno de nosotros","9/8/22"
"Los Imperfectos: La masacre de Portland","9/8/22"
"Los Imperfectos: El amanecer del muerto Doug","9/8/22"
"Los Imperfectos: Los niños de Sarkov","9/8/22"
"El diablo en Ohio: Miniserie: Santuario","9/8/22"
"El diablo en Ohio: Miniserie: La caída","9/7/22"
"Diario de un gigoló: Episodio 1","9/7/22"
"El asesino de Craigslist","9/6/22"
"Bob Esponja: Temporada 9: El librito amarillo / Parachoques con parachoques","9/3/22"
"Bob Esponja: Temporada 9: Licencia de malteadas / Bebé Calamardo","9/3/22"
"Bob Esponja: Temporada 9: ¡Patricio-man! / El nuevo juguete de Gary","9/3/22"
"Bob Esponja: Temporada 9: Manchas extremas / Récord de ardilla","9/3/22"
"Desechos y esperanza","9/2/22"
"Yo estuve aquí","9/2/22"
"Fragmentado","8/30/22"
"Tiempo para mí","8/27/22"
"No me conocen: Episodio 4","8/26/22"
"No me conocen: Episodio 3","8/25/22"
"No me conocen: Episodio 2","8/25/22"
"No me conocen: Episodio 1","8/25/22"
"Ecos: Miniserie: Cascada","8/24/22"
"Ecos: Miniserie: Incendio","8/24/22"
"Ecos: Miniserie: Gina","8/24/22"
"Ecos: Miniserie: Cuerpo","8/24/22"
"Ecos: Miniserie: Fiesta","8/24/22"
"Ecos: Miniserie: Cumpleaños","8/24/22"
"Peaky Blinders: Temporada 3: Episodio 1","8/23/22"
"Sandman: Temporada 1: El sueño de los justos","8/23/22"
"Rebelde: Temporada 2: Ser o Parecer","8/23/22"
"Rebelde: Temporada 2: Back to School","8/23/22"
"Ecos: Miniserie: Casa","8/23/22"
"Misa de medianoche: Miniserie: Libro I: Génesis","8/23/22"
"Desparejado: Capítulo 8","8/23/22"
"Desparejado: Capítulo 7","8/22/22"
"Desparejado: Capítulo 6","8/22/22"
"Desparejado: Capítulo 5","8/22/22"
"Desparejado: Capítulo 4","8/22/22"
"Desparejado: Capítulo 3","8/22/22"
"Desparejado: Capítulo 2","8/22/22"
"Desparejado: Capítulo 1","8/22/22"
"Bienvenido a Casa, Roscoe Jenkins","8/22/22"
"Yo nunca: Temporada 1: Piloto","8/22/22"
"Mis dos vidas","8/21/22"
"El panadero y la belleza: No siempre se pueden salir con la suya","8/21/22"
"El panadero y la belleza: ¿Me concedes este baile?","8/20/22"
"El panadero y la belleza: En problemas","8/20/22"
"El panadero y la belleza: Efectos secundarios","8/20/22"
"El panadero y la belleza: Se termina la luna de miel","8/19/22"
"El panadero y la belleza: Creo que está saliendo","8/19/22"
"Yo nunca: Temporada 3: ... hice realidad mi sueño","8/19/22"
"Yo nunca: Temporada 3: … tuve un novio indio","8/19/22"
"Yo nunca: Temporada 3: ... estuve sola con mi novio","8/19/22"
"Yo nunca: Temporada 3: ... hice trampa","8/19/22"
"Yo nunca: Temporada 3: ... sufrí un colapso","8/19/22"
"Acabo de matar a mi padre: Miniserie: El malvado Burt","8/19/22"
"Acabo de matar a mi padre: Miniserie: Encontré a mi hijo","8/19/22"
"Acabo de matar a mi padre: Miniserie: No soy un asesino","8/19/22"
"Peaky Blinders: Temporada 2: Episodio 6","8/19/22"
"Sobrevivir a la muerte: Miniserie: Experiencias cercanas a la muerte","8/18/22"
"Yo nunca: Temporada 3: ... esperé tanto un mensaje","8/18/22"
"Yo nunca: Temporada 3: ... le di celos a nadie","8/18/22"
"El panadero y la belleza: Dejarse llevar","8/18/22"
"El panadero y la belleza: Arruina mi vida","8/18/22"
"El panadero y la belleza: Piloto","8/18/22"
"El atrapasueños","8/17/22"
"Angry Birds 2: La película","8/17/22"
"El peso del amor: Miniserie: Episodio 1","8/17/22"
"Son como niños","8/16/22"
"Mi otra yo: Temporada 1: Episodio 8","8/16/22"
"Mi otra yo: Temporada 1: Episodio 7","8/16/22"
"Mi otra yo: Temporada 1: Episodio 6","8/16/22"
"Peaky Blinders: Temporada 2: Episodio 5","8/16/22"
"Turno de día","8/16/22"
"Mi otra yo: Temporada 1: Episodio 5","8/16/22"
"Mi otra yo: Temporada 1: Episodio 4","8/16/22"
"Mi otra yo: Temporada 1: Episodio 3","8/15/22"
"Yo nunca: Temporada 3: … festejé un San Valentín","8/13/22"
"Yo nunca: Temporada 3: ... tuve mi propio trol","8/13/22"
"School Tales: La serie: Las 7 a. m.","8/13/22"
"Los Ladrones: La verdadera historia del robo del siglo","8/12/22"
"Yo nunca: Temporada 3: ... fui acusada de ser una chica fácil","8/12/22"
"Pasión de Gavilanes: Temporada 2: Miedo a perderla","8/11/22"
"Pasión de Gavilanes: Temporada 2: Una prueba contundente","8/11/22"
"Pasión de Gavilanes: Temporada 2: Al tope de la ansiedad","8/11/22"
"Pasión de Gavilanes: Temporada 2: Revancha inminente","8/11/22"
"Pasión de Gavilanes: Temporada 2: La zozobra","8/11/22"
"Manifiesto: Temporada 1: Navegación a ciegas","8/11/22"
"Manifiesto: Temporada 1: Punto sin retorno","8/11/22"
"Manifiesto: Temporada 1: Situación complicada","8/11/22"
"Woo, una abogada extraordinaria: El vestido de novia resbaladizo","8/10/22"
"Woo, una abogada extraordinaria: La extraordinaria abogada Woo","8/10/22"
"Manifiesto: Temporada 1: Fuera del radar","8/9/22"
"Manifiesto: Temporada 1: Vuelos de conexión","8/9/22"
"Pasión de Gavilanes: Temporada 2: Como la primera vez","8/9/22"
"Pasión de Gavilanes: Temporada 2: Obsesionada","8/7/22"
"Pasión de Gavilanes: Temporada 2: Expuestas al peligro","8/7/22"
"Pasión de Gavilanes: Temporada 2: Crisis de nervios","8/7/22"
"Pasión de Gavilanes: Temporada 2: Emociones a flor de piel","8/7/22"
"Pasión de Gavilanes: Temporada 2: Un impacto del destino","8/7/22"
"Pasión de Gavilanes: Temporada 2: Peligrosa curiosidad","8/7/22"
"La habitación","8/6/22"
"Pasión de Gavilanes: Temporada 2: El punto de la discordia","8/6/22"
"Pasión de Gavilanes: Temporada 2: Culpables o inocentes","8/6/22"
"Pasión de Gavilanes: Temporada 2: Encuentro explosivo","8/6/22"
"Pasión de Gavilanes: Temporada 2: Ataque a los Reyes","8/6/22"
"Pasión de Gavilanes: Temporada 2: Dónde está Adela","8/6/22"
"Pasión de Gavilanes: Temporada 2: Pasión encendida","8/6/22"
"Pasión de Gavilanes: Temporada 2: Víctima de la manipulación","8/6/22"
"Pasión de Gavilanes: Temporada 2: La tormenta del pasado","8/6/22"
"Pasión de Gavilanes: Temporada 2: Presentimiento","8/6/22"
"Las viudas de los jueves","8/4/22"
"Pasión de Gavilanes: Temporada 2: Ultimátum","8/3/22"
"Pasión de Gavilanes: Temporada 2: Un deseo en juego","8/3/22"
"Espontánea","8/3/22"
"Pasión de Gavilanes: Temporada 2: Amor en peligro","8/3/22"
"Pasión de Gavilanes: Temporada 2: Tras el enemigo","8/3/22"
"Pasión de Gavilanes: Temporada 2: Más allá de una amenaza","8/3/22"
"Pasión de Gavilanes: Temporada 1: Una noche en el desierto","8/3/22"
"Manifiesto: Temporada 1: Equipaje sin reclamar","8/3/22"
"Manifiesto: Temporada 1: Turbulencia","8/3/22"
"Manifiesto: Temporada 1: Reentrada","8/2/22"
"Manifiesto: Temporada 1: Piloto","8/2/22"
"Demasiado grande para cuentos de hadas","8/1/22"
"Street Food: EE. UU.: Miniserie: Oahu, Hawái","7/31/22"
"Street Food: EE. UU.: Miniserie: Nueva Orleans, Luisiana","7/31/22"
"Street Food: EE. UU.: Miniserie: Nueva York, Nueva York","7/31/22"
"Street Food: EE. UU.: Miniserie: Portland, Oregón","7/31/22"
"Street Food: EE. UU.: Miniserie: Los Ángeles, California","7/31/22"
"Pipa","7/30/22"
"Sigue respirando: Miniserie: Estás en casa","7/29/22"
"Sigue respirando: Miniserie: Despierta e inconsciente","7/29/22"
"Sigue respirando: Miniserie: Salidas","7/29/22"
"Sigue respirando: Miniserie: Jerarquía de las necesidades humanas","7/29/22"
"Sigue respirando: Miniserie: Fuego y agua","7/29/22"
"Sigue respirando: Miniserie: Llegadas","7/29/22"
"Peaky Blinders: Temporada 2: Episodio 4","7/25/22"
"El Hombre Gris","7/24/22"
"Escuadrón pastelero: Temporada 1: Una boda mágica","7/24/22"
"Escuadrón pastelero: Temporada 1: Ganarle al cáncer","7/24/22"
"Escuadrón pastelero: Temporada 1: Dulce fiesta picante","7/24/22"
"Asesinos de la India: El Carnicero de Deli: Miniserie: Fotos","7/24/22"
"Asesinos de la India: El Carnicero de Deli: Miniserie: Regalos","7/23/22"
"12 horas para sobrevivir","7/23/22"
"Live is Life","7/20/22"
"Clean","7/20/22"
"El asesino de mi hija","7/20/22"
"Peaky Blinders: Temporada 2: Episodio 3","7/18/22"
"Monstruo del mar","7/18/22"
"Alba: Capítulo 4","7/18/22"
"Alba: Capítulo 3","7/18/22"
"Alba: Capítulo 2","7/17/22"
"Alba: What is Alba's crime?","7/17/22"
"La niña de la foto","7/17/22"
"Maleficio","7/17/22"
"Una segunda oportunidad: ¡Rivales!","7/12/22"
"Barbie Life in the Dreamhouse: Fiesta de piscina perfecta/Atrapadas en el armario","7/11/22"
"Vamos por el campeonato","7/11/22"
"Maldad oculta","7/11/22"
"Full Out 2: ¡Tú puedes!","7/11/22"
"Una segunda oportunidad","7/11/22"
"Atleta A","7/11/22"
"La noche más larga: Episodio 5","7/11/22"
"La noche más larga: Episodio 4","7/11/22"
"La noche más larga: Episodio 3","7/11/22"
"La noche más larga: Episodio 2","7/11/22"
"La noche más larga: Episodio 1","7/11/22"
"Peaky Blinders: Temporada 1: Episodio 2","7/9/22"
"Peaky Blinders: Temporada 1: Episodio 1","7/8/22"
"Peaky Blinders: Temporada 2: Episodio 2","7/8/22"
"Barbie: Escuela de princesas","7/8/22"
"Barbie Dolphin Magic","7/7/22"
"Barbie Dreamhouse Adventures: Temporada 3: Virtualmente famosa","7/7/22"
"Mako Mermaids: An H2O Adventure: Temporada 1: Peces fuera del agua","7/7/22"
"H2O: Sirenas del mar: Efecto sirena","7/7/22"
"H2O: Sirenas del mar: Hundirte o ganar","7/7/22"
"H2O: Sirenas del mar: La cámara nunca miente","7/7/22"
"H2O: Sirenas del mar: Aguas peligrosas","7/7/22"
"H2O: Sirenas del mar: Asunto Denman","7/7/22"
"H2O: Sirenas del mar: Hechizo de luna","7/7/22"
"H2O: Sirenas del mar: Amor infantil","7/7/22"
"H2O: Sirenas del mar: Algo sospechoso","7/7/22"
"H2O: Sirenas del mar: Fiesta para chicas","7/7/22"
"H2O: Sirenas del mar: La captura del día","7/7/22"
"Control Z: Temporada 3: Has llegado a tu destino","7/7/22"
"Control Z: Temporada 3: ¿María?","7/7/22"
"Control Z: Temporada 3: ¿Creías que me iba a olvidar de ti?","7/7/22"
"Intimidad: Miniserie: La caída","7/7/22"
"Intimidad: Miniserie: Prosopagnosia","7/7/22"
"H2O: Sirenas del mar: Fiesta en la piscina","7/7/22"
"H2O: Sirenas del mar: Metamorfosis","7/6/22"
"Culto a Chucky","7/6/22"
"Criogenización: Vivir dos veces","7/6/22"
"Mi aterrizaje perfecto: Preparándose para la batalla","7/6/22"
"Mi aterrizaje perfecto: En familia","7/6/22"
"Mi aterrizaje perfecto: La apuesta de Sarah","7/6/22"
"Mi aterrizaje perfecto: Entrenamiento","7/6/22"
"Mi aterrizaje perfecto: Sin invitación","7/6/22"
"Mi aterrizaje perfecto: Una noche en el gimnasio","7/6/22"
"Kitz: Cuenta regresiva","7/6/22"
"Mi aterrizaje perfecto: Las eliminatorias","7/5/22"
"Mi aterrizaje perfecto: Cabeza a cabeza","7/5/22"
"Mi aterrizaje perfecto: Un plan bien detallado","7/5/22"
"Club de mamás: No todos los vecinos son buenos vecinos","7/5/22"
"The Umbrella Academy: Temporada 3: Oblivion","7/3/22"
"The Umbrella Academy: Temporada 3: Las siete campanas","7/3/22"
"The Umbrella Academy: Temporada 3: Una boda en el fin del mundo","7/3/22"
"The Umbrella Academy: Temporada 3: Auf Wiedersehen","7/3/22"
"Descenso: El caso contra Boeing","7/3/22"
"Reina: Episodio 4","7/2/22"
"Reina: Episodio 3","7/2/22"
"Reina: Episodio 2","7/2/22"
"Reina: Episodio 1","7/2/22"
"Peaky Blinders: Temporada 2: Episodio 1","7/1/22"
"Mi aterrizaje perfecto: Un día en el gimnasio","6/30/22"
"Mi aterrizaje perfecto: El día de la inauguración","6/30/22"
"Mi aterrizaje perfecto: Grandes cambios","6/30/22"
"The Umbrella Academy: Temporada 3: Marigold","6/30/22"
"Siente el ritmo","6/29/22"
"The Umbrella Academy: Temporada 3: El acto menos cruel","6/29/22"
"Secretos de las mascotas: Supersentidos","6/29/22"
"Secretos de las mascotas: Comunicación","6/29/22"
"Secretos de las mascotas: Inteligencia","6/29/22"
"The Umbrella Academy: Temporada 3: Kugelblitz","6/28/22"
"The Umbrella Academy: Temporada 3: Lleno de luz","6/28/22"
"The Umbrella Academy: Temporada 3: El ovillo más grande del mundo","6/28/22"
"El niño que domó el viento","6/27/22"
"The Umbrella Academy: Temporada 3: Les presento a su familia","6/27/22"
"Amor y gelato","6/27/22"
"Iron Chef: La Leyenda de Hierro: La batalla de la comida callejera","6/24/22"
"Raising the Bar","6/23/22"
"Nadie duerme en el bosque esta noche","6/23/22"
"La cabeza de la araña","6/23/22"
"La masacre de Texas","6/21/22"
"Intimidad: Miniserie: Posición / Exposición","6/21/22"
"Intimidad: Miniserie: Medio mortal","6/21/22"
"Stand Out: Una celebración LGBTQ+","6/21/22"
"Pray Away: La cruz dentro del clóset","6/20/22"
"Peaky Blinders: Temporada 1: Episodio 6","6/20/22"
"Sé dócil: Oración y obediencia: Miniserie: Parte 3","6/20/22"
"Sé dócil: Oración y obediencia: Miniserie: Parte 2","6/20/22"
"Sé dócil: Oración y obediencia: Miniserie: Parte 1","6/20/22"
"La ira de Dios","6/20/22"
"El idiota preferido de Dios: La palabra (es el amor)","6/18/22"
"El idiota preferido de Dios: Dios, Satanás y todos los buenos olores","6/18/22"
"El idiota preferido de Dios: El predicador","6/18/22"
"El idiota preferido de Dios: El ángel","6/18/22"
"El idiota preferido de Dios: La cita","6/17/22"
"Árboles de paz","6/16/22"
"Red de engaños: Muerte, mentiras e internet: No soy nazi","6/16/22"
"Red de engaños: Muerte, mentiras e internet: Homicidio en Washington D. C.","6/16/22"
"Red de engaños: Muerte, mentiras e internet: Asesinado por un equipo SWAT","6/16/22"
"Stranger Things: Stranger Things 4: Capítulo seis: En lo profundo","6/16/22"
"Gladbeck: El drama de los rehenes","6/15/22"
"Regresando a casa","6/15/22"
"La primera muerte: La primera traición","6/14/22"
"La primera muerte: El primer adiós","6/14/22"
"La primera muerte: La primera ruptura","6/14/22"
"Stranger Things: Stranger Things 4: Capítulo cinco: Proyecto Nina","6/14/22"
"La primera muerte: El primer amor","6/13/22"
"La primera muerte: La primera cita","6/13/22"
"La primera muerte: La primera batalla","6/13/22"
"La primera muerte: La primera sangre","6/13/22"
"La primera muerte: El primer beso","6/13/22"
"Jóvenes brujas","6/11/22"
"El Reino: Temporada 1: El círculo de baba","6/10/22"
"El Reino: Temporada 1: Expiación","6/10/22"
"El Reino: Temporada 1: Un hombre de Dios","6/10/22"
"El Reino: Temporada 1: Control de daños","6/10/22"
"Gambito de dama: Miniserie: Final","6/10/22"
"Peaky Blinders: Temporada 1: Episodio 5","6/10/22"
"Gambito de dama: Miniserie: Aplazamientos","6/10/22"
"Gambito de dama: Miniserie: Ataque doble","6/10/22"
"Stranger Things: Stranger Things 4: Capítulo cuatro: Querido Billy","6/9/22"
"Inocencia interrumpida","6/7/22"
"A pesar de todo","6/7/22"
"Presencias del mal","6/5/22"
"Memorias de una geisha","6/4/22"
"Peaky Blinders: Temporada 1: Episodio 4","6/3/22"
"Las 7 vidas de Léa: Miniserie: 17 de junio","6/2/22"
"Las 7 vidas de Léa: Miniserie: 16 de junio","6/2/22"
"Las 7 vidas de Léa: Miniserie: 15 de junio","6/2/22"
"Stranger Things: Stranger Things 4: Capítulo tres: ¿Monstruo o superheroína?","6/2/22"
"Instinto peligroso","6/1/22"
"Stranger Things: Stranger Things 4: Capítulo dos: La maldición de Vecna","6/1/22"
"Stranger Things: Stranger Things 4: Capítulo uno: El club","5/30/22"
"La batalla de Kamdesh","5/30/22"
"Peaky Blinders: Temporada 1: Episodio 3","5/28/22"
"Vikingos: Temporada 6: El último acto","5/27/22"
"Vikingos: Temporada 6: Alguien te da...","5/27/22"
"Vikingos: Temporada 6: Solo es magia","5/27/22"
"Vikingos: Temporada 6: La balsa de la Medusa","5/27/22"
"Insiders: Temporada 1: Sesión continua","5/26/22"
"Insiders: Temporada 1: La vida en streaming","5/26/22"
"Insiders: Temporada 1: La perfección no existe","5/26/22"
"Insiders: Temporada 1: Si lo cuentas, estás fuera","5/26/22"
"Insiders: Temporada 1: Bienvenidos a Insiders","5/26/22"
"Somebody Feed Phil: Temporada 5: Helsinki","5/25/22"
"Somebody Feed Phil: Temporada 5: Maine","5/25/22"
"Somebody Feed Phil: Temporada 5: Oaxaca","5/25/22"
"Vikingos: Temporada 6: La gota que colmó el vaso","5/24/22"
"Secuestro en Cleveland","5/24/22"
"Clark: Miniserie: Leí todo lo que se ha escrito (y más)","5/24/22"
"Clark: Miniserie: ¿Por qué tendría un empleo? No tengo tiempo para esa basura, te pierdes toda la diversión","5/23/22"
"Clark: Miniserie: ¡Que empiece la fiesta!","5/23/22"
"The Crown: Temporada 4: En guerra","5/23/22"
"The Crown: Temporada 4: Avalancha","5/22/22"
"En la Toscana","5/22/22"
"Ciberinfierno: La investigación que destapó el horror","5/22/22"
"Pálpito: Temporada 1: Ese corazón nunca debió ser tuyo","5/21/22"
"The Crown: Temporada 4: 48 contra 1","5/21/22"
"Así en la Tierra como en el infierno","5/20/22"
"Clark: Miniserie: Me ven como una mezcla de un personaje infantil y Al Capone","5/20/22"
"Clark: Miniserie: Todo lo hago al revés, como en piloto automático","5/20/22"
"Maniac: Miniserie: Exactly Like You","5/20/22"
"Maniac: Miniserie: Pieles de Sebastian","5/20/22"
"Clark: Miniserie: Ser de lo mejor en lo mejor no era lo mío, así que decidí ser de lo mejor en lo peor","5/19/22"
"La familia perfecta","5/19/22"
"Maniac: Miniserie: Un día de esos","5/19/22"
"Pálpito: Temporada 1: La búsqueda","5/18/22"
"Pálpito: Temporada 1: Un huésped dentro de mi cuerpo","5/18/22"
"XXY","5/18/22"
"Sector 9","5/18/22"
"Van Helsing: El cazador de monstruos","5/18/22"
"Los peores compañeros de casa del mundo: Temporada 1: Se busca compañero de cuarto (Parte 2)","5/17/22"
"Los peores compañeros de casa del mundo: Temporada 1: Se busca compañero de cuarto (Parte 1)","5/17/22"
"El arma del engaño","5/17/22"
"El año de mi graduación","5/15/22"
"Maniac: Miniserie: Molinos de viento","5/14/22"
"Maniac: Miniserie: El elegido","5/14/22"
"Casi feliz: Temporada 2: Mamá","5/13/22"
"Casi feliz: Temporada 2: Un río nos separa","5/13/22"
"Ozark: Temporada 1: Insomnio","5/13/22"
"Casi feliz: Temporada 2: Línea de 3","5/13/22"
"Casi feliz: Temporada 2: Happy Happy","5/13/22"
"Casi feliz: Temporada 2: Beso","5/13/22"
"Ozark: Temporada 1: Blue Cat","5/12/22"
"Ozark: Temporada 1: Azucarada","5/12/22"
"El marginal: Temporada 1: Capítulo 12","5/12/22"
"Ozark: Temporada 2: En soledad","5/12/22"
"Casi feliz: Temporada 2: Actuar para vivir","5/12/22"
"Casi feliz: Temporada 2: Dios mío","5/11/22"
"Casi feliz: Temporada 2: Permiso para volver","5/11/22"
"For Life: Cadena perpetua: Piloto","5/11/22"
"Hollywood: Final hollywoodense","5/10/22"
"Hollywood: Meg","5/10/22"
"Hollywood: Salta","5/10/22"
"Hollywood: Pruebas (de cámara)","5/10/22"
"For Life: Cadena perpetua: Temporada 2: Andy Josiah","5/10/22"
"For Life: Cadena perpetua: Temporada 2: La pared azul","5/10/22"
"Hollywood: Marginados","5/8/22"
"Hollywood: ¡Viva Hollywood! (Parte 2)","5/8/22"
"Hollywood: ¡Viva Hollywood!","5/8/22"
"Grace and Frankie: Temporada 2: El pollo","5/7/22"
"Grace and Frankie: Temporada 2: El examen","5/7/22"
"Grace and Frankie: Temporada 2: El viaje","5/7/22"
"Grace and Frankie: Temporada 2: La negociación","5/7/22"
"Grace and Frankie: Temporada 2: La Vitamix","5/7/22"
"Mudanzas al Cielo: Episodio 10","5/7/22"
"Amor de madre","5/4/22"
"Mudanzas al Cielo: Episodio 9","5/4/22"
"Mudanzas al Cielo: Episodio 8","5/4/22"
"Mudanzas al Cielo: Episodio 7","5/3/22"
"Mudanzas al Cielo: Episodio 6","5/3/22"
"Mudanzas al Cielo: Episodio 5","4/27/22"
"Heartstopper: Temporada 1: El novio","4/24/22"
"Heartstopper: Temporada 1: El acoso","4/24/22"
"Heartstopper: Temporada 1: Las chicas","4/24/22"
"For Life: Cadena perpetua: Temporada 2: En nombre del pueblo","4/22/22"
"For Life: Cadena perpetua: Temporada 2: Di su nombre","4/22/22"
"For Life: Cadena perpetua: Temporada 2: Trescientos cincuenta y cuatro","4/19/22"
"For Life: Cadena perpetua: Temporada 2: Arrestos por dinero","4/19/22"
"For Life: Cadena perpetua: Temporada 2: Es hora de seguir adelante","4/18/22"
"For Life: Cadena perpetua: Temporada 2: Estado de necesidad","4/18/22"
"For Life: Cadena perpetua: Temporada 2: Bienvenido a casa","4/18/22"
"For Life: Cadena perpetua: Temporada 2: Nunca dejes de luchar","4/18/22"
"For Life: Cadena perpetua: Padres","4/17/22"
"For Life: Cadena perpetua: Carácter y actitud","4/17/22"
"Ouija: El origen del mal","4/17/22"
"Intruso","4/17/22"
"For Life: Cadena perpetua: Declaración final","4/17/22"
"For Life: Cadena perpetua: Suiza","4/17/22"
"For Life: Cadena perpetua: Enterrado","4/17/22"
"For Life: Cadena perpetua: La luz del día","4/17/22"
"For Life: Cadena perpetua: Hasta que nos separen","4/16/22"
"For Life: Cadena perpetua: El celular","4/16/22"
"For Life: Cadena perpetua: Testigo","4/16/22"
"For Life: Cadena perpetua: Marie","4/16/22"
"The Crown: Temporada 4: Lo que se hereda","4/16/22"
"The Crown: Temporada 4: Tierra de nadie","4/16/22"
"For Life: Cadena perpetua: El guardián del hermano","4/14/22"
"For Life: Cadena perpetua: Promesas","4/14/22"
"Perfectos desconocidos","4/14/22"
"Entre la vida y la muerte","4/13/22"
"Mudanzas al Cielo: Episodio 4","4/13/22"
"Mudanzas al Cielo: Episodio 3","4/13/22"
"Mi primer mandado: Episodio 2","4/12/22"
"Mi primer mandado: Episodio 1","4/12/22"
"Mudanzas al Cielo: Episodio 2","4/12/22"
"Mudanzas al Cielo: Episodio 1","4/12/22"
"Riesgo bajo cero","4/11/22"
"Pequeña gran vida","4/10/22"
"El habitante","4/10/22"
"Signal: Miniserie: Episodio 3","4/8/22"
"Signal: Miniserie: Episodio 2","4/8/22"
"Signal: Miniserie: Episodio 1","4/8/22"
"Stranger: Temporada 1: Episodio 11","4/7/22"
"Stranger: Temporada 1: Episodio 10","4/7/22"
"Stranger: Temporada 1: Episodio 9","4/7/22"
"No hay tiempo para la vergüenza: Episodio 6","4/5/22"
"No hay tiempo para la vergüenza: Episodio 5","4/5/22"
"No hay tiempo para la vergüenza: Episodio 4","4/5/22"
"No hay tiempo para la vergüenza: Episodio 3","4/5/22"
"Stranger: Temporada 1: Episodio 8","4/5/22"
"No hay tiempo para la vergüenza: Episodio 2","4/5/22"
"Delicias de ingeniería: Puente a la victoria","4/5/22"
"Stranger: Temporada 1: Episodio 7","4/5/22"
"Stranger: Temporada 1: Episodio 6","4/5/22"
"Stranger: Temporada 1: Episodio 5","4/5/22"
"Stranger: Temporada 1: Episodio 4","4/5/22"
"Stranger: Temporada 1: Episodio 3","4/4/22"
"Stranger: Temporada 1: Episodio 2","4/4/22"
"Stranger: Temporada 1: Episodio 1","4/4/22"
"Delicias de ingeniería: Choque contra un postre","4/4/22"
"Delicias de ingeniería: Pastelería de alto nivel","4/4/22"
"Delicias de ingeniería: Un desfile delicioso","4/4/22"
"Delicias de ingeniería: Minigolf para chuparse los dedos","4/3/22"
"Delicias de ingeniería: Dulce reacción en cadena","4/3/22"
"Delicias de ingeniería: Carrera de robots","4/3/22"
"Delicias de ingeniería: Veleros a prueba de agua","4/3/22"
"Organízate con el método The Home Edit: Temporada 2: Drew Barrymore y una despensa en Atlanta","4/3/22"
"La vida después de la muerte, con Tyler Henry: Madre querida","4/2/22"
"Fin de semana en Croacia","4/2/22"
"Tierra natal: Nejma","3/31/22"
"Tierra natal: Premios Diwan","3/31/22"
"Tierra natal: Permiso F24","3/31/22"
"Tierra natal: Paleizenstraat","3/30/22"
"Tierra natal: El que cava una fosa...","3/30/22"
"El poder del perro","3/29/22"
"Tierra natal: Promesa fatal","3/29/22"
"Tierra natal: Perro que ladra...","3/29/22"
"Un lugar en silencio","3/29/22"
"Locas por el dinero","3/29/22"
"¿Es pastel?: Temporada 1: Vendedores de ilusiones","3/29/22"
"¿Es pastel?: Temporada 1: Colados en la fiesta","3/29/22"
"¿Es pastel?: Temporada 1: Impostor en el pasillo 5","3/29/22"
"Escape Room: Sin salida","3/29/22"
"Tierra natal: Piloto","3/29/22"
"Unbreakable Kimmy Schmidt: Temporada 3: ¡Kimmy no puede ayudarte!","3/28/22"
"The Umbrella Academy: Temporada 1: Solo nos vemos en los casamientos o velorios","3/28/22"
"La vida en risa: ¡Buenas noches, Olympia!","3/28/22"
"Los peores compañeros de casa del mundo: Temporada 1: El maratonista","3/27/22"
"Los peores compañeros de casa del mundo: Temporada 1: Tengan cuidado con los tranquilos","3/27/22"
"Los peores compañeros de casa del mundo: Temporada 1: Llámenme abuela","3/27/22"
"Hoy se arregla el mundo","3/26/22"
"La vida en risa: Un tranvía llamado Nezir","3/25/22"
"La vida en risa: ¡Vamos, Pistache!","3/25/22"
"¿Es pastel?: Temporada 1: Engaño con vista al mar","3/25/22"
"¿Es pastel?: Temporada 1: La estafa de la moda","3/25/22"
"¿Es pastel?: Temporada 1: ¡Comida rápida y embustera!","3/25/22"
"Tribunal de menores: Episodio 10","3/25/22"
"Tribunal de menores: Episodio 9","3/25/22"
"La vida en risa: El negro combina con todo","3/25/22"
"La vida en risa: El éxito en la punta de los dedos","3/24/22"
"La vida en risa: ¡Haz que todo el país se ría!","3/24/22"
"Headspace: Relaja tu mente","3/24/22"
"Tribunal de menores: Episodio 8","3/24/22"
"Los muertos no mueren","3/24/22"
"Tribunal de menores: Episodio 7","3/24/22"
"Tribunal de menores: Episodio 6","3/24/22"
"Tribunal de menores: Episodio 5","3/24/22"
"Tribunal de menores: Episodio 4","3/23/22"
"Tribunal de menores: Episodio 3","3/23/22"
"Bad Vegan: Fama. Fraudes. Fugitivos.: Miniserie: Señor y señora Fox","3/22/22"
"The Crown: Temporada 4: Michael Fagan, el intruso","3/22/22"
"Proyecto Géminis","3/22/22"
"Tribunal de menores: Episodio 2","3/22/22"
"Cangrejo Negro","3/21/22"
"Tribunal de menores: Episodio 1","3/21/22"
"The Crown: Temporada 4: El favorito","3/19/22"
"¿Sabes quién es?: Episodio 8","3/19/22"
"¿Sabes quién es?: Episodio 7","3/18/22"
"La vida después de la muerte, con Tyler Henry: No veo gente muerta","3/17/22"
"El proyecto Adam","3/16/22"
"¿Sabes quién es?: Episodio 6","3/16/22"
"Master of None: Temporada 1: Entradas VIP","3/15/22"
"Master of None: Temporada 1: Padres","3/15/22"
"Master of None: Temporada 1: Píldoras Plan B","3/15/22"
"Master of None: Temporada 1: Indios en televisión","3/15/22"
"¿Sabes quién es?: Episodio 5","3/15/22"
"La vida después de la muerte, con Tyler Henry: Ruleta rusa","3/15/22"
"La vida después de la muerte, con Tyler Henry: La auténtica verdad","3/14/22"
"¿Sabes quién es?: Episodio 4","3/13/22"
"¿Sabes quién es?: Episodio 3","3/13/22"
"¿Sabes quién es?: Episodio 2","3/13/22"
"¿Sabes quién es?: Episodio 1","3/12/22"
"Chernóbil: La película","3/12/22"
"El desorden que dejas: Miniserie: El desorden que dejas","3/12/22"
"Jóvenes altezas: Temporada 1: Episodio 3","3/11/22"
"Jóvenes altezas: Temporada 1: Episodio 2","3/11/22"
"Jóvenes altezas: Temporada 1: Episodio 1","3/11/22"
"El desorden que dejas: Miniserie: La tercera víctima","3/11/22"
"El desorden que dejas: Miniserie: Lo que no quise ver en ti","3/11/22"
"El desorden que dejas: Miniserie: El lugar secreto","3/10/22"
"El desorden que dejas: Miniserie: Caída en picado","3/9/22"
"El desorden que dejas: Miniserie: Cuenta hasta tres","3/8/22"
"El desorden que dejas: Miniserie: Lo saben","3/8/22"
"El desorden que dejas: Miniserie: En la boca del lobo","3/7/22"
"Winter on Fire: Ukraine's Fight for Freedom","3/4/22"
"The Sinner: Temporada 4: Percy: Parte V","3/4/22"
"The Sinner: Temporada 4: Percy: Parte IV","3/4/22"
"The Sinner: Temporada 4: Percy: Parte III","3/4/22"
"Vikingos: Valhalla: Temporada 1: Los groenlandeses","3/3/22"
"The Sinner: Temporada 4: Percy: Parte II","3/3/22"
"La casa de papel: Parte 5: Lo que se habla en la cama","2/28/22"
"La casa de papel: Parte 5: La teoría de la elegancia","2/28/22"
"La casa de papel: Parte 5: Ciencia ilusionada","2/25/22"
"La casa de papel: Parte 5: Válvulas de escape","2/25/22"
"The Sinner: Temporada 4: Percy: Parte I","2/25/22"
"La casa de papel: Parte 5: Vivir muchas vidas","2/25/22"
"La casa de papel: Parte 5: Tu sitio en el cielo","2/22/22"
"La casa de papel: Parte 5: El espectáculo de la vida","2/21/22"
"La mujer de la casa de enfrente de la chica en la ventana: Miniserie: Episodio 8","2/14/22"
"Inventando a Anna: Miniserie: Dos pájaros, un trono","2/14/22"
"Inventando a Anna: Miniserie: El diablo viste a la moda","2/13/22"
"Inventando a Anna: Miniserie: La vida de los vips","2/13/22"
"El estafador de Tinder","2/13/22"
"The Crown: Temporada 4: El Balmoral","2/10/22"
"The Crown: Temporada 4: Cuento de hadas","2/10/22"
"Estamos muertos: Temporada 1: Episodio 1","2/6/22"
"Estamos muertos: Temporada 1: Episodio 12","2/6/22"
"Estamos muertos: Temporada 1: Episodio 11","2/6/22"
"Estamos muertos: Temporada 1: Episodio 10","2/6/22"
"Estamos muertos: Temporada 1: Episodio 9","2/5/22"
"Estamos muertos: Temporada 1: Episodio 8","2/5/22"
"Estamos muertos: Temporada 1: Episodio 7","2/5/22"
"Estamos muertos: Temporada 1: Episodio 6","2/5/22"
"Estamos muertos: Temporada 1: Episodio 5","2/4/22"
"Estamos muertos: Temporada 1: Episodio 4","2/4/22"
"Vikingos: Temporada 6: Todos en altamar","2/3/22"
"Estamos muertos: Temporada 1: Episodio 3","2/3/22"
"La mujer de la casa de enfrente de la chica en la ventana: Miniserie: Episodio 7","2/1/22"
"La mujer de la casa de enfrente de la chica en la ventana: Miniserie: Episodio 6","2/1/22"
"La mujer de la casa de enfrente de la chica en la ventana: Miniserie: Episodio 5","2/1/22"
"La mujer de la casa de enfrente de la chica en la ventana: Miniserie: Episodio 4","2/1/22"
"La mujer de la casa de enfrente de la chica en la ventana: Miniserie: Episodio 3","2/1/22"
"Estamos muertos: Temporada 1: Episodio 2","2/1/22"
"La mujer de la casa de enfrente de la chica en la ventana: Miniserie: Episodio 2","1/31/22"
"The Crown: Temporada 4: Protector de monarcas","1/31/22"
"La mujer de la casa de enfrente de la chica en la ventana: Miniserie: Episodio 1","1/30/22"
"Pose: Temporada 2: Mariposa/Capullo","1/30/22"
"Quédate cerca: Miniserie: Episodio 1","1/27/22"
"Terremoto: La falla de San Andrés","1/26/22"
"El juego del calamar: Temporada 1: Un día de suerte","1/25/22"
"El juego del calamar: Temporada 1: El líder","1/25/22"
"El juego del calamar: Temporada 1: Los VIP","1/25/22"
"El juego del calamar: Temporada 1: Gganbu","1/25/22"
"El juego del calamar: Temporada 1: Un mundo justo","1/24/22"
"El juego del calamar: Temporada 1: No abandones el equipo","1/22/22"
"El juego del calamar: Temporada 1: El hombre del paraguas","1/22/22"
"Utopía","1/21/22"
"Scream: ¿Quieres jugar?","1/21/22"
"Scream: Hola, Emma","1/21/22"
"Scream: Piloto","1/21/22"
"La divina gula: Platos de a kilo","1/19/22"
"La divina gula: Postres pecadores","1/19/22"
"La divina gula: Papitas preparadas","1/19/22"
"La divina gula: Micheladas","1/19/22"
"Malcolm y Marie","1/19/22"
"La fotocopiadora","1/19/22"
"The Crown: Temporada 3: Grito de amor","1/19/22"
"Archivo 81: Lo que hay más allá","1/19/22"
"Archivo 81: El barquero","1/19/22"
"Clickbait: Miniserie: El hermano","1/18/22"
"Clickbait: Miniserie: El periodista","1/18/22"
"Queer Eye: Temporada 6: Careo en el Broken Spoke","1/18/22"
"Archivo 81: El círculo","1/18/22"
"Archivo 81: A través del espejo","1/17/22"
"Archivo 81: Artistas médiums","1/16/22"
"Archivo 81: Terror en los pasillos","1/16/22"
"Archivo 81: Wellspring","1/16/22"
"Archivo 81: Señales misteriosas","1/16/22"
"El silencio","1/15/22"
"Impúdica","1/15/22"
"Ratched: Piloto","1/15/22"
"El asesino del nudo","1/14/22"
"Rebelde: Temporada 1: La gran final","1/14/22"
"Rebelde: Temporada 1: Hasta que amanezca","1/14/22"
"Rebelde: Temporada 1: Sálvame","1/14/22"
"Rebelde: Temporada 1: La primera vez","1/14/22"
"Madam C. J. Walker: Una mujer hecha a sí misma: Miniserie: La chica Walker","1/12/22"
"Madam C. J. Walker: Una mujer hecha a sí misma: Miniserie: Por sus propios medios","1/12/22"
"Madam C. J. Walker: Una mujer hecha a sí misma: Miniserie: La pelea del siglo","1/11/22"
"Rebelde: Temporada 1: Simulacro","1/11/22"
"Rebelde: Temporada 1: Va a caer","1/11/22"
"Rebelde: Temporada 1: Audiciones","1/10/22"
"Rebelde: Temporada 1: Bienvenides todes","1/10/22"
"Madre/Androide","1/8/22"
"Salir del ropero","1/5/22"
"Tony Robbins: A Date With Destiny","1/4/22"
"The Crown: Temporada 3: Enredo","1/3/22"
"The Crown: Temporada 3: El hombre en suspenso","1/3/22"
"La chica de Oslo: Episodio 10","12/31/21"
"La chica de Oslo: Episodio 9","12/31/21"
"La chica de Oslo: Episodio 8","12/31/21"
"La chica de Oslo: Episodio 7","12/31/21"
"La chica de Oslo: Episodio 6","12/31/21"
"Colin en blanco y negro: Miniserie: Crystal","12/30/21"
"Colin en blanco y negro: Miniserie: La decisión","12/30/21"
"Colin en blanco y negro: Miniserie: Viaje por carretera","12/30/21"
"Colin en blanco y negro: Miniserie: Mariscal de campo","12/30/21"
"La chica de Oslo: Episodio 5","12/29/21"
"La chica de Oslo: Episodio 4","12/29/21"
"La chica de Oslo: Episodio 3","12/29/21"
"La chica de Oslo: Episodio 2","12/29/21"
"Colin en blanco y negro: Miniserie: Trenzas africanas","12/28/21"
"La chica de Oslo: Episodio 1","12/28/21"
"Asesino en casa","12/25/21"
"Si fueras yo","12/25/21"
"Área 51","12/24/21"
"Premoniciones","12/24/21"
"Crimen perfecto","12/23/21"
"Animalia en Australia","12/23/21"
" ","12/23/21"
"Infierno en la tormenta","12/23/21"
"Spider-Man: De regreso a casa","12/22/21"
"The Crown: Temporada 3: Polvo lunar","12/21/21"
"Imperdonable","12/19/21"
"Start-Up: Familia, amigos e idiotas","12/15/21"
"Start-Up: Start-up","12/15/21"
"Clickbait: Miniserie: La amante","12/15/21"
"Anónima","12/13/21"
"Soltero en Navidad","12/9/21"
"The Crown: Temporada 3: Tywysog Cymru","12/7/21"
"¿Qué pasó ayer? Parte III","12/7/21"
"Atrápame si puedes","12/7/21"
"Una historia real: Miniserie: Capítulo 7: Como Caín y Abel","12/5/21"
"Una historia real: Miniserie: Capítulo 6: Todo por la familia","12/5/21"
"Colonia Dignidad: Una secta alemana en Chile: La misión","12/4/21"
"La casa de papel: Parte 5: ¿Crees en la reencarnación?","12/4/21"
"La casa de papel: Parte 5: El final del camino","12/4/21"
"La casa de papel: Parte 4: La boda de Berlín","12/4/21"
"Colonia","12/2/21"
"La casa de los abuelos","12/2/21"
"Calle de la Humanidad, 8","12/2/21"
"Una historia real: Miniserie: Capítulo 5: Resentimientos","12/2/21"
"Una historia real: Miniserie: Capítulo 4: Deberíamos estar juntos también","12/2/21"
"Una historia real: Miniserie: Capítulo 3: La vuelta de la victoria","12/2/21"
"Academia del Chocolate: El mejor de la clase es...","12/1/21"
"Academia del Chocolate: Dame un poco de azúcar","12/1/21"
"Academia del Chocolate: Chocolate volador","12/1/21"
"Academia del Chocolate: Sorpresas semiamargas","12/1/21"
"Academia del Chocolate: Chocolate que pende de un hilo","12/1/21"
"Academia del Chocolate: Hazlo chorrear","12/1/21"
"Academia del Chocolate: Dulces engaños","12/1/21"
"Academia del Chocolate: Rompe el molde y dobla el chocolate","12/1/21"
"Una historia real: Miniserie: Capítulo 2: Griego para llevar","12/1/21"
"Una historia real: Miniserie: Capítulo 1: El rey de la comedia","12/1/21"
"The Crown: Temporada 3: Golpe de Estado","12/1/21"
"Elfos: Årmandsø","11/30/21"
"Rumbo al infierno: Temporada 1: Episodio 6","11/30/21"
"Rumbo al infierno: Temporada 1: Episodio 5","11/30/21"
"Rumbo al infierno: Temporada 1: Episodio 4","11/30/21"
"Herida","11/29/21"
"Workin' Moms: Temporada 1: Piloto","11/29/21"
"Ricos y malcriados","11/29/21"
"Rumbo al infierno: Temporada 1: Episodio 3","11/28/21"
"Rumbo al infierno: Temporada 1: Episodio 2","11/28/21"
"Rumbo al infierno: Temporada 1: Episodio 1","11/28/21"
"La jefa","11/27/21"
"Extintos","11/27/21"
"Vikingos: Temporada 6: Almas perdidas","11/26/21"
"La casa de papel: Parte 4: Game Over","11/25/21"
"Las cosas por limpiar: Miniserie: Vidrio marino","11/23/21"
"Las cosas por limpiar: Miniserie: Cachemir","11/23/21"
"Las cosas por limpiar: Miniserie: Ladrón","11/23/21"
"Vikingos: Temporada 6: La señal","11/22/21"
"Vikingos: Temporada 6: Todos cambian","11/22/21"
"Al filo del mañana","11/22/21"
"Vikingos: Temporada 6: Rey de reyes","11/22/21"
"Así nos ven: Miniserie: Parte 1","11/22/21"
"El efecto mariposa","11/20/21"
"Intercambio de princesas 3","11/20/21"
"¡Qué duro es el amor!","11/16/21"
"Big Mouth: Temporada 1: Las chicas también se excitan","11/16/21"
"Big Mouth: Temporada 1: Pijamada: una horrible experiencia de brutalidad emocional","11/16/21"
"Big Mouth: Temporada 1: ¿Soy gay?","11/16/21"
"Big Mouth: Temporada 1: Todos sangran","11/16/21"
"Big Mouth: Temporada 1: Eyaculación","11/15/21"
"La venganza de las Juanas: Demasiado tarde","11/14/21"
"La venganza de las Juanas: Otra hija","11/14/21"
"La venganza de las Juanas: Un tipo perfecto","11/14/21"
"La venganza de las Juanas: Pesadillas","11/14/21"
"La venganza de las Juanas: Federico","11/14/21"
"La venganza de las Juanas: Treinta días","11/14/21"
"La venganza de las Juanas: Plan B","11/14/21"
"La venganza de las Juanas: Los secretos no mueren","11/14/21"
"La venganza de las Juanas: 98 %","11/14/21"
"La venganza de las Juanas: Réplicas","11/14/21"
"Chicas buenas: Temporada 4: Chef Boyardee","11/13/21"
"Chicas buenas: Temporada 4: Juguetes rotos","11/13/21"
"Alerta roja","11/13/21"
"Una esposa de mentira","11/8/21"
"The Crown: Temporada 3: Bubbikins","11/6/21"
"Misterio a bordo","11/2/21"
"Rosario Tijeras: Temporada 3: Episodio 55","11/2/21"
"Rosario Tijeras: Temporada 3: Episodio 54","11/1/21"
"Rosario Tijeras: Temporada 3: Episodio 53","11/1/21"
"El ejército de los ladrones","10/31/21"
"Rosario Tijeras: Temporada 3: Episodio 52","10/31/21"
"Rosario Tijeras: Temporada 3: Episodio 51","10/31/21"
"Rosario Tijeras: Temporada 3: Episodio 50","10/31/21"
"Rosario Tijeras: Temporada 3: Episodio 49","10/31/21"
"Rosario Tijeras: Temporada 3: Episodio 48","10/31/21"
"Rosario Tijeras: Temporada 3: Episodio 47","10/31/21"
"Rosario Tijeras: Temporada 3: Episodio 46","10/31/21"
"Rosario Tijeras: Temporada 3: Episodio 45","10/31/21"
"Rosario Tijeras: Temporada 1: Episodio 1","10/31/21"
"Luis Miguel - La serie: Temporada 2: Noche de paz","10/31/21"
"El Halloween de Hubie","10/30/21"
"Las cosas por limpiar: Miniserie: Todo por un dólar","10/28/21"
"El séptimo hijo","10/24/21"
"Modern Family: Temporada 9: Escrito en las estrellas","10/23/21"
"Modern Family: Temporada 9: En tu cabeza","10/23/21"
"Modern Family: Temporada 9: Querida familia","10/23/21"
"Modern Family: Temporada 9: El chicatizo","10/22/21"
"Modern Family: Temporada 9: No hay pequeños pies","10/22/21"
"Modern Family: Temporada 9: Amor duro","10/22/21"
"Modern Family: Temporada 9: Roces con celebridades","10/22/21"
"Modern Family: Temporada 9: Ganando un pavo para cenar","10/22/21"
"Modern Family: Temporada 9: Diez años después","10/22/21"
"Modern Family: Temporada 9: Es la gran calabaza, Phil Dunphy","10/22/21"
"Modern Family: Temporada 9: Sexo, mentiras y futbeis","10/22/21"
"Modern Family: Temporada 9: La pesca del día","10/22/21"
"Modern Family: Temporada 9: El largo adiós","10/22/21"
"Modern Family: Temporada 9: Vida en el lago","10/22/21"
"Sombras tenebrosas","10/21/21"
"You: Temporada 1: Candace","10/21/21"
"Buscando...","10/19/21"
"Monstruos internos: Las 24 caras de Billy Milligan: Miniserie: La época dorada","10/16/21"
"Monstruos internos: Las 24 caras de Billy Milligan: Miniserie: Los monstruos que me habitan","10/16/21"
"Monstruos internos: Las 24 caras de Billy Milligan: Miniserie: El violador del campus","10/16/21"
"Venom","10/16/21"
"Las cosas por limpiar: Miniserie: Ponis","10/14/21"
"The Crown: Temporada 3: Aberfan","10/12/21"
"Ma","10/11/21"
"Chicas buenas: Temporada 4: Carolyn con Y","10/11/21"
"Halloween 4: El regreso de Michael Myers","10/10/21"
"Los locos Addams II","10/10/21"
"La casa de los secretos: Muerte en Burari: Miniserie: Más allá del número 11","10/10/21"
"La casa de los secretos: Muerte en Burari: Miniserie: 11 diarios","10/10/21"
"La casa de los secretos: Muerte en Burari: Miniserie: 11 cuerpos","10/10/21"
"The Crown: Temporada 3: Margarismo","10/7/21"
"Britney vs. Spears","10/4/21"
"Culpable","10/3/21"
"The Crown: Temporada 3: Olding","10/2/21"
"Chicas buenas: Temporada 4: La abuela ama a Grisham","10/1/21"
"The Crown: Temporada 2: Hombre misterioso","9/30/21"
"Clickbait: Miniserie: La esposa","9/30/21"
"El caso Hartung: Episodio 1","9/30/21"
"Princesa por accidente","9/30/21"
"Sex Education: Temporada 3: Episodio 8","9/29/21"
"Sex Education: Temporada 3: Episodio 7","9/29/21"
"Sex Education: Temporada 3: Episodio 6","9/29/21"
"Sex Education: Temporada 3: Episodio 5","9/28/21"
"Sex Education: Temporada 3: Episodio 4","9/28/21"
"Sex Education: Temporada 3: Episodio 3","9/28/21"
"Sex Education: Temporada 3: Episodio 2","9/28/21"
"Nailed It!: Temporada 6: Un día de perros","9/24/21"
"Gran tiburón blanco","9/24/21"
"The Crown: Temporada 2: Paterfamilias","9/23/21"
"Sex Education: Temporada 3: Episodio 1","9/23/21"
"Masacre en Texas: Herencia maldita","9/19/21"
"El protector","9/19/21"
"El padre que mueve montañas","9/19/21"
"El último disparo","9/18/21"
"Cuentos al caer la noche","9/17/21"
"No respires","9/15/21"
"Carmel: ¿Quién mató a María Marta?: Miniserie: El juicio","9/15/21"
"Carmel: ¿Quién mató a María Marta?: Miniserie: Cinco balas y un pituto","9/15/21"
"The Crown: Temporada 2: Estimada Sra. Kennedy","9/13/21"
"Nosotros","9/12/21"
"Chicas buenas: Temporada 4: El banquero","9/11/21"
"Por siempre jamás: Miniserie: Inès","9/10/21"
"Por siempre jamás: Miniserie: Guillaume","9/10/21"
"La casa de papel: Parte 1: Episodio 1","9/10/21"
"João de Deus: Curandero y criminal: El curandero","9/9/21"
"Vampiros vs. el Bronx","9/9/21"
"El Reino: Temporada 1: Por el bien de la república","9/7/21"
"El Reino: Temporada 1: La marca del demonio","9/7/21"
"El Reino: Temporada 1: El archivo Osorio","9/7/21"
"The Crown: Temporada 2: Matrimonium","9/6/21"
"Chicas buenas: Temporada 4: Dave","9/6/21"
"Chicas buenas: Temporada 4: Chivo expiatorio","9/5/21"
"Escuadrón pastelero: Temporada 1: Boda roquera","9/5/21"
"Escuadrón pastelero: Temporada 1: Cumpleaños doble","9/5/21"
"Clickbait: Miniserie: La detective","9/3/21"
"Clickbait: Miniserie: La hermana","9/3/21"
"Chicas buenas: Temporada 4: El gran Kahuna","9/3/21"
"Misterios del Titanic","9/3/21"
"La casa de las conejitas","9/3/21"
"Memorias de un asesino: Las cintas de Nilsen","9/3/21"
"Chicas buenas: Temporada 4: Una noche en Bangkok","9/2/21"
"La directora: El error","8/31/21"
"Grace and Frankie: Temporada 6: La nuez rara","8/30/21"
"Al descubierto: Caitlyn Jenner","8/30/21"
"Los Simuladores: Temporada 2: Capítulo 4","8/29/21"
"Post mortem: Nadie muere en Skarnes: En nombre de la familia","8/29/21"
"Los Simuladores: Temporada 2: Capítulo 3","8/29/21"
"Post mortem: Nadie muere en Skarnes: Las condolencias","8/29/21"
"Post mortem: Nadie muere en Skarnes: Post mortem","8/29/21"
"Él es así","8/29/21"
"Cielo rojo sangre","8/27/21"
"Las formas antiguas","8/27/21"
"Inside","8/26/21"
"Los Simuladores: Capítulo 10","8/25/21"
"Los Simuladores: Capítulo 6","8/25/21"
"Los Simuladores: Temporada 2: Capítulo 1","8/25/21"
"Los Simuladores: Capítulo 13","8/24/21"
"The Crown: Temporada 2: Vergangenheit","8/23/21"
"Jobs","8/22/21"
"Avenida Cloverfield 10","8/20/21"
"La posesión de Grace","8/19/21"
"La isla negra","8/19/21"
"El stand de los besos 3","8/16/21"
"El dragón de la tetera","8/15/21"
"Vivo","8/15/21"
"Los locos Addams","8/14/21"
"La nube","8/11/21"
"Las torres gemelas","8/11/21"
"Mudanza mortal","8/10/21"
"En la cocina con Paris Hilton: Noche familiar de bistec con Kathy y Nicky Hilton","8/10/21"
"En la cocina con Paris Hilton: Banquete festivo para superarlo con Lele Pons","8/10/21"
"En la cocina con Paris Hilton: Desayuno en las nubes con Kim Kardashian West","8/10/21"
"Ovnis: Proyectos de alto secreto desclasificados: El misterioso Proyecto Libro Azul","8/9/21"
"Los intrusos","8/9/21"
"En la cocina con Paris Hilton: Noche italiana con Demi Lovato","8/9/21"
"En la cocina con Paris Hilton: Hamburguesas veganas y papas fritas con Nikki Glaser","8/9/21"
"En la cocina con Paris Hilton: Noche de tacos con Saweetie","8/9/21"
"Control Z: Temporada 2: La última venganza","8/9/21"
"Control Z: Temporada 2: Control Z","8/9/21"
"Control Z: Temporada 2: Un minuto de silencio","8/9/21"
"Control Z: Temporada 2: Nuevos placeres","8/9/21"
"Control Z: Temporada 2: Nada que esconder","8/9/21"
"Control Z: Temporada 2: Necesidades","8/9/21"
"Control Z: Temporada 2: El Regreso","8/8/21"
"Control Z: Temporada 2: No se puede enterrar el pasado","8/8/21"
"The Crown: Temporada 2: Marionetas","7/31/21"
"Okupas: Miguel","7/27/21"
"Okupas: El guardián","7/27/21"
"Okupas: El Pollo de Troya","7/27/21"
"Okupas: Paranoia","7/27/21"
"Corazón borrado","7/27/21"
"The Crown: Temporada 2: Beryl","7/26/21"
"Yo nunca: Temporada 2: ... fui una chica perfecta","7/24/21"
"Yo nunca: Temporada 2: ... espié a mi propia madre","7/24/21"
"Sky Rojo: Temporada 2: Personas tóxicas","7/24/21"
"Sky Rojo: Temporada 2: Podridas y radiantes","7/24/21"
"Sky Rojo: Temporada 2: Langosta para los condenados","7/24/21"
"Sky Rojo: Temporada 2: La caja negra de las putas","7/24/21"
"Sky Rojo: Temporada 2: La noche que estuvimos muertas","7/24/21"
"Sky Rojo: Temporada 2: El miedo pesa diez mil toneladas","7/24/21"
"Sky Rojo: Temporada 2: El talento de los miserables","7/24/21"
"Sky Rojo: Temporada 2: Las putas no besaban en la boca","7/23/21"
"Yo nunca: Temporada 2: ... fui Daisy Buchanan","7/23/21"
"Yo nunca: Temporada 2: ... imploré perdón","7/23/21"
"Yo nunca: Temporada 2: ... traicioné una amistad","7/23/21"
"Okupas: Los Mantenidos","7/22/21"
"Okupas: El mascapito","7/22/21"
"Okupas: El beso de Judas","7/22/21"
"Okupas: El Ojo Blindado","7/22/21"
"Okupas: Bienvenidos al tren","7/22/21"
"Okupas: Los cincos mandamientos","7/21/21"
"Mi abuela es un peligro","7/21/21"
"Yo nunca: Temporada 2: ... arruiné la vida de alguien","7/21/21"
"Yo nunca: Temporada 2: ... tuve una amienemiga india","7/21/21"
"Yo nunca: Temporada 2: ... abrí un libro","7/21/21"
"Atypical: Temporada 3: Cocaína y carne de poni","7/21/21"
"Atypical: Temporada 3: Sam el Serio","7/21/21"
"Atypical: Temporada 3: Los mejores planes","7/21/21"
"Atypical: Temporada 4: Ave mágica n.º 1","7/21/21"
"Yo nunca: Temporada 2: ... hice una fiesta","7/20/21"
"Yo nunca: Temporada 2: ... jugué a dos puntas","7/20/21"
"Yo nunca: Temporada 1: ... pedí perdón","7/20/21"
"Yo nunca: Temporada 1: ... tuve que impresionar a alguien","7/20/21"
"Yo nunca: Temporada 1: ... molesté a todos los que conozco","7/20/21"
"Yo nunca: Temporada 1: ... he sido una mentirosa de lo peor","7/20/21"
"Yo nunca: Temporada 1: ... fui el chico más solitario del mundo","7/20/21"
"Yo nunca: Temporada 1: ... comencé una guerra nuclear","7/20/21"
"Yo nunca: Temporada 1: ... me sentí muy india","7/20/21"
"Yo nunca: Temporada 1: ... me emborraché con los populares","7/20/21"
"Yo nunca: Temporada 1: ... me acosté con Paxton Hall-Yoshida","7/20/21"
"La calle del terror (Parte 3): 1666","7/16/21"
"La clásica historia de terror","7/14/21"
"Atypical: Temporada 1: El tren a Pueblo Polvo","7/9/21"
"Feliz día de tu muerte 2","7/9/21"
"Maldición en el tercer piso","7/6/21"
"The Crown: Temporada 2: Lisboa","7/6/21"
"La leyenda del jinete sin cabeza","7/5/21"
"Vidas separadas","6/30/21"
"Pretty Guardian Sailor Moon Eternal: La película: (Parte 1) / (Parte 2): Pretty Guardian Sailor Moon Eternal: La película (Parte 1)","6/30/21"
"El caso Wanninkhof - Carabantes","6/30/21"
"RuPaul's Drag Race: Temporada 12: El baile de las bolas","6/28/21"
"RuPaul's Drag Race: Temporada 12: Lo peor del mundo","6/28/21"
"Secreto en la montaña","6/28/21"
"Operación Overlord","6/26/21"
"Mi primer beso","6/25/21"
"La casa de las flores: La película","6/24/21"
"Capitán Phillips","6/23/21"
"Navillera: Episodio 2","6/22/21"
"Navillera: Episodio 1","6/22/21"
"El código Da Vinci","6/21/21"
"Líbranos del mal","6/21/21"
"Carmel: ¿Quién mató a María Marta?: Miniserie: Un domingo lluvioso","6/21/21"
"El increíble castillo vagabundo","6/21/21"
"No sos vos, soy yo","6/20/21"
"Irrupción","6/20/21"
"Seguridad","6/20/21"
"Paternidad","6/19/21"
"Frito, fresco y crujiente: Las Vegas","6/17/21"
"Frito, fresco y crujiente: Savannah","6/17/21"
"Frito, fresco y crujiente: St. Louis","6/17/21"
"Keeping Up with the Kardashians: Temporada 4: La boda","6/17/21"
"Sweet Tooth: Temporada 1: Grandote","6/16/21"
"Sweet Tooth: Temporada 1: Cuando papá conoció a Pajarita","6/16/21"
"Sweet Tooth: Temporada 1: Peligro en el tren","6/16/21"
"Sweet Tooth: Temporada 1: ¿Qué hay en la cámara de frío?","6/16/21"
"Sweet Tooth: Temporada 1: Salsa secreta","6/16/21"
"Sweet Tooth: Temporada 1: Cosas raras de venado","6/16/21"
"Sweet Tooth: Temporada 1: Perdón por todos los muertos","6/16/21"
"Sweet Tooth: Temporada 1: Fuera del bosque","6/15/21"
"Vuelo 93","6/13/21"
"El Orfanato","6/13/21"
"Spirit: El corcel indomable","6/12/21"
"Disomnia","6/10/21"
"El mundo oculto de Sabrina: Parte 4: Capítulo treinta y seis: Pico de locura","6/3/21"
"El experimento fantasma","5/30/21"
"El legado de Júpiter: Las primeras luces del amanecer","5/26/21"
"Pequeños guerreros","5/25/21"
"Eliminar amigo 2","5/25/21"
"La noche de la expiación","5/25/21"
"Eliminar amigo","5/23/21"
"Temblores","5/23/21"
"Año uno","5/18/21"
"Oxígeno","5/18/21"
"La mujer en la ventana","5/16/21"
"El baile de los 41","5/16/21"
"Yo soy todas las niñas","5/16/21"
"Paredes siniestras","5/15/21"
"Nación asesina","5/14/21"
"Monstruo","5/11/21"
"A hornear con Nadiya: Postres tentadores","5/10/21"
"A hornear con Nadiya: Clásicos reinventados","5/10/21"
"Los hijos de Sam: Un descenso a los infiernos: Miniserie: El mal supremo","5/9/21"
"Los hijos de Sam: Un descenso a los infiernos: Miniserie: Entre la bala y la pared","5/9/21"
"Los hijos de Sam: Un descenso a los infiernos: Miniserie: Hola desde las cloacas","5/9/21"
"Selena: La serie: Parte 2: Cuando todo el mundo duerme","5/8/21"
"Selena: La serie: Parte 2: El Astrodome de Houston","5/8/21"
"Hillbilly, una elegía rural","5/8/21"
"Selena: La serie: Parte 2: Si una vez","5/8/21"
"Selena: La serie: Parte 2: Lo más bello","5/7/21"
"Selena: La serie: Parte 2: Ya no","5/7/21"
"Selena: La serie: Parte 2: Burbujitas","5/7/21"
"Selena: La serie: Parte 2: La llamada","5/5/21"
"El inocente: Miniserie: Episodio 8","5/5/21"
"El inocente: Miniserie: Episodio 7","5/5/21"
"El inocente: Miniserie: Episodio 6","5/5/21"
"Selena: La serie: Parte 2: Entre a mi mundo","5/4/21"
"Selena: La serie: Parte 2: Como la Flor","5/4/21"
"Selena: La serie: Parte 1: Y el premio es para...","5/4/21"
"El inocente: Miniserie: Episodio 5","5/4/21"
"El inocente: Miniserie: Episodio 4","5/4/21"
"El inocente: Miniserie: Episodio 3","5/4/21"
"El inocente: Miniserie: Episodio 2","5/4/21"
"El inocente: Miniserie: Episodio 1","5/3/21"
"Curve: La curva de la muerte","5/3/21"
"Everest","5/2/21"
"La familia Mitchell vs. las máquinas","5/2/21"
"¡Manos a las sobras!: ¡Los días festivos!","5/2/21"
"¡Manos a las sobras!: Gourmet del día del partido","5/2/21"
"¡Manos a las sobras!: De comida rápida a una cena elegante","5/2/21"
"Cocina a las hierbas: Francia frita","5/2/21"
"22 de julio","5/2/21"
"La apariencia de las cosas","5/2/21"
"Si algo me pasa, los quiero","5/1/21"
"Nailed It!: Problema doble: Vamos a necesitar una torta más grande","5/1/21"
"Nailed It!: Problema doble: La feria estatal","5/1/21"
"Nailed It!: Problema doble: Manjares de los dioses","5/1/21"
"Red de peligro","5/1/21"
"La vida a color con David Attenborough: Miniserie: La atracción del color","4/29/21"
"La vida a color con David Attenborough: Miniserie: El color como escondite","4/28/21"
"La vida a color con David Attenborough: Miniserie: La percepción del color","4/28/21"
"Dime cuando tú","4/25/21"
"Minions","4/25/21"
"Te veo","4/24/21"
"Luis Miguel - La serie: Temporada 2: Qué nivel de mujer","4/24/21"
"Luis Miguel - La serie: Temporada 1: Cuando calienta el sol","4/23/21"
"Crimen y deseo","4/22/21"
"Rompe el paso","4/21/21"
"RuPaul's Drag Race: Temporada 12: No me conoces","4/19/21"
"RuPaul's Drag Race: Temporada 12: Yo soy esa perra","4/19/21"
"RuPaul's Drag Race: Drag con poco","4/19/21"
"RuPaul's Drag Race: Temporada 8: El desfile de libro de RuPaul","4/19/21"
"Amor y monstruos","4/19/21"
"Fuerza Trueno","4/18/21"
"Madame Curie","4/17/21"
"The Walking Dead: Temporada 5: Extraños","4/17/21"
"¿Por qué me mataron?","4/17/21"
"Matrix","4/17/21"
"Pose: Temporada 2: Vale la pena","4/16/21"
"El sabor de las margaritas: Por mí...","4/16/21"
"El diablo a todas horas","4/15/21"
"El regreso a la laguna azul","4/15/21"
"Super Drags: Una sola voz","4/15/21"
"Super Drags: Quiero ser como soy","4/15/21"
"Super Drags: La cura para los gais","4/15/21"
"Super Drags: La imagen lo es todo","4/15/21"
"Super Drags: Hora del lip-sync","4/15/21"
"El Potro, lo mejor del amor","4/15/21"
"The Treasure","4/15/21"
"Mundos alienígenas: Atlas","4/15/21"
"Cazador de demonios","4/15/21"
"Pánico y locura en Las Vegas","4/14/21"
"Casper","4/14/21"
"Rudo y Cursi: La vida es un volado","4/14/21"
"Carmel: ¿Quién mató a María Marta?: Miniserie: Contar una historia","4/14/21"
"Tiny House Nation: Volumen 2: Un bombero reconstruye","4/11/21"
"Tiny House Nation: Volumen 2: Minicasa en la carretera","4/11/21"
"Tiny House Nation: Volumen 2: Volverse mini en la ciudad de la música","4/11/21"
"Remodelaciones de ensueño: Temporada 2: El baño como refugio","4/11/21"
"Remodelaciones de ensueño: Temporada 2: De mediados de siglo pero moderno","4/11/21"
"Remodelaciones de ensueño: Temporada 2: Una mansión se convierte en hogar","4/11/21"
"New Amsterdam: Temporada 2: Lo que quiere el corazón","4/10/21"
"New Amsterdam: Temporada 2: Buenos soldados","4/10/21"
"New Amsterdam: Temporada 2: La fuerte mano derecha","4/10/21"
"New Amsterdam: Temporada 2: La línea de Kármán","4/10/21"
"Un milagro para Lorenzo","4/10/21"
"La sirenita","4/10/21"
"Shrek tercero","4/10/21"
"New Amsterdam: Temporada 2: El denominador","4/10/21"
"New Amsterdam: Temporada 2: Reemplazo","4/10/21"
"New Amsterdam: Temporada 2: El panorama general","4/10/21"
"Patch Adams","4/9/21"
"New Amsterdam: Temporada 2: Tu turno","4/9/21"
"New Amsterdam: Temporada 1: Luna","4/9/21"
"New Amsterdam: Temporada 1: Este no es el final","4/9/21"
"New Amsterdam: Temporada 1: Prevenible","4/9/21"
"New Amsterdam: Temporada 1: Lugar feliz","4/9/21"
"New Amsterdam: Temporada 1: 8 km al oeste","4/9/21"
"New Amsterdam: Temporada 1: Santuario","4/9/21"
"New Amsterdam: Temporada 1: Rey de espadas","4/9/21"
"New Amsterdam: Temporada 1: Comahoma","4/8/21"
"The Crown: Temporada 2: Compañía de hombres","4/8/21"
"The Crown: Temporada 2: Desventura","4/8/21"
"New Amsterdam: Temporada 1: Abandono","4/8/21"
"New Amsterdam: Temporada 1: Nostalgia","4/8/21"
"New Amsterdam: Temporada 1: Ánima sola","4/8/21"
"New Amsterdam: Temporada 1: Hay lugar para uno más","4/8/21"
"New Amsterdam: Temporada 1: Seis o siete minutos","4/7/21"
"New Amsterdam: Temporada 1: Lo que sea necesario","4/7/21"
"La maldición de la abuela","4/7/21"
"El mundo perdido: Parque Jurásico","4/7/21"
"New Amsterdam: Temporada 1: Tres puntos","4/7/21"
"Shrek","4/7/21"
"New Amsterdam: Temporada 1: Efecto dominó","4/7/21"
"New Amsterdam: Temporada 1: Antropoceno","4/7/21"
"New Amsterdam: Temporada 1: Cavitación","4/7/21"
"New Amsterdam: Temporada 1: Límites","4/7/21"
"Tierra de zombies","4/7/21"
"The Crown: Temporada 1: Gloriana","4/7/21"
"New Amsterdam: Temporada 1: Hasta el último minuto","4/7/21"
"New Amsterdam: Temporada 1: Rituales","4/7/21"
"New Amsterdam: Temporada 1: Piloto","4/6/21"
"Andes mágicos: Temporada 2: Venezuela y Colombia","4/6/21"
"Erin Brockovich: Una mujer audaz","4/6/21"
"Voces del más allá","4/5/21"
"El amanecer de los muertos","4/5/21"
"La fuerza de la naturaleza","4/4/21"
"Estación zombie 2: Península","4/4/21"
"Sexy por accidente","4/1/21"
"The Crown: Temporada 1: Asesinos","3/31/21"
"Los Irregulares: Capítulo uno: Una crueldad en Londres","3/31/21"
"Moxie","3/31/21"
"Un viaje pesado","3/28/21"
"Batman: El caballero de la noche asciende","3/28/21"
"Mujeres arriba","3/28/21"
"The Crown: Temporada 1: Orgullo y alegría","3/28/21"
"Seaspiracy: La pesca insostenible","3/28/21"
"Ted 2","3/27/21"
"Hackers: Ningún sistema es seguro","3/25/21"
"Hospital","3/25/21"
"Jenni Rivera: Mariposa de Barrio, la serie: Ovación y despedida","3/24/21"
"Jenni Rivera: Mariposa de Barrio, la serie: Enredos de familia","3/24/21"
"Jenni Rivera: Mariposa de Barrio, la serie: Amenaza de secuestro","3/24/21"
"Jenni Rivera: Mariposa de Barrio, la serie: Una sorpresa para Jenni","3/24/21"
"Jenni Rivera: Mariposa de Barrio, la serie: Crece la familia Rivera","3/24/21"
"Jenni Rivera: Mariposa de Barrio, la serie: Proyecto: “La Gran Señora”","3/23/21"
"Jenni Rivera: Mariposa de Barrio, la serie: Jenni, inflexible","3/23/21"
"Jenni Rivera: Mariposa de Barrio, la serie: Jenni rompe con Esteban","3/23/21"
"Jenni Rivera: Mariposa de Barrio, la serie: Amor a todas luces","3/23/21"
"Jenni Rivera: Mariposa de Barrio, la serie: La conquista","3/23/21"
"Jenni Rivera: Mariposa de Barrio, la serie: Microfonazo en defensa propia","3/23/21"
"Jenni Rivera: Mariposa de Barrio, la serie: Juegan a ser coyotes","3/23/21"
"Jenni Rivera: Mariposa de Barrio, la serie: La ira de Pedro","3/23/21"
"Jenni Rivera: Mariposa de Barrio, la serie: Flaquea la carrera de Jenni","3/23/21"
"Jenni Rivera: Mariposa de Barrio, la serie: Más sufrimiento para Jenni","3/23/21"
"Jenni Rivera: Mariposa de Barrio, la serie: La generosidad de Jenni","3/23/21"
"Jenni Rivera: Mariposa de Barrio, la serie: Alegato final","3/23/21"
"Pose: Temporada 2: ¡Actúen!","3/21/21"
"Pose: Madre del año","3/21/21"
"Jenni Rivera: Mariposa de Barrio, la serie: La disquera en disputa","3/21/21"
"Pose: Aviso de desalojo","3/20/21"
"Supercool","3/20/21"
"El empleado nocturno","3/20/21"
"Ray","3/20/21"
"No","3/19/21"
"Sky Rojo: Temporada 1: Trampa de osos","3/19/21"
"Sky Rojo: Temporada 1: Pensar con la polla","3/19/21"
"Pasión de Gavilanes: Temporada 1: Bernardo y Libia son amantes","3/19/21"
"Sky Rojo: Temporada 1: Liebres o zorras","3/19/21"
"Sky Rojo: Temporada 1: La evasión","3/19/21"
"Sky Rojo: Temporada 1: Polvo y sangre","3/19/21"
"Sky Rojo: Temporada 1: El amor de las putas","3/19/21"
"Sky Rojo: Temporada 1: La realidad paralela","3/19/21"
"Sky Rojo: Temporada 1: Sofá de escay rojo","3/19/21"
"Jenni Rivera: Mariposa de Barrio, la serie: Alucinaciones","3/19/21"
"Jenni Rivera: Mariposa de Barrio, la serie: Otra decepción para Jenni","3/19/21"
"Los tiempos de Pablo Escobar: Episode 2","3/19/21"
"Jenni Rivera: Mariposa de Barrio, la serie: Fernie es otro","3/18/21"
"Jenni Rivera: Mariposa de Barrio, la serie: Trino en el estrado","3/18/21"
"Jenni Rivera: Mariposa de Barrio, la serie: La defensa de Trino","3/18/21"
"Jenni Rivera: Mariposa de Barrio, la serie: Rosie, testigo clave","3/18/21"
"Jenni Rivera: Mariposa de Barrio, la serie: Trino insiste en su inocencia","3/18/21"
"Pose: El amor es el mensaje","3/18/21"
"Pose: Día de las madres","3/18/21"
"Jenni Rivera: Mariposa de Barrio, la serie: El FBI detrás de Trino","3/17/21"
"Jenni Rivera: Mariposa de Barrio, la serie: Ruptura","3/17/21"
"Jenni Rivera: Mariposa de Barrio, la serie: Acorralan a Trino","3/16/21"
"Jenni Rivera: Mariposa de Barrio, la serie: Denuncian al violador","3/16/21"
"Pose: La fiebre","3/16/21"
"Jenni Rivera: Mariposa de Barrio, la serie: Todos van por Trino","3/16/21"
"Jenni Rivera: Mariposa de Barrio, la serie: Rosie desaparece","3/16/21"
"Jenni Rivera: Mariposa de Barrio, la serie: “Divina”, por una buena causa","3/16/21"
"Jenni Rivera: Mariposa de Barrio, la serie: Jenni se desquita","3/16/21"
"Jenni Rivera: Mariposa de Barrio, la serie: Jenni en el ojo de huracán","3/16/21"
"Jenni Rivera: Mariposa de Barrio, la serie: Jenni desacredita a una colega","3/15/21"
"Jenni Rivera: Mariposa de Barrio, la serie: Machista desenmascarado","3/15/21"
"Jenni Rivera: Mariposa de Barrio, la serie: Una vida juntos","3/15/21"
"Jenni Rivera: Mariposa de Barrio, la serie: Pedro aún quiere a Rosa","3/15/21"
"Pose: Dar y recibir","3/14/21"
"Jenni Rivera: Mariposa de Barrio, la serie: Jenni piensa como empresaria","3/14/21"
"Jenni Rivera: Mariposa de Barrio, la serie: Los Rivera conocen a Fernie","3/14/21"
"Jenni Rivera: Mariposa de Barrio, la serie: Jenni tiene un nuevo amor","3/14/21"
"Jenni Rivera: Mariposa de Barrio, la serie: Rosie cae en depresión","3/14/21"
"Jenni Rivera: Mariposa de Barrio, la serie: Nacida para triunfar","3/13/21"
"Jenni Rivera: Mariposa de Barrio, la serie: Jenni busca otro mánager","3/12/21"
"Jenni Rivera: Mariposa de Barrio, la serie: A las puertas del divorcio","3/12/21"
"Jenni Rivera: Mariposa de Barrio, la serie: Infieles","3/12/21"
"Jenni Rivera: Mariposa de Barrio, la serie: Jenni nominada al Latin Grammy","3/12/21"
"Jenni Rivera: Mariposa de Barrio, la serie: Jenni se hace famosa","3/12/21"
"Jenni Rivera: Mariposa de Barrio, la serie: Jenni, profesional de la canción","3/12/21"
"Jenni Rivera: Mariposa de Barrio, la serie: Jugosa oferta","3/12/21"
"Jenni Rivera: Mariposa de Barrio, la serie: Jenni confirma el engaño","3/11/21"
"Jenni Rivera: Mariposa de Barrio, la serie: Jenni busca pruebas","3/11/21"
"Jenni Rivera: Mariposa de Barrio, la serie: Matrimonio arruinado","3/11/21"
"Jenni Rivera: Mariposa de Barrio, la serie: Ansiedad por su arresto","3/11/21"
"Jenni Rivera: Mariposa de Barrio, la serie: Jenni quiere matar a Trino","3/11/21"
"Jenni Rivera: Mariposa de Barrio, la serie: Abuso sexual al descubierto","3/10/21"
"Jenni Rivera: Mariposa de Barrio, la serie: Matrimonio forzado","3/10/21"
"Pose: Acceso","3/10/21"
"Jenni Rivera: Mariposa de Barrio, la serie: A Jenni le roban la dignidad","3/10/21"
"Jenni Rivera: Mariposa de Barrio, la serie: Jenni la pasa mal","3/9/21"
"Jenni Rivera: Mariposa de Barrio, la serie: Se abre una puerta para Jenni","3/9/21"
"Jenni Rivera: Mariposa de Barrio, la serie: Sin suerte en el amor","3/9/21"
"Jenni Rivera: Mariposa de Barrio, la serie: Trino, “padre protector”","3/9/21"
"Jenni Rivera: Mariposa de Barrio, la serie: La radio le da la espalda","3/8/21"
"Jenni Rivera: Mariposa de Barrio, la serie: Jenni pone los frenos","3/8/21"
"Jenni Rivera: Mariposa de Barrio, la serie: Jenni apuesta de nuevo al amor","3/8/21"
"Halloween","3/8/21"
"Jenni Rivera: Mariposa de Barrio, la serie: Desgracia para Los Rivera","3/7/21"
"Jenni Rivera: Mariposa de Barrio, la serie: Difícil comienzo","3/7/21"
"Jenni Rivera: Mariposa de Barrio, la serie: Jenni mide su talento","3/7/21"
"Jenni Rivera: Mariposa de Barrio, la serie: Oportunidad para Lupillo","3/6/21"
"Jenni Rivera: Mariposa de Barrio, la serie: Sabor a fama","3/6/21"
"Pose: Piloto","3/6/21"
"Jenni Rivera: Mariposa de Barrio, la serie: Llamada de emergencia","3/5/21"
"Jenni Rivera: Mariposa de Barrio, la serie: Trino no cambia","3/5/21"
"Jenni Rivera: Mariposa de Barrio, la serie: El amor todo lo puede","3/5/21"
"La noche del demonio: La última llave","3/5/21"
"Jenni Rivera: Mariposa de Barrio, la serie: Maligna tentación","3/4/21"
"Jenni Rivera: Mariposa de Barrio, la serie: Paternidad negada","3/4/21"
"Jenni Rivera: Mariposa de Barrio, la serie: Trino apuesta a las dos","3/4/21"
"Jenni Rivera: Mariposa de Barrio, la serie: El secreto de Jenni","3/4/21"
"Jenni Rivera: Mariposa de Barrio, la serie: Niñez interrumpida","3/4/21"
"Jenni Rivera: Mariposa de Barrio, la serie: Dolores de parto","3/4/21"
"Jenni Rivera: Mariposa de Barrio, la serie: Noticia bomba para Trino","3/4/21"
"Jenni Rivera: Mariposa de Barrio, la serie: Desliz amoroso","3/4/21"
"Jenni Rivera: Mariposa de Barrio, la serie: Malditos celos","3/3/21"
"Jenni Rivera: Mariposa de Barrio, la serie: Jenni regresa con Trino","3/3/21"
"Jenni Rivera: Mariposa de Barrio, la serie: Decisión insospechada","3/3/21"
"Jenni Rivera: Mariposa de Barrio, la serie: Carrusel de emociones","3/3/21"
"Jenni Rivera: Mariposa de Barrio, la serie: La idea de ser cantante","3/3/21"
"Jenni Rivera: Mariposa de Barrio, la serie: Machista arrepentido","3/3/21"
"Jenni Rivera: Mariposa de Barrio, la serie: El debut de Jenni","3/3/21"
"Regreso al futuro: Parte III","3/1/21"
"Regreso al futuro: Parte II","3/1/21"
"Crepúsculo, la saga: Amanecer (Parte 2)","2/27/21"
"Crepúsculo, la saga: Amanecer (Parte 1)","2/27/21"
"Crepúsculo, la saga: Eclipse","2/27/21"
"The Protector: Temporada 3: Episodio 6","2/26/21"
"The Protector: Temporada 3: Episodio 5","2/26/21"
"Crepúsculo, la saga: Luna nueva","2/25/21"
"Infectados","2/21/21"
"El rey","2/21/21"
"You: Temporada 1: Soy tuyo","2/21/21"
"La cabaña del terror","2/20/21"
"Sugar Rush: Extradulce: Sabores tropicales","2/20/21"
"La venganza de la casa del lago","2/20/21"
"¿Quién *&$%! son los Miller?","2/17/21"
"You vs. Wild: Operación rescate en la selva (Parte 2)","2/17/21"
"You vs. Wild: Operación rescate en la selva (Parte 1)","2/17/21"
"Misión Safari: Una película interactiva de You vs. Wild","2/17/21"
"Apóstol","2/15/21"
"Escena del crimen: Desaparición en el hotel Cecil: Miniserie: El laberinto sin salida","2/14/21"
"Escena del crimen: Desaparición en el hotel Cecil: Miniserie: Los misterios del hotel Cecil","2/14/21"
"Escena del crimen: Desaparición en el hotel Cecil: Miniserie: Desaparecida en Los Ángeles","2/14/21"
"Punto rojo","2/13/21"
"Cocina a las hierbas: Patatas pasadas","2/11/21"
"Cocina a las hierbas: Todo verde","2/11/21"
"Cocina a las hierbas: Delicias vespertinas","2/11/21"
"Ten cuidado a quién llamas","2/11/21"
"Barrenderos espaciales","2/10/21"
"2012","2/10/21"
"Godzilla","2/6/21"
"Ace Ventura: Cuando la naturaleza llama","2/6/21"
"Black Beach","2/6/21"
"Pixeles","2/5/21"
"Todos mis amigos están muertos","2/5/21"
"Bajocero","2/4/21"
"La excavación","2/4/21"
"Llámame por tu nombre","2/3/21"
"Un golpe con estilo","2/3/21"
"Pose: Temporada 2: En mis tacones","2/3/21"
"Pose: Temporada 2: Viva la playa","2/3/21"
"RuPaul's Drag Race: Temporada 8: Política traicionera","2/3/21"
"Pose: Temporada 2: Revelaciones","2/3/21"
"Pose: Temporada 2: Coca","2/3/21"
"Pose: Temporada 2: Hoy el amor necesita amor","2/3/21"
"Pose: Temporada 2: ¿Qué haría ahora Candy?","2/3/21"
"Los últimos zares: Miniserie: La casa del propósito especial","2/2/21"
"Los últimos zares: Miniserie: Revolución","2/2/21"
"Los últimos zares: Miniserie: Guerra","2/2/21"
"Los últimos zares: Miniserie: El elegido","2/2/21"
"¡Llama a mi agente!: Temporada 4: Jean","2/2/21"
"¡Llama a mi agente!: Temporada 4: Sigourney","2/2/21"
"Pose: Temporada 2: No había conocido un amor así","2/2/21"
"‘Ohana: Un magnífico tesoro","1/31/21"
"¡Llama a mi agente!: Temporada 4: Sandrine","1/31/21"
"AJ and the Queen: Little Rock","1/29/21"
"AJ and the Queen: Mount Juliet","1/29/21"
"AJ and the Queen: Louisville","1/29/21"
"AJ and the Queen: Columbus","1/29/21"
"AJ and the Queen: Pittsburgh","1/29/21"
"AJ and the Queen: Nueva York","1/29/21"
"Miss Simpatía 2: Armada y fabulosa","1/28/21"
"¡Llama a mi agente!: Temporada 4: José","1/28/21"
"Tigre Blanco","1/28/21"
"¡Llama a mi agente!: Temporada 4: Franck","1/28/21"
"Hostal","1/27/21"
"Los tiempos de Pablo Escobar: Episode 1","1/27/21"
"¡Llama a mi agente!: Temporada 4: Charlotte","1/27/21"
"Madre solo hay dos: Temporada 1: Dating","1/27/21"
"Madre solo hay dos: Temporada 1: Mi familia no es perfecta","1/27/21"
"Madre solo hay dos: Temporada 1: Paternidad","1/26/21"
"Madre solo hay dos: Temporada 1: Dinámicas familiares","1/26/21"
"Madre solo hay dos: Temporada 1: Bienvenidas a casa","1/26/21"
"Madre solo hay dos: Temporada 1: Chin-chan-pú","1/26/21"
"Lupin: Parte 1: Capítulo 5","1/26/21"
"Destino: La saga Winx: Temporada 1: Pesadas esperanzas mortales","1/26/21"
"El mundo oculto de Sabrina: Parte 4: Capítulo treinta y cinco: Interminable","1/25/21"
"El mundo oculto de Sabrina: Parte 4: Capítulo treinta y cuatro: Los resucitados","1/25/21"
"Zona de riesgo","1/22/21"
"Papá por dos","1/22/21"
"La quinta ola","1/22/21"
"Lupin: Parte 1: Capítulo 4","1/22/21"
"Lupin: Parte 1: Capítulo 1","1/22/21"
"Lupin: Parte 1: Capítulo 3","1/22/21"
"#Vivo","1/21/21"
"Lupin: Parte 1: Capítulo 2","1/21/21"
"The Witcher: Temporada 1: Principio del fin","1/19/21"
"Jumanji: En la selva","1/17/21"
"Animales fantásticos y dónde encontrarlos","1/17/21"
"Ladrona de identidades","1/16/21"
"Drácula: La historia jamás contada","1/16/21"
"Mi mejor amigo","1/16/21"
"Batman: El caballero de la noche","1/16/21"
"La bruja","1/16/21"
"Pienso en el final","1/15/21"
"Inquebrantable","1/15/21"
"La maldición de la casa Winchester","1/15/21"
"Al acecho","1/15/21"
"Greenleaf: Tiempo de sanación","1/14/21"
"Equinox: Va a pasar de nuevo","1/14/21"
"Cobra Kai: Temporada 2: Otra vez juntos","1/14/21"
"Cobra Kai: Temporada 2: Piedad (Parte 2)","1/14/21"
"Cobra Kai: Temporada 1: Piedad","1/14/21"
"Cobra Kai: Temporada 1: Diferentes pero iguales","1/14/21"
"Cobra Kai: Temporada 1: Muda","1/14/21"
"Cobra Kai: Temporada 1: All Valley","1/13/21"
"Cobra Kai: Temporada 1: As degenerado","1/13/21"
"El mundo oculto de Sabrina: Parte 4: Capítulo treinta y tres: Deus ex machina","1/12/21"
"El mundo oculto de Sabrina: Parte 1: Capítulo cinco: Los sueños en la casa de la bruja","1/12/21"
"Jigsaw: El juego continúa","1/11/21"
"Cobra Kai: Temporada 1: Temblor","1/11/21"
"Cobra Kai: Temporada 1: Contrapeso","1/11/21"
"Cobra Kai: Temporada 1: Cobra Kai nunca muere","1/11/21"
"Cobra Kai: Temporada 1: Esqueleto","1/11/21"
"Cobra Kai: Temporada 1: Golpear primero","1/11/21"
"The Crown: Temporada 1: Scientia potentia est","1/7/21"
"The Crown: Temporada 1: Noticia bomba","1/7/21"
"The Crown: Temporada 1: Humo y espejos","1/7/21"
"Gambito de dama: Miniserie: Medio juego","1/5/21"
"Gambito de dama: Miniserie: Peones doblados","1/5/21"
"Gambito de dama: Miniserie: Intercambios","1/5/21"
"The Crown: Temporada 1: Fuerza mayor","1/5/21"
"The Crown: Temporada 1: Windsor","1/5/21"
"The Crown: Temporada 1: Hyde Park Corner","1/4/21"
"The Crown: Temporada 1: Wolferton Splash","1/4/21"
"El mundo oculto de Sabrina: Parte 4: Capítulo treinta y dos: El demonio de la perversidad","1/2/21"
"El mundo oculto de Sabrina: Parte 4: Capítulo treinta y uno: Raro","1/2/21"
"El mundo oculto de Sabrina: Parte 4: Capítulo treinta: Nadie lo invitó","1/2/21"
"El mundo oculto de Sabrina: Parte 4: Capítulo veintinueve: La oscuridad arcana","1/2/21"
"Gambito de dama: Miniserie: Aperturas","1/2/21"
"El mundo oculto de Sabrina: Parte 1: Capítulo nueve: El resucitado","1/1/21"
"El testamento de la abuela","12/31/20"
"Matrix: Recargado","12/30/20"
"Regreso al futuro","12/30/20"
"Las tres muertes de Marisela Escobedo","12/29/20"
"Cielo de medianoche","12/28/20"
"En busca de Bobby Fischer","12/28/20"
"El marginal: Temporada 1: Capítulo 11","12/28/20"
"El robo del siglo: Miniserie: Un negocio bonito","12/28/20"
"12 horas para sobrevivir: El inicio","12/28/20"
"Bárbaros: La batalla","12/27/20"
"Bárbaros: Traición","12/27/20"
"Bárbaros: El nuevo reik","12/27/20"
"Bárbaros: Al límite","12/26/20"
"Bárbaros: Venganza","12/26/20"
"Bárbaros: El lobo y el águila","12/26/20"
"Escuadrón suicida","12/25/20"
"NARUTO: Temporada 1: Enter: Naruto Uzumaki!","12/25/20"
"El último rey","12/24/20"
"Inactividad paranormal","12/24/20"
"Mac & Devin Go to High School","12/24/20"
"Cambio de papeles","12/24/20"
"Naruto Shippuden: Temporada 1: De vuelta a casa","12/23/20"
"Las crónicas de Navidad","12/23/20"
"Booba: Temporada 1: Mouse Trap","12/23/20"
"Booba: Temporada 1: Bow Tie","12/23/20"
"Booba: Temporada 1: Attic","12/23/20"
"Booba: Temporada 1: Garage","12/23/20"
"Los Juegos Del Hambre Sinsajo El Final​","12/21/20"
"Orange Is the New Black: Temporada 5: Miedo a perderse el motín","12/20/20"
"Insurgente","12/20/20"
"Booba: Temporada 1: The Candle","12/20/20"
"Booba: Temporada 1: Biology Cabinet","12/20/20"
"El patrón, radiografía de un crimen","12/20/20"
"Inside the World’s Toughest Prisons: Temporada 4: Lesoto: La agresión sexual como moneda corriente","12/20/20"
"Anitta: De Honório para el mundo: Anitta","12/20/20"
"El destripador de Yorkshire: Miniserie: Había una vez en Yorkshire","12/20/20"
"Los Juegos del Hambre: Sinsajo (Parte 1)","12/19/20"
"Booba: Temporada 1: Game Room","12/18/20"
"Booba: Temporada 1: Office","12/18/20"
"Booba: Temporada 1: Nursery","12/18/20"
"Booba: Temporada 1: Bathroom","12/18/20"
"Booba: Temporada 1: Kitchen","12/18/20"
"Booba: Temporada 2 (Parte 1): Sandwiches","12/18/20"
"Booba: Temporada 2 (Parte 1): Ghost","12/18/20"
"Booba: Temporada 2 (Parte 1): Video Game","12/18/20"
"Booba: Temporada 2 (Parte 1): Playtime","12/18/20"
"Booba: Temporada 2 (Parte 1): Christmas Tree","12/18/20"
"Booba: Temporada 2 (Parte 1): Hockey","12/18/20"
"Booba: Temporada 2 (Parte 1): Super Booba","12/18/20"
"Booba: Temporada 2 (Parte 1): Remote Control","12/18/20"
"Booba: Temporada 2 (Parte 2): Show","12/18/20"
"Booba: Temporada 2 (Parte 2): Guest","12/18/20"
"Booba: Temporada 2 (Parte 2): Magic Wardrobe","12/18/20"
"Booba: Temporada 2 (Parte 2): Treasure Map","12/18/20"
"Booba: Temporada 2 (Parte 2): Magic chalk","12/18/20"
"Booba: Temporada 2 (Parte 2): Music Shop","12/18/20"
"Booba: Temporada 2 (Parte 2): Spaceship","12/18/20"
"Booba: Temporada 2 (Parte 2): Gift Shop","12/18/20"
"Booba: Temporada 2 (Parte 2): Ballet","12/18/20"
"Booba: Temporada 2 (Parte 2): Bowling","12/18/20"
"Booba: Temporada 2 (Parte 2): Crazy Golf","12/18/20"
"Booba: Temporada 2 (Parte 2): Toy Store","12/18/20"
"¡Nailed It! México: Temporada 1: Feliz cumplehornos","12/16/20"
"Sugar Rush: Extradulce: A tientas","12/15/20"
"Sugar Rush: Extradulce: La ilusión perfecta","12/15/20"
"Sugar Rush: Extradulce: Cocina con vuelo","12/15/20"
"Zumbo's Just Desserts: Temporada 2: Es momento de hacer magia","12/15/20"
"El manual de juego: Patrick Mouratoglou: Lecciones de vida de un entrenador","12/15/20"
"El manual de juego: José Mourinho: Lecciones de vida de un entrenador","12/15/20"
"El manual de juego: Dawn Staley: Lecciones de vida de una entrenadora","12/15/20"
"Sugar Rush: Extradulce: Comida chatarra para expertos","12/13/20"
"Selena: La serie: Parte 1: Dame un beso","12/13/20"
"Selena: La serie: Parte 1: Un sueño","12/13/20"
"Cuidado con lo que deseas","12/13/20"
"La vida ante sí","12/10/20"
"Le Manoir","12/8/20"
"Sugar Rush: Delicias navideñas: Temporada 2: Polo Norte","12/8/20"
"Sugar Rush: Delicias navideñas: Temporada 2: Intercambio de regalos","12/8/20"
"Sugar Rush: Delicias navideñas: Temporada 2: Cuenta regresiva navideña","12/8/20"
"Sugar Rush: Delicias navideñas: Temporada 2: Una Navidad llena de delicias","12/8/20"
"Eventos de la Segunda Guerra Mundial a todo color: Batalla de Inglaterra","12/8/20"
"Eventos de la Segunda Guerra Mundial a todo color: Blitzkrieg","12/8/20"
"La Nochebuena es mi condena","12/8/20"
"Gladiador","12/7/20"
"Selena: La serie: Parte 1: Qué creías","12/7/20"
"Selena: La serie: Parte 1: Oro","12/7/20"
"Selena: La serie: Parte 1: Fideo","12/7/20"
"Selena: La serie: Parte 1: My Love","12/5/20"
"Selena: La serie: Parte 1: Dulce amor","12/5/20"
"Selena: La serie: Parte 1: Teloneros","12/5/20"
"Elizabeth: La edad de oro","12/3/20"
"Tropa de élite","12/3/20"
"Voces","12/2/20"
"300: El nacimiento de un imperio","12/2/20"
"La bestia","11/30/20"
"Natural Born Monsters: Episodio 5","11/30/20"
"Mosul","11/30/20"
"Truman Show: Historia de una vida","11/29/20"
"The Innocents","11/29/20"
"Pizza, birra, faso","11/29/20"
"Lara Croft: Tomb Raider","11/29/20"
"El camino de la noche: Temporada 1: Sylvie","11/26/20"
"Las crónicas de Navidad: Parte dos","11/26/20"
"Dioses de Egipto","11/26/20"
"El cuaderno de Tomy","11/25/20"
"Glow Up: Temporada 1: Prótesis de cine","11/24/20"
"El cadáver","11/22/20"
"A Fall from Grace","11/21/20"
"El cuarto juicio: Miniserie: Capítulo 1: Un asesinato como una ejecución","11/20/20"
"Intercambio de princesas 2","11/20/20"
"Next in Fashion: Temporada 1: La final","11/19/20"
"Next in Fashion: Temporada 1: Denim","11/19/20"
"Next in Fashion: Temporada 1: Militar","11/19/20"
"Next in Fashion: Temporada 1: Ropa deportiva","11/19/20"
"Next in Fashion: Temporada 1: Rock","11/18/20"
"Next in Fashion: Temporada 1: Ropa interior","11/18/20"
"Next in Fashion: Temporada 1: Ropa urbana","11/18/20"
"Next in Fashion: Temporada 1: El traje","11/18/20"
"Next in Fashion: Temporada 1: Estampados","11/18/20"
"Next in Fashion: Temporada 1: La alfombra roja","11/18/20"
"Jingle Jangle: Una mágica Navidad","11/17/20"
"The Worthy","11/16/20"
"Somnia: Antes de despertar","11/15/20"
"Geo-Tormenta","11/15/20"
"Jurassic World: El reino caído","11/12/20"
"Cuando se rompe la rama","11/10/20"
"Sigo Aquí","11/10/20"
"La citación","11/9/20"
"El descanso","11/9/20"
"Amor de calendario","11/8/20"
" : Episodio 3","11/8/20"
"Manjares divinos: Transformación para llevar","11/7/20"
"Manjares divinos: Barbacoas diferentes","11/7/20"
"Zumbo's Just Desserts: Temporada 2: Llegó la hora de brillar","11/7/20"
"Perdida: El español","11/7/20"
"Bob Esponja: Al rescate","11/7/20"
"Zumbo's Just Desserts: Temporada 2: Jardín secreto","11/4/20"
"Zumbo's Just Desserts: Temporada 2: Humo y espejos","11/4/20"
"Zumbo's Just Desserts: Temporada 2: Noche de terror","11/4/20"
"Examen de conciencia: Episodio 3","11/3/20"
"En la hierba alta","11/3/20"
"Zumbo's Just Desserts: Temporada 2: Suspendido en el tiempo","11/2/20"
"Zumbo's Just Desserts: Temporada 2: Un cumpleaños encantado","11/2/20"
"Zumbo's Just Desserts: Temporada 2: Fuera de este mundo","11/2/20"
"Examen de conciencia: Episodio 2","11/2/20"
"Zumbo's Just Desserts: Temporada 2: Helado de ensueño","11/1/20"
"Zumbo's Just Desserts: Temporada 2: La torre de terror","11/1/20"
"Los secretos de la tumba de Saqqara","11/1/20"
"Su casa","10/30/20"
"Nanny McPhee: La nana mágica","10/30/20"
"Lucy","10/30/20"
"Más allá de la Luna","10/29/20"
"Solo los valientes","10/26/20"
"Baby: Temporada 3: Más allá del acuario","10/25/20"
"Baby: Temporada 3: 100 días","10/25/20"
"Baby: Temporada 3: No más secretos","10/24/20"
"Baby: Temporada 3: Pide un deseo","10/24/20"
"Baby: Temporada 3: 26 de abril de 1915","10/24/20"
"RuPaul’s Drag Race: All Stars: Temporada 4: Sex and the Kitty","10/23/20"
"Baby: Temporada 3: Día de San Valentín","10/22/20"
"Baby: Temporada 2: Baby","10/22/20"
"Baby: Temporada 2: Sin salida","10/22/20"
"Baby: Temporada 2: Verdad o reto","10/22/20"
"Baby: Temporada 2: Fantasmas","10/22/20"
"Baby: Temporada 2: La oferta","10/22/20"
"Baby: Temporada 2: #justagame","10/22/20"
"Baby: Temporada 1: #Amor","10/22/20"
"Baby: Temporada 1: El último intento","10/21/20"
"Baby: Temporada 1: Emma","10/21/20"
"Baby: Temporada 1: #ZonaDeAmistad","10/21/20"
"Baby: Temporada 1: Títere","10/21/20"
"Baby: Temporada 1: Superpoderes","10/21/20"
"¡Bu! 2: Una noche de brujas de Madea","10/21/20"
"Bajo sospecha: Temporada 2: El Oso","10/20/20"
"Bajo sospecha: Temporada 2: La Llave","10/20/20"
"Bajo sospecha: Episodio 8","10/20/20"
"IT (Eso)","10/19/20"
"Bajo sospecha: Episodio 7","10/18/20"
"Bajo sospecha: Episodio 6","10/16/20"
"Bajo sospecha: Episodio 5","10/16/20"
"Bajo sospecha: Episodio 4","10/16/20"
"La maldición de Bly Manor: El mejor de los lugares","10/16/20"
"Bajo sospecha: Episodio 3","10/16/20"
"Bajo sospecha: Episodio 2","10/15/20"
"Bajo sospecha: Episodio 1","10/15/20"
"Scooby-Doo","10/14/20"
"Condena y redención: El caso de Cyntoia Brown","10/14/20"
"Grita, te estamos filmando: Temporada 1: Depósito de ovnis","10/14/20"
"Grita, te estamos filmando: Temporada 1: El campamento del terror","10/14/20"
"Grita, te estamos filmando: Temporada 1: Urgencias de miedo","10/14/20"
"Hacia el lago: Episodio 8","10/13/20"
"Hacia el lago: Episodio 7","10/13/20"
"Hacia el lago: Episodio 6","10/13/20"
"Poltergeist: Juegos diabólicos","10/13/20"
"Trump: An American Dream: Miniserie: Manhattan","10/13/20"
"American Murder: La familia de al lado","10/13/20"
"Grita, te estamos filmando: Temporada 1: La cara del espanto","10/13/20"
"Grita, te estamos filmando: Temporada 1: Al final del camino","10/13/20"
"Grita, te estamos filmando: Temporada 1: Osito espantoso","10/13/20"
"Tornado","10/12/20"
"Hacia el lago: Episodio 5","10/12/20"
"Hacia el lago: Episodio 4","10/12/20"
"El rescate","10/10/20"
"Hacia el lago: Episodio 3","10/9/20"
"Hacia el lago: Episodio 2","10/9/20"
"Hacia el lago: Episodio 1","10/8/20"
"72 Dangerous Places to Live: Esa sensación de hundimiento","10/7/20"
"72 Dangerous Places to Live: Tiempo y marea","10/7/20"
"Los 100: Temporada 3: Términos y condiciones","10/7/20"
"Los 100: Temporada 3: Trece","10/7/20"
"Los 100: Temporada 3: Cosecha amarga","10/7/20"
"Los 100: Temporada 3: Ten fe","10/7/20"
"Los 100: Temporada 3: Vigilen los tronos","10/6/20"
"Los 100: Temporada 3: Ustedes, los que entran aquí","10/6/20"
"Los 100: Temporada 3: Wanheda (Parte 2)","10/6/20"
"Los 100: Temporada 3: Wanheda (Parte 1)","10/6/20"
"Los 100: Temporada 2: Sangre debe tener sangre (Parte 2)","10/6/20"
"Los 100: Temporada 2: Sangre debe tener sangre (Parte 1)","10/6/20"
"Los 100: Temporada 2: Guardaespaldas de mentiras","10/6/20"
"Los 100: Temporada 2: Resurrección","10/6/20"
"Los 100: Temporada 2: Rubicon","10/6/20"
"Los 100: Temporada 2: Golpe de gracia","10/6/20"
"Los 100: Temporada 2: La supervivencia de los más aptos","10/6/20"
"Los 100: Temporada 2: Recuérdame","10/6/20"
"Los 100: Temporada 2: Caminante espacial","10/6/20"
"Los 100: Temporada 2: Larga caída al abismo","10/5/20"
"Los 100: Temporada 2: Nubes de guerra","10/5/20"
"Los 100: Temporada 2: Pruebas humanas","10/5/20"
"Los 100: Temporada 2: Muchos encuentros felices","10/4/20"
"Los 100: Temporada 2: Repercusiones","10/4/20"
"El final de todo","10/4/20"
"Los 100: Temporada 2: El inclemente monte Weather","10/3/20"
"Los 100: Temporada 2: Los 48","10/2/20"
"Los 100: Somos terrestres (Parte 2)","10/2/20"
"Los 100: Somos terrestres (Parte 1)","10/2/20"
"Los 100: La calma","10/2/20"
"Los 100: Me convierto en la muerte","10/2/20"
"Los 100: Día de la unidad","10/2/20"
"Los 100: Viaje de un día","10/2/20"
"Los 100: Bajo presión","10/2/20"
"Los 100: El guardián de su hermana","10/2/20"
"Los 100: El último destello del crepúsculo","10/2/20"
"Los 100: La ley de Murphy","10/2/20"
"Los 100: Morir en la Tierra","10/2/20"
"Los 100: Sobrevivir en la Tierra","10/1/20"
"Los 100: Piloto","10/1/20"
"Ocultos por la Luna","9/30/20"
"La vida de David Gale","9/29/20"
"La maldición de Chucky","9/29/20"
"Misión de rescate","9/29/20"
" : Episodio 2","9/28/20"
"Gotham: Piloto","9/28/20"
"Inside the World’s Toughest Prisons: Temporada 4: Mauricio: La cárcel de los castigos inclementes","9/27/20"
"Inside the World’s Toughest Prisons: Temporada 4: Alemania: Una prisión con terapia","9/27/20"
"Inside the World’s Toughest Prisons: Temporada 4: Paraguay: La cárcel más peligrosa del mundo","9/27/20"
"Reas: Ella me provocó y yo respondí","9/25/20"
"Reas: Un enloquecido y bello amor","9/25/20"
"Reas: ¡Con la mi*rda hasta las narices!","9/25/20"
"Reas: Todas somos delincuentes","9/25/20"
"Reas: Soy la maldita gorda","9/25/20"
"Reas: Vestidas de naranja","9/25/20"
"Verdad o reto: Versión extendida","9/24/20"
"The Story of Diana: Parte 1","9/22/20"
"Lindas mentirosas: Temporada 4: En lo profundo","9/21/20"
"Lindas mentirosas: Temporada 4: El manual de la chica culpable","9/21/20"
"El practicante","9/20/20"
"Terror en Silent Hill","9/20/20"
"Hombres de negro","9/20/20"
"Sugar High","9/18/20"
"Sugar Rush: Delicias navideñas: Temporada 1: Maravillas invernales","9/17/20"
"Sugar Rush: Delicias navideñas: Temporada 1: Santa ya llegó","9/17/20"
"Sugar Rush: Delicias navideñas: Temporada 1: Cascanueces","9/16/20"
"La niñera: Reina Letal","9/16/20"
"La niñera","9/16/20"
"El espantatiburones","9/16/20"
"Sugar Rush: Delicias navideñas: Temporada 1: Dulces villancicos","9/16/20"
"Sugar Rush: Delicias navideñas: Temporada 1: Arbolito de Navidad","9/16/20"
"Sugar Rush: Delicias navideñas: Temporada 1: Espíritu navideño","9/16/20"
"Sugar Rush: Temporada 1: Sabores estimulantes","9/16/20"
"Sugar Rush: Temporada 1: El último grito de la pastelería","9/16/20"
"Sugar Rush: Temporada 1: Campamento Sugar Rush","9/16/20"
"Lo imposible","9/15/20"
"Sugar Rush: Temporada 1: Ciencia cocción","9/15/20"
"Sugar Rush: Temporada 1: Pasteles con vista al mar","9/15/20"
"Sugar Rush: Temporada 1: Festividades","9/15/20"
"El sustituto","9/15/20"
"Colateral: Lugar y tiempo equivocado","9/13/20"
"Diana: In Her Own Words","9/13/20"
"Sugar Rush: Temporada 1: Desafío, dulce desafío","9/13/20"
"Sugar Rush: Temporada 1: ¡Sorpresa!","9/13/20"
"La reunión del diablo","9/12/20"
"Damas de la noche: Sin máscaras","9/10/20"
"Damas de la noche: El ataque","9/10/20"
"Damas de la noche: Amar o partir","9/10/20"
"Damas de la noche: El trato","9/10/20"
"Annabelle 2: La creación","9/10/20"
"Sugar Rush: Temporada 2: La ciencia de la dulzura","9/10/20"
"Sugar Rush: Temporada 2: Hecho con amor","9/10/20"
"Damas de la noche: Síguele el juego","9/9/20"
"Damas de la noche: Mentira de más","9/9/20"
"Sugar Rush: Temporada 2: Un mundo de chocolate","9/9/20"
"Sugar Rush: Temporada 2: Familias unidas por la pastelería","9/9/20"
"Sugar Rush: Temporada 2: ¡Dame fuego!","9/9/20"
"Soy un asesino: Temporada 2: Intenciones honestas","9/9/20"
"Soy un asesino: Temporada 2: Atrapada","9/8/20"
"Soy un asesino: Temporada 2: Un chico normal","9/8/20"
"Damas de la noche: El menor de los pecados","9/8/20"
"Damas de la noche: Se abrió la jaula","9/8/20"
"Los más buscados del mundo: Ismael “el Mayo” Zambada García: Jefe del cártel de Sinaloa","9/8/20"
"Sugar Rush: Temporada 2: Tendencias dulces","9/8/20"
"Soy un asesino: Temporada 2: Ultraviolento","9/7/20"
"Zona blanca: El sueño del lobo","9/7/20"
"¡Nailed It! México: Temporada 2: Carnaval de errores","9/7/20"
"¡Nailed It! México: Temporada 2: Arte desastre","9/7/20"
"¡Nailed It! México: Temporada 2: Pasteles fuera de órbita","9/7/20"
"Emoji: La película","9/7/20"
"Rica, famosa, latina: Temporada 4: Episodio 46","9/6/20"
"Rica, famosa, latina: Temporada 4: Episodio 45","9/6/20"
"Rica, famosa, latina: Temporada 4: Episodio 44","9/6/20"
"Natural Born Monsters: Episodio 4","9/6/20"
"Rica, famosa, latina: Temporada 4: Episodio 43","9/6/20"
"Rica, famosa, latina: Temporada 4: Episodio 42","9/5/20"
"Rica, famosa, latina: Temporada 4: Episodio 41","9/5/20"
"Rica, famosa, latina: Temporada 4: Episodio 40","9/5/20"
"Rica, famosa, latina: Temporada 4: Episodio 39","9/4/20"
"Rica, famosa, latina: Temporada 4: Episodio 38","9/4/20"
"Rica, famosa, latina: Temporada 4: Episodio 37","9/4/20"
"Rica, famosa, latina: Temporada 4: Episodio 36","9/3/20"
"Rica, famosa, latina: Temporada 4: Episodio 35","9/3/20"
"Rica, famosa, latina: Temporada 4: Episodio 34","9/3/20"
"Rica, famosa, latina: Temporada 4: Episodio 33","9/3/20"
"Rica, famosa, latina: Temporada 4: Episodio 32","9/3/20"
"La isla siniestra","9/3/20"
"Plan de escape","9/3/20"
"Rica, famosa, latina: Temporada 4: Episodio 31","9/3/20"
"Rica, famosa, latina: Temporada 4: Episodio 30","9/3/20"
"Rica, famosa, latina: Temporada 4: Episodio 29","9/2/20"
"Rica, famosa, latina: Temporada 4: Episodio 28","9/2/20"
"Rica, famosa, latina: Temporada 4: Episodio 27","9/2/20"
"Rica, famosa, latina: Temporada 4: Episodio 26","9/2/20"
"Rica, famosa, latina: Temporada 4: Episodio 25","9/2/20"
"Rica, famosa, latina: Temporada 4: Episodio 24","9/2/20"
"Rica, famosa, latina: Temporada 4: Episodio 23","9/2/20"
"El puente maldito","9/1/20"
"Obsesión secreta","9/1/20"
"El secuestro de Stella","9/1/20"
"Chicas perdidas","9/1/20"
"Cuentos de la cripta: Caballero del diablo","9/1/20"
"Rica, famosa, latina: Temporada 4: Episodio 22","9/1/20"
"Rica, famosa, latina: Temporada 4: Episodio 21","9/1/20"
"Rica, famosa, latina: Temporada 4: Episodio 20","9/1/20"
"Rica, famosa, latina: Temporada 4: Episodio 19","9/1/20"
"Rica, famosa, latina: Temporada 4: Episodio 18","8/31/20"
"Rica, famosa, latina: Temporada 4: Episodio 17","8/31/20"
"Rica, famosa, latina: Temporada 4: Episodio 16","8/31/20"
"Rica, famosa, latina: Temporada 4: Episodio 15","8/30/20"
"El conjuro","8/30/20"
"Rita: Temporada 5: Datos falsos","8/30/20"
"Pasión inocente","8/30/20"
"La venganza de Analía: Temporada 1: Episodio 1","8/30/20"
"Rica, famosa, latina: Temporada 4: Episodio 14","8/30/20"
"Thi Mai: rumbo a Vietnam","8/30/20"
"Rica, famosa, latina: Temporada 4: Episodio 13","8/29/20"
"Rica, famosa, latina: Temporada 4: Episodio 12","8/29/20"
"Rica, famosa, latina: Temporada 4: Episodio 11","8/29/20"
"Rica, famosa, latina: Temporada 4: Episodio 10","8/29/20"
"Rica, famosa, latina: Temporada 4: Episodio 9","8/29/20"
"Rica, famosa, latina: Temporada 4: Episodio 8","8/28/20"
"Rica, famosa, latina: Temporada 4: Episodio 7","8/28/20"
"Rica, famosa, latina: Temporada 4: Episodio 6","8/28/20"
"Rica, famosa, latina: Temporada 4: Episodio 5","8/28/20"
"Rica, famosa, latina: Temporada 4: Episodio 4","8/28/20"
"Rica, famosa, latina: Temporada 4: Episodio 3","8/28/20"
"Rica, famosa, latina: Temporada 4: Episodio 2","8/28/20"
"Rica, famosa, latina: Temporada 4: Episodio 1","8/28/20"
"Rica, famosa, latina: Temporada 3: Episodio 38","8/27/20"
"Rica, famosa, latina: Temporada 3: Episodio 37","8/27/20"
"Rica, famosa, latina: Temporada 3: Episodio 36","8/27/20"
"Rica, famosa, latina: Temporada 3: Episodio 35","8/27/20"
"Rica, famosa, latina: Temporada 3: Episodio 34","8/27/20"
"Rica, famosa, latina: Temporada 3: Episodio 33","8/27/20"
"Rica, famosa, latina: Temporada 3: Episodio 32","8/27/20"
"Rica, famosa, latina: Temporada 3: Episodio 31","8/27/20"
"Rica, famosa, latina: Temporada 3: Episodio 30","8/27/20"
"Rica, famosa, latina: Temporada 3: Episodio 29","8/27/20"
"Rica, famosa, latina: Temporada 3: Episodio 28","8/27/20"
"Rica, famosa, latina: Temporada 3: Episodio 27","8/27/20"
"Rica, famosa, latina: Temporada 3: Episodio 26","8/27/20"
"Rica, famosa, latina: Temporada 3: Episodio 25","8/27/20"
"Rica, famosa, latina: Temporada 3: Episodio 24","8/27/20"
"Rica, famosa, latina: Temporada 3: Episodio 23","8/27/20"
"Rica, famosa, latina: Temporada 3: Episodio 22","8/27/20"
"Rica, famosa, latina: Temporada 3: Episodio 21","8/26/20"
"Rica, famosa, latina: Temporada 3: Episodio 20","8/26/20"
"Rica, famosa, latina: Temporada 3: Episodio 19","8/26/20"
"Rica, famosa, latina: Temporada 3: Episodio 18","8/26/20"
"Rica, famosa, latina: Temporada 3: Episodio 17","8/26/20"
"Rica, famosa, latina: Temporada 3: Episodio 16","8/26/20"
"Rica, famosa, latina: Temporada 3: Episodio 15","8/26/20"
"Rica, famosa, latina: Temporada 3: Episodio 14","8/26/20"
"Rica, famosa, latina: Temporada 3: Episodio 13","8/26/20"
"Rica, famosa, latina: Temporada 3: Episodio 12","8/26/20"
"Rica, famosa, latina: Temporada 3: Episodio 11","8/26/20"
"Rica, famosa, latina: Temporada 3: Episodio 10","8/26/20"
"Rica, famosa, latina: Temporada 3: Episodio 9","8/26/20"
"Rica, famosa, latina: Temporada 3: Episodio 8","8/26/20"
"Rica, famosa, latina: Temporada 3: Episodio 7","8/26/20"
"Rica, famosa, latina: Temporada 3: Episodio 6","8/25/20"
"Rica, famosa, latina: Temporada 3: Episodio 5","8/25/20"
"Rica, famosa, latina: Temporada 3: Episodio 4","8/25/20"
"Rica, famosa, latina: Temporada 3: Episodio 3","8/25/20"
"Rica, famosa, latina: Temporada 3: Episodio 2","8/25/20"
"Rica, famosa, latina: Temporada 3: Episodio 1","8/25/20"
"Scare Tactics: Temporada 5: Licencia para matar","8/25/20"
"Crímenes de familia","8/25/20"
"Cambio de piel: Antes y después: Quiero sentirme yo mismo","8/25/20"
"Cambio de piel: Antes y después: Ser bella no es peligroso","8/25/20"
"Cambio de piel: Antes y después: Después de los cuatrillizos","8/25/20"
"Cambio de piel: Antes y después: Estas cicatrices no me representan","8/25/20"
"The Seven Deadly Sins: Los Siete Pecados Capitales: El Apóstol de la Destrucción","8/25/20"
"Rica, famosa, latina: Temporada 2: Episodio 30","8/25/20"
"Rica, famosa, latina: Temporada 2: Episodio 29","8/25/20"
"Rica, famosa, latina: Temporada 2: Episodio 28","8/25/20"
" : Episodio 1","8/22/20"
" : Episodio 13","8/22/20"
"Annabelle","8/22/20"
"Pie pequeño: En busca del valle encantado","8/21/20"
"Rica, famosa, latina: Temporada 2: Episodio 27","8/21/20"
"Rica, famosa, latina: Temporada 2: Episodio 26","8/21/20"
"Rica, famosa, latina: Temporada 2: Episodio 25","8/21/20"
"Rica, famosa, latina: Temporada 2: Episodio 24","8/21/20"
"Rica, famosa, latina: Temporada 2: Episodio 23","8/21/20"
"Rica, famosa, latina: Temporada 2: Episodio 22","8/21/20"
"Rica, famosa, latina: Temporada 2: Episodio 21","8/21/20"
"Rica, famosa, latina: Temporada 2: Episodio 20","8/21/20"
"Rica, famosa, latina: Temporada 2: Episodio 19","8/20/20"
"Rica, famosa, latina: Temporada 2: Episodio 18","8/20/20"
"Rica, famosa, latina: Temporada 2: Episodio 17","8/20/20"
"Rica, famosa, latina: Temporada 2: Episodio 16","8/20/20"
"Rica, famosa, latina: Temporada 2: Episodio 15","8/20/20"
"Rica, famosa, latina: Temporada 2: Episodio 14","8/19/20"
"Rica, famosa, latina: Temporada 2: Episodio 13","8/19/20"
"Rica, famosa, latina: Temporada 2: Episodio 12","8/19/20"
"Rica, famosa, latina: Temporada 2: Episodio 11","8/19/20"
"Rica, famosa, latina: Temporada 2: Episodio 10","8/19/20"
"Glow Up: Temporada 1: Editorial de belleza","8/19/20"
"Glow Up: Temporada 2: La final: Clase magistral en Harrods","8/18/20"
"Glow Up: Temporada 2: Editorial de belleza","8/18/20"
"Rica, famosa, latina: Temporada 2: Episodio 9","8/18/20"
"Rica, famosa, latina: Temporada 2: Episodio 8","8/18/20"
"Rica, famosa, latina: Temporada 2: Episodio 7","8/18/20"
"Rica, famosa, latina: Temporada 2: Episodio 6","8/18/20"
"Rica, famosa, latina: Temporada 2: Episodio 5","8/17/20"
"Rica, famosa, latina: Temporada 2: Episodio 4","8/17/20"
"Rica, famosa, latina: Temporada 2: Episodio 3","8/17/20"
"Glow Up: Temporada 2: Maquillaje para bailar","8/17/20"
"Glow Up: Temporada 2: Efectos especiales","8/17/20"
"Glow Up: Temporada 2: Editorial de moda","8/17/20"
"Glow Up: Temporada 2: Maquillaje teatral: El rey león","8/17/20"
"Glow Up: Temporada 2: Semana de la Moda","8/17/20"
"Glow Up: Temporada 2: Campaña publicitaria","8/17/20"
"Rica, famosa, latina: Temporada 2: Episodio 2","8/17/20"
"Rica, famosa, latina: Temporada 2: Episodio 1","8/17/20"
"Rica, famosa, latina: Episodio 37","8/17/20"
"Rica, famosa, latina: Episodio 36","8/17/20"
"Rica, famosa, latina: Episodio 35","8/17/20"
"Rica, famosa, latina: Episodio 34","8/17/20"
"Rica, famosa, latina: Episodio 33","8/17/20"
"Rica, famosa, latina: Episodio 32","8/17/20"
"Rica, famosa, latina: Episodio 31","8/17/20"
"Rica, famosa, latina: Episodio 30","8/17/20"
"Rica, famosa, latina: Episodio 29","8/17/20"
"Rica, famosa, latina: Episodio 28","8/16/20"
"Rica, famosa, latina: Episodio 27","8/15/20"
"Rica, famosa, latina: Episodio 26","8/15/20"
"Rica, famosa, latina: Episodio 25","8/15/20"
"Rica, famosa, latina: Episodio 24","8/15/20"
"Rica, famosa, latina: Episodio 23","8/15/20"
"Rica, famosa, latina: Episodio 22","8/15/20"
"Rica, famosa, latina: Episodio 21","8/15/20"
"Rica, famosa, latina: Episodio 20","8/15/20"
"Rica, famosa, latina: Episodio 19","8/15/20"
"Rica, famosa, latina: Episodio 18","8/14/20"
"Rica, famosa, latina: Episodio 17","8/14/20"
"Rica, famosa, latina: Episodio 16","8/14/20"
"Rica, famosa, latina: Episodio 15","8/14/20"
"Rica, famosa, latina: Episodio 14","8/14/20"
"Rica, famosa, latina: Episodio 13","8/13/20"
"Rica, famosa, latina: Episodio 12","8/13/20"
"Rica, famosa, latina: Episodio 11","8/12/20"
"Rica, famosa, latina: Episodio 10","8/12/20"
"En el corazón del mar","8/12/20"
"Nasha Natasha","8/12/20"
"Rica, famosa, latina: Episodio 9","8/12/20"
"Rica, famosa, latina: Episodio 8","8/12/20"
"Rica, famosa, latina: Episodio 7","8/12/20"
"Rica, famosa, latina: Episodio 6","8/12/20"
"Rica, famosa, latina: Episodio 5","8/12/20"
"Acts of Vengeance","8/11/20"
"Comer, rezar, amar","8/11/20"
"Rica, famosa, latina: Episodio 4","8/11/20"
"Rica, famosa, latina: Episodio 3","8/11/20"
"Rica, famosa, latina: Episodio 2","8/11/20"
"Lindas mentirosas: Temporada 4: Perdiste el control, amiga","8/11/20"
"Anaconda 2: En busca de la orquídea sangrienta","8/11/20"
"Rica, famosa, latina: Episodio 1","8/10/20"
"El mundo oculto de Sabrina: Parte 1: Capítulo ocho: El entierro","8/10/20"
"El mundo oculto de Sabrina: Parte 1: Capítulo siete: El Festín de los Festines","8/10/20"
"El mundo oculto de Sabrina: Parte 1: Capítulo seis: Exorcismo en Greendale","8/10/20"
"El mundo oculto de Sabrina: Parte 1: Capítulo cuatro: La academia de las brujas","8/9/20"
"El mundo oculto de Sabrina: Parte 1: Capítulo tres: El juicio de Sabrina Spellman","8/9/20"
"El mundo oculto de Sabrina: Parte 1: Capítulo dos: El bautismo oscuro","8/9/20"
"El mundo oculto de Sabrina: Parte 1: Capítulo uno: El país de octubre","8/9/20"
"Leyenda Urbana","8/9/20"
"La casa de papel: Parte 2: Episodio 5","8/8/20"
"El ingrediente secreto: cannabis: Por el cannabis","8/7/20"
"El ingrediente secreto: cannabis: El humo de la parrilla","8/7/20"
"El stand de los besos","8/7/20"
"El stand de los besos 2","8/6/20"
"The Umbrella Academy: Temporada 2: El fin de algo","8/6/20"
"The Umbrella Academy: Temporada 2: Orden 743","8/5/20"
"The Umbrella Academy: Temporada 2: Las siete etapas","8/5/20"
"The Umbrella Academy: Temporada 2: Ojo por ojo","8/5/20"
"The Umbrella Academy: Temporada 2: Una cena tranquila","8/5/20"
"The Umbrella Academy: Temporada 2: Reunión de emergencia","8/5/20"
"The Umbrella Academy: Temporada 2: Los Doce majestuosos","8/5/20"
"The Umbrella Academy: Temporada 2: Los suecos","8/5/20"
"The Umbrella Academy: Temporada 2: El video de Frankel","8/5/20"
"The Umbrella Academy: Temporada 2: Volver a empezar","8/5/20"
"Bonusfamiljen: Temporada 1: Episodio 10","8/5/20"
"The Umbrella Academy: Temporada 1: El Violín Blanco","8/4/20"
"The Umbrella Academy: Temporada 1: Cambios","8/4/20"
"13 Reasons Why: Temporada 4: San Valentín","8/4/20"
"Justicia para el pequeño Gabriel: Miniserie: Atención inadecuada o indiferencia","8/4/20"
"The Umbrella Academy: Temporada 1: Escuché el rumor","8/4/20"
"The Umbrella Academy: Temporada 1: El día que sí fue","8/4/20"
"V de venganza","8/4/20"
"The Umbrella Academy: Temporada 1: El día que no fue","8/4/20"
"The Umbrella Academy: Temporada 1: Número Cinco","8/4/20"
"The Umbrella Academy: Temporada 1: Hombre en la luna","8/3/20"
"The Umbrella Academy: Temporada 1: Extra Ordinaria","8/3/20"
"Vis a vis: Temporada 3: Cruz del Norte","8/3/20"
"The Umbrella Academy: Temporada 1: Run Boy Run","8/3/20"
"Justicia para el pequeño Gabriel: Miniserie: Guiado por la muerte","8/2/20"
"Justicia para el pequeño Gabriel: Miniserie: Fracaso rotundo","8/2/20"
"Harry Potter y la cámara secreta","8/1/20"
"La casa de cera","8/1/20"
"Extraordinario","8/1/20"
"Justicia para el pequeño Gabriel: Miniserie: El diablo en persona","7/30/20"
"Justicia para el pequeño Gabriel: Miniserie: Impacto al sistema","7/29/20"
"Da el sí: Sí, quiero, otra vez","7/29/20"
"Chicas buenas: Temporada 3: Sinergia","7/29/20"
"Chicas buenas: Temporada 3: Oportunidad","7/29/20"
"Chicas buenas: Temporada 3: Incentivo","7/29/20"
"Chicas buenas: Temporada 3: Nana","7/29/20"
"Chicas buenas: Temporada 3: Viva Las Vegas","7/27/20"
"Chicas buenas: Temporada 3: Frère Jacques","7/27/20"
"Chicas buenas: Temporada 3: Au Jus","7/26/20"
"Chicas buenas: Temporada 3: Con la mira en sobrevivir","7/26/20"
"Chicas buenas: Temporada 3: Rollito primavera","7/26/20"
"Chicas buenas: Temporada 3: No solo tarjetas","7/26/20"
"Chicas buenas: Temporada 3: Encuentra tu playa","7/26/20"
"Chiquito pero peligroso","7/26/20"
"Esta mierda me supera: Tu secreto más oscuro","7/24/20"
"Esta mierda me supera: De tal palo, tal astilla","7/24/20"
"Esta mierda me supera: Otro día en el paraíso","7/24/20"
"Esta mierda me supera: Stan en todo","7/24/20"
"Esta mierda me supera: Se acabó la fiesta","7/23/20"
"Esta mierda me supera: Tiempos desesperados","7/23/20"
"Esta mierda me supera: Querido diario...","7/23/20"
"The Blacklist: Temporada 1: El creador de guisados (N.° 161)","7/22/20"
"El ingrediente secreto: cannabis: Comida casera y alta cocina","7/22/20"
"El ingrediente secreto: cannabis: Alto viaje","7/22/20"
"Viaje de chicas","7/22/20"
"Oscuro deseo: Temporada 1: Una última noche de pasión","7/19/20"
"Oscuro deseo: Temporada 1: Es solo sexo","7/19/20"
"American  Pie: Tu primera vez","7/19/20"
"El gran Gatsby","7/19/20"
"Maldita: Nimue","7/19/20"
"El cadáver de la novia","7/18/20"
"Encuentro fatal","7/18/20"
"Zac Efron: Con los pies sobre la tierra: Temporada 1: Iquitos","7/18/20"
"Zac Efron: Con los pies sobre la tierra: Temporada 1: Londres","7/18/20"
"El ingrediente secreto: cannabis: Alimento del futuro","7/16/20"
"Zac Efron: Con los pies sobre la tierra: Temporada 1: Islandia","7/16/20"
"La vieja guardia","7/16/20"
"La momia","7/14/20"
"Harry Potter y las Reliquias de la Muerte: Parte 1","7/13/20"
"Harry Potter y la Orden del Fénix","7/13/20"
"Misterios sin resolver: Volumen 1: Trece minutos","7/13/20"
"Misterios sin resolver: Volumen 1: Misterio en la terraza","7/12/20"
"Andes mágicos: Chile y Argentina, del Aconcagua al desierto.","7/12/20"
"Andes mágicos: Argentina y Chile, desde los hielos del sur","7/12/20"
"Billy Elliot","7/12/20"
"Vientos de agua: Temporada 1: Capítulo 1","7/12/20"
"Dark: Temporada 2: Finales e inicios","7/11/20"
"Dark: Temporada 2: El demonio blanco","7/11/20"
"Dark: Temporada 2: Un ciclo sin fin","7/11/20"
"Dark: Temporada 2: Perdido y encontrado","7/11/20"
"Dark: Temporada 2: Los viajeros","7/11/20"
"Dark: Temporada 2: Fantasmas","7/10/20"
"Dark: Temporada 2: Materia oscura","7/9/20"
"Dark: Temporada 2: Principios y finales","7/9/20"
"Dark: Temporada 1: Alfa y omega","7/9/20"
"Dark: Temporada 1: Todo es ahora","7/8/20"
"Dark: Temporada 1: Cosechas lo que siembras","7/8/20"
"Dark: Temporada 1: Encrucijadas","7/8/20"
"Dark: Temporada 1: Sic mundus creatus est","7/8/20"
"Damnation: Episodio 1","7/8/20"
"Dark: Temporada 1: Verdades","7/7/20"
"Perú: Tesoro escondido","7/7/20"
"Dark: Temporada 1: Dobles vidas","7/7/20"
"Dark: Temporada 1: Pasado y presente","7/7/20"
"Dark: Temporada 1: Mentiras","7/7/20"
"Rebelde Way: Temporada 2: Capítulo 4","7/6/20"
"Rebelde Way: Temporada 2: Capítulo 3","7/6/20"
"Rebelde Way: Temporada 2: Capítulo 2","7/6/20"
"Rebelde Way: Temporada 2: Capítulo 1","7/6/20"
"Rebelde Way: temporada 1: Capítulo 10","7/6/20"
"El otro turismo: África","7/6/20"
"Pesadilla en la calle del infierno 3: Los guerreros del sueño","7/6/20"
"Michael: Tan solo un ángel","7/5/20"
"Triunfos robados: Pelea hasta el final","7/5/20"
"Dark: Temporada 1: Secretos","7/5/20"
"Los pequeños traviesos","7/5/20"
"Adú","7/5/20"
"Curon: El laberinto","7/4/20"
"Curon: Los lobos","7/4/20"
"Curon: La maldición","7/4/20"
"Curon: Los padres","7/4/20"
"Curon: El asesino","7/3/20"
"Curon: El día después","7/3/20"
"Curon: El lago oscuro","7/3/20"
"Safe: Episodio 1","7/2/20"
"Collateral: Miniserie: Episodio 4","7/2/20"
"Collateral: Miniserie: Episodio 3","7/2/20"
"Collateral: Miniserie: Episodio 2","7/1/20"
"Collateral: Miniserie: Episodio 1","7/1/20"
"El castillo de cristal","7/1/20"
"Modern Family: Temporada 7: El día que Alex se fue a la universidad","6/30/20"
"Modern Family: Temporada 7: Amor de verano","6/30/20"
"Esto es todo","6/30/20"
"Baby: El aprendiz del crimen","6/30/20"
"365 días","6/30/20"
"Lindas mentirosas: Temporada 4: Bajo presión","6/29/20"
"Lindas mentirosas: Temporada 4: ¡Gamma, zeta, muere!","6/29/20"
"10,000 A. C.","6/29/20"
"En el tornado","6/29/20"
"You: Temporada 1: Todalidad","6/29/20"
"You: Temporada 1: Amour fou","6/29/20"
"Grace and Frankie: Temporada 6: La mujer florero","6/28/20"
"Grace and Frankie: Temporada 6: El rescate","6/28/20"
"Grace and Frankie: Temporada 6: Los recién casados","6/28/20"
"Mi obra maestra","6/27/20"
"Mujer Maravilla","6/27/20"
"El camino de la noche: Temporada 1: Terenzio","6/27/20"
"El camino de la noche: Temporada 1: Rik","6/27/20"
"Una especie de familia","6/27/20"
"Merlí: Temporada 2: Episodio 6","6/27/20"
"El camino de la noche: Temporada 1: Ayaz","6/27/20"
"Una pareja de idiotas","6/27/20"
"El camino de la noche: Temporada 1: Mathieu","6/27/20"
"Tiempos violentos","6/26/20"
"Merlí: Temporada 2: Episodio 5","6/26/20"
"Merlí: Temporada 2: Episodio 4","6/26/20"
"Merlí: Temporada 2: Episodio 3","6/26/20"
"Merlí: Temporada 2: Episodio 2","6/26/20"
"The Last Kingdom: Temporada 1: Episodio 3","6/26/20"
"RuPaul's Drag Race: Temporada 8: Magas del drag","6/26/20"
"Monzón: Episodio 13","6/26/20"
"Monzón: Episodio 12","6/26/20"
"El camino de la noche: Temporada 1: Jakub","6/26/20"
"Monzón: Episodio 11","6/26/20"
"Monzón: Episodio 10","6/26/20"
"Dirty Money: Temporada 2: El que está al mando","6/26/20"
"Dirty Money: Temporada 2: La rueda del carro","6/26/20"
"The Sinner: Temporada 3: Jamie: Parte VIII","6/25/20"
"The Sinner: Temporada 3: Jamie: Parte VII","6/25/20"
"The Sinner: Temporada 3: Jamie: Parte VI","6/25/20"
"Monzón: Episodio 9","6/23/20"
"Monzón: Episodio 8","6/23/20"
"Monzón: Episodio 7","6/23/20"
"The Sinner: Temporada 3: Jamie: Parte V","6/22/20"
"Monzón: Episodio 6","6/22/20"
"Monzón: Episodio 5","6/22/20"
"Monzón: Episodio 4","6/22/20"
"Monzón: Episodio 3","6/22/20"
"Bosque adentro: Mentiras","6/22/20"
"Bosque adentro: El fin de la inocencia","6/22/20"
"La buena esposa","6/21/20"
"Luis Miguel - La serie: Temporada 1: La incondicional","6/21/20"
"Luis Miguel - La serie: Temporada 1: Mamá, mamá","6/21/20"
"Blair Witch","6/20/20"
"The Sinner: Temporada 3: Jamie: Parte IV","6/20/20"
"The Sinner: Temporada 3: Jamie: Parte III","6/20/20"
"Luis Miguel - La serie: Temporada 1: La chica del bikini azul","6/20/20"
"Luis Miguel - La serie: Temporada 1: Culpable o no","6/20/20"
"Monzón: Episodio 2","6/20/20"
"The Sinner: Temporada 3: Jamie: Parte II","6/20/20"
"Monzón: Episodio 1","6/20/20"
"The Sinner: Temporada 3: Jamie: Parte I","6/20/20"
"The Last Kingdom: Temporada 1: Episodio 2","6/20/20"
"Merlí: Temporada 2: Episodio 1","6/19/20"
"Merlí: Nietzsche","6/19/20"
"Vikingos: Temporada 6: Los mejores planes","6/19/20"
"Natural Born Monsters: Episodio 3","6/19/20"
"Natural Born Monsters: Episodio 2","6/19/20"
"Natural Born Monsters: Episodio 1","6/19/20"
"La noche de los muertos vivientes","6/19/20"
"Merlí: Hume","6/18/20"
"El juego del miedo III","6/17/20"
"Toy Story 3","6/17/20"
"Merlí: Los sofistas","6/17/20"
"Merlí: Los escépticos","6/17/20"
"Vikingos: Temporada 6: Resurrección","6/17/20"
"Vikingos: Temporada 6: Valhalla puede esperar","6/16/20"
"Vikingos: Temporada 6: La doncella de hielo","6/16/20"
"No hables con extraños: Miniserie: Episodio 3","6/16/20"
"No hables con extraños: Miniserie: Episodio 2","6/16/20"
"No hables con extraños: Miniserie: Episodio 1","6/15/20"
"Vikingos: Temporada 6: La muerte y la serpiente","6/15/20"
"Vikingos: Temporada 6: Momento clave","6/15/20"
"Constantine","6/15/20"
"Merlí: Epicuro","6/15/20"
"Merlí: Guy Debord","6/15/20"
"Vikingos: Temporada 6: Todos los prisioneros","6/15/20"
"Vikingos: Temporada 6: Fantasmas, dioses y perros que corren","6/14/20"
"Vikingos: Temporada 6: El profeta","6/14/20"
"Vikingos: Temporada 6: Nuevos comienzos","6/14/20"
"The Last Kingdom: Temporada 1: Episodio 1","6/14/20"
"Alex Strangelove","6/14/20"
"La Tierra de noche: Miniserie: Mares oscuros","6/14/20"
"La Tierra de noche: Miniserie: Ciudades noctámbulas","6/14/20"
"La Tierra de noche: Miniserie: Selva nocturna","6/14/20"
"Nuestro planeta: Mundos congelados","6/14/20"
"La Tierra de noche: Miniserie: Luz de luna","6/14/20"
"Jeffrey Epstein: Asquerosamente rico: Miniserie: Voces escuchadas","6/13/20"
"Jeffrey Epstein: Asquerosamente rico: Miniserie: La isla","6/13/20"
"Jeffrey Epstein: Asquerosamente rico: Miniserie: Sigue la pista del dinero","6/13/20"
"Yo soy la felicidad de este mundo","6/13/20"
"¡Viven!","6/13/20"
"La invitación","6/13/20"
"Los últimos días del crimen","6/11/20"
"Presencia siniestra","6/11/20"
"You: Temporada 2: Crisis existencial","6/11/20"
"You: Temporada 2: Adiós, mi conejito","6/11/20"
"La reencarnación","6/10/20"
"Jeffrey Epstein: Asquerosamente rico: Miniserie: Zonas de caza","6/10/20"
"Preso en su memoria","6/10/20"
" : Episodio 12","6/9/20"
"La gran batalla floral: Bestias peludas gigantes","6/9/20"
"La gran batalla floral: Fabulosa moda floral","6/9/20"
"La gran batalla floral: Insectos gigantes","6/9/20"
"Tumba abierta","6/9/20"
"Ludo","6/9/20"
"Historia: Nivel 1: Temporada 1: La genética","6/8/20"
"Historia: Nivel 1: Temporada 1: La energía nuclear","6/8/20"
"Historia: Nivel 1: Temporada 1: El feminismo","6/8/20"
"Historia: Nivel 1: Temporada 1: Los robots","6/8/20"
"Jonas","6/8/20"
"Historia: Nivel 1: Temporada 1: El petróleo de Medio Oriente","6/8/20"
"Historia: Nivel 1: Temporada 1: Los plásticos","6/8/20"
"Historia: Nivel 1: Temporada 1: China en la cima","6/8/20"
"Historia: Nivel 1: Temporada 1: La carrera espacial","6/8/20"
"Historia: Nivel 1: Temporada 1: La comida rápida","6/8/20"
"Psicosis","6/7/20"
"Heridas","6/7/20"
"Vikingos: Temporada 5: Luna llena","6/7/20"
"Vikingos: Temporada 5: El mensaje","6/7/20"
"La corazonada","6/7/20"
"Vikingos: Temporada 5: El prisionero","6/7/20"
"Vikingos: Temporada 5: El plan","6/7/20"
"Beach Rats","6/7/20"
"Black Mirror: Bandersnatch","6/7/20"
"Vikingos: Temporada 5: Patria","6/7/20"
"Vikingos: Temporada 5: Los difuntos","6/7/20"
"Vikingos: Temporada 5: El rey pescador","6/6/20"
"Vikingos: Temporada 4: La hora de la verdad","6/6/20"
"13 Reasons Why: Temporada 4: Visita a la universidad","6/6/20"
"13 Reasons Why: Temporada 4: Vacaciones de invierno","6/6/20"
"The Protector: Temporada 3: Episodio 4","6/6/20"
"The Protector: Temporada 3: Episodio 3","6/6/20"
"Las chicas del cable: Temporada final: Parte 1: Capítulo 35: El valor","6/6/20"
"La casa de las flores: Temporada 1: NARCISO (Símb. mentira)","6/6/20"
"La casa de las flores: Temporada 3: LAUREL (Símb. gloria)","6/6/20"
"La casa de las flores: Temporada 3: HELENIO (Símb. lágrimas)","6/6/20"
"La casa de las flores: Temporada 3: JACINTO (Símb. celos)","6/6/20"
"La casa de las flores: Temporada 3: ELÉBORO (Símb. escándalo)","6/6/20"
"Vikingos: Temporada 4: En la víspera","6/6/20"
"El exorcismo de Emily Rose","6/5/20"
"Extremadamente cruel, malvado y perverso","6/5/20"
"Nailed It!: Temporada 4: ¿Fracasar o no fracasar?","6/5/20"
"Rebelde Way: temporada 1: Capítulo 9","6/4/20"
"Sex Education: Temporada 2: Episodio 8","6/4/20"
"Sex Education: Temporada 2: Episodio 7","6/4/20"
"Sex Education: Temporada 2: Episodio 6","6/4/20"
"Sex Education: Temporada 2: Episodio 5","6/4/20"
"Sex Education: Temporada 2: Episodio 4","6/4/20"
"Vikingos: Temporada 4: Venganza","6/3/20"
"Sex Education: Temporada 2: Episodio 3","6/3/20"
"Vikingos: Temporada 4: Un gran ejército","6/3/20"
"Vikingos: Temporada 4: Cruces","6/3/20"
"La casa de las flores: Temporada 3: TRÉBOL (Símb. venganza)","6/3/20"
"La casa de las flores: Temporada 3: BETÓNICA (Símb. sorpresa)","6/3/20"
"Sex Education: Temporada 2: Episodio 2","6/3/20"
"Sex Education: Temporada 1: Episodio 1","6/3/20"
"Sex Education: Temporada 1: Episodio 8","6/3/20"
"Sex Education: Temporada 1: Episodio 7","6/3/20"
"Sex Education: Temporada 1: Episodio 6","6/3/20"
"Sex Education: Temporada 1: Episodio 5","6/3/20"
"Sex Education: Temporada 2: Episodio 1","6/3/20"
"Sex Education: Temporada 1: Episodio 4","6/3/20"
"Sex Education: Temporada 1: Episodio 3","6/3/20"
"Sex Education: Temporada 1: Episodio 2","6/3/20"
"¡Huye!","6/2/20"
"Feliz día de tu muerte","6/2/20"
"Vikingos: Temporada 4: Todos Sus ángeles","6/1/20"
"Vikingos: Temporada 4: En la hora incierta antes del amanecer","6/1/20"
"Keeping Up with the Kardashians: Te estoy vigilando","6/1/20"
"El rey Arturo: La leyenda de la espada: King Arthur: Legend of the Sword_hook_primary_16x9","6/1/20"
"La casa de las flores: Temporada 3: AZALEA (Símb. templanza)","6/1/20"
"La casa de las flores: Temporada 3: MALVA (Símb. ambición)","6/1/20"
"La casa de las flores: Temporada 3: YERBERA (Símb. primer amor)","6/1/20"
"La casa de las flores: Temporada 3: GIRASOL (Símb. poder)","6/1/20"
"La casa de las flores: Temporada 3: PETUNIA (Símb. picardía)","6/1/20"
"Merlí: Foucault","6/1/20"
"Merlí: Schopenhauer","5/31/20"
"Miss Americana","5/29/20"
"Snowpiercer: Temporada 1: Primero, cambió el clima","5/28/20"
"La historia de Dios con Morgan Freeman: ¿Por qué existe el mal?","5/28/20"
"La historia de Dios con Morgan Freeman: ¿Quién es Dios?","5/28/20"
"La historia de Dios con Morgan Freeman: Apocalipsis","5/28/20"
"La casa de las flores: Temporada 2: PENSAMIENTO (Símb. reflexión)","5/27/20"
"La historia de Dios con Morgan Freeman: La muerte","5/27/20"
"The Walking Dead: Temporada 5: No existe santuario","5/26/20"
"Vikingos: Temporada 4: Dos viajes","5/26/20"
"Vikingos: Temporada 4: La visión","5/26/20"
"Vikingos: Temporada 4: El forastero","5/26/20"
"Control Z: Temporada 1: Enemigo público","5/26/20"
"Control Z: Temporada 1: Control Z","5/26/20"
"Control Z: Temporada 1: ¿Qué tanto conoces a Javier?","5/26/20"
"Control Z: Temporada 1: Cara a cara","5/26/20"
"El vendedor de sueños","5/26/20"
"Scream: Temporada 2: Final: Halloween I / Halloween II","5/24/20"
"Scream: Temporada 2: Cuando llama un extraño","5/24/20"
"Scream: Temporada 2: Criaturas celestiales","5/24/20"
"Scream: Temporada 2: El rapto","5/23/20"
"White Lines: Episodio 10","5/23/20"
"White Lines: Episodio 9","5/23/20"
"Control Z: Temporada 1: Clase nocturna","5/23/20"
"Control Z: Temporada 1: Idiotas","5/23/20"
"Control Z: Temporada 1: Víctimas","5/23/20"
"Control Z: Temporada 1: La chica del cumpleaños","5/23/20"
"Scream: Temporada 2: El orfanato","5/23/20"
"Scream: Temporada 2: El pueblo de los malditos","5/23/20"
"Scream: Temporada 2: Déjame entrar","5/23/20"
"White Lines: Episodio 8","5/23/20"
"Scream: Temporada 2: El demonio","5/23/20"
"Scream: Temporada 2: El amanecer de los muertos","5/23/20"
"White Lines: Episodio 7","5/22/20"
"Scream: Temporada 2: Feliz cumpleaños para mí","5/22/20"
"White Lines: Episodio 6","5/22/20"
"White Lines: Episodio 5","5/22/20"
"White Lines: Episodio 4","5/22/20"
"Scream: Temporada 2: Hotel sin salida","5/21/20"
"Vikingos: Temporada 4: El último barco","5/21/20"
"Vikingos: Temporada 4: Muerte alrededor","5/21/20"
"White Lines: Episodio 3","5/21/20"
"Vikingos: Temporada 4: Porte","5/21/20"
"White Lines: Episodio 2","5/21/20"
"White Lines: Episodio 1","5/21/20"
"Apache: La vida de Carlos Tevez: El valor de la identidad","5/20/20"
"Apache: La vida de Carlos Tevez: Un mundo nuevo, el origen","5/20/20"
"Apache: La vida de Carlos Tevez: El legado","5/20/20"
"Valeria: Temporada 1: Puntos suspensivos","5/20/20"
"Vikingos: Temporada 4: Beneficios y pérdidas","5/20/20"
"Vikingos: Temporada 4: El solsticio de invierno","5/19/20"
"Vikingos: Temporada 4: Clemencia","5/19/20"
"Merlí: Sócrates","5/19/20"
"Merlí: Aristóteles","5/19/20"
"Valeria: Temporada 1: El paquete","5/19/20"
"Valeria: Temporada 1: La regadera","5/19/20"
"Los dos papas","5/19/20"
"Valeria: Temporada 1: Mr. Xampi","5/19/20"
"Scream: Temporada 2: Psicosis","5/19/20"
"Valeria: Temporada 1: La charca","5/18/20"
"Valeria: Temporada 1: Alaska","5/18/20"
"Valeria: Temporada 1: Señales","5/18/20"
"Merlí: Maquiavelo","5/18/20"
"Merlí: Platón","5/18/20"
"Merlí: Los peripatéticos","5/18/20"
"Actividad paranormal: Los marcados","5/18/20"
"Valeria: Temporada 1: La impostora","5/18/20"
"18 regalos","5/17/20"
"Una película de miedo","5/17/20"
"Pablo Escobar, el patrón del mal: Episode 31","5/17/20"
"Pablo Escobar, el patrón del mal: Episode 30","5/17/20"
"Space Jam: El juego del siglo","5/17/20"
"Recursos inhumanos: Miniserie: Episodio 4","5/16/20"
"Recursos inhumanos: Miniserie: Episodio 3","5/16/20"
"Recursos inhumanos: Miniserie: Episodio 2","5/16/20"
"Recursos inhumanos: Miniserie: Episodio 1","5/16/20"
"Scream: Temporada 2: Sé lo que hicieron el verano pasado","5/15/20"
"Scream: Revelaciones","5/15/20"
"Scream: El baile","5/15/20"
"Scream: Fantasmas","5/15/20"
"Mesías: La paga del pecado","5/15/20"
"Scream: Tiempo extra","5/15/20"
"Mesías: Dios es grande","5/15/20"
"Mesías: Fuerza mayor","5/15/20"
"Scream: Traición","5/14/20"
"La otra Missy","5/14/20"
"Mesías: Abracadabra","5/14/20"
"The Devil and Father Amorth","5/14/20"
"Romina","5/14/20"
"Mesías: No todos dormiremos","5/14/20"
"Mesías: Porque viendo no ven","5/14/20"
"Mesías: Juicio","5/14/20"
"Mesías: El dedo de Dios","5/14/20"
"Mesías: Intifada","5/13/20"
"Mesías: El que tiene oído","5/13/20"
"Scream: Expuesta","5/12/20"
"Merlí: Temporada 3: Episodio 14","5/12/20"
"Merlí: Temporada 3: Episodio 13","5/12/20"
"Scream: Consecuencias","5/12/20"
"Outlander: Temporada 1: Castillo Leoch","5/12/20"
"Outlander: Temporada 1: Sassenach","5/12/20"
"Legado en los huesos","5/12/20"
"Merlí: Temporada 3: Episodio 12","5/11/20"
"Merlí: Temporada 3: Episodio 11","5/11/20"
"Merlí: Temporada 3: Episodio 10","5/11/20"
"Merlí: Temporada 3: Episodio 9","5/11/20"
"Merlí: Temporada 3: Episodio 8","5/11/20"
"Merlí: Temporada 3: Episodio 7","5/11/20"
"Muertos para mí: Temporada 2: ¿Qué hacemos ahora?","5/11/20"
"Muertos para mí: Temporada 2: No eres tú, soy yo","5/11/20"
"Muertos para mí: Temporada 2: Tenías que ser tú","5/11/20"
"Merlí: Temporada 3: Episodio 6","5/11/20"
"Merlí: Temporada 3: Episodio 5","5/11/20"
"Secuestro","5/10/20"
"Muertos para mí: Temporada 2: Si tan solo supieras","5/10/20"
"Muertos para mí: Temporada 2: No tienes que hacerlo","5/10/20"
"Merlí: Temporada 3: Episodio 4","5/10/20"
"Muertos para mí: Temporada 2: El precio que pagas","5/10/20"
"Muertos para mí: Temporada 2: Entre tú y yo","5/10/20"
"El otro turismo: Sureste de Asia","5/10/20"
"El otro turismo: De regreso en EE. UU.","5/10/20"
"El otro turismo: Europa","5/10/20"
"Muertos para mí: Temporada 2: No puedes vivir así","5/10/20"
"Muertos para mí: Temporada 2: ¿Dónde has estado?","5/10/20"
"Muertos para mí: Temporada 2: Sabes bien lo que hiciste","5/9/20"
"Vacaciones","5/9/20"
"Todo el día y una noche","5/9/20"
"Merlí: Temporada 3: Episodio 3","5/9/20"
"Vikingos: Temporada 4: Muerte a la reina","5/8/20"
"Merlí: Temporada 3: Episodio 2","5/8/20"
"Merlí: Temporada 3: Episodio 1","5/7/20"
"Merlí: Temporada 2: Episodio 13","5/7/20"
"Vikingos: Temporada 4: Una buena traición","5/7/20"
"Merlí: Temporada 2: Episodio 12","5/7/20"
"Vikingos: Temporada 3: Los muertos","5/6/20"
"Un amor secreto","5/6/20"
"Merlí: Temporada 2: Episodio 11","5/5/20"
"Fantasmal","5/5/20"
"El conjuro 2","5/5/20"
"La marca del demonio","5/5/20"
"Milagro en la celda 7","5/5/20"
"Mentiras peligrosas","5/4/20"
"Lindas mentirosas: Temporada 4: Tiempo de rostros","5/3/20"
"Si supieras","5/3/20"
"Hora de comer con Nadiya: Horneado fácil","5/2/20"
"Hora de comer con Nadiya: Recetas rápidas","5/2/20"
"Black Mirror: Temporada 5: Smithereens","5/2/20"
"Black Mirror: Temporada 3: Partida","5/2/20"
"Black Mirror: Temporada 5: Rachel, Jack y Ashley Too","5/2/20"
"Black Mirror: Temporada 5: Striking Vipers","5/2/20"
"Casi feliz: Temporada 1: Episodio 10","5/2/20"
"Casi feliz: Temporada 1: Episodio 9","5/2/20"
"Nuestro planeta: Un planeta","5/2/20"
"El ingrediente secreto: cannabis: Menú mundial","5/2/20"
"Casi feliz: Temporada 1: Episodio 8","5/2/20"
"Casi feliz: Temporada 1: Episodio 7","5/2/20"
"Casi feliz: Temporada 1: Episodio 6","5/2/20"
"Casi feliz: Temporada 1: Episodio 5","5/2/20"
"Casi feliz: Temporada 1: Episodio 4","5/2/20"
"Casi feliz: Temporada 1: Episodio 3","5/2/20"
"Casi feliz: Temporada 1: Episodio 2","5/2/20"
"Casi feliz: Temporada 1: Episodio 1","5/2/20"
"Fauda: Temporada 3: Episodio 12","5/1/20"
"Fauda: Temporada 3: Episodio 11","5/1/20"
"A tres metros sobre el cielo: Temporada 1: Aquí abandonados","4/30/20"
"A tres metros sobre el cielo: Temporada 1: Odio el verano","4/30/20"
"Fauda: Temporada 3: Episodio 10","4/30/20"
"Fauda: Temporada 3: Episodio 9","4/30/20"
"Vikingos: Temporada 3: El usurpador","4/30/20"
"Vikingos: Temporada 3: Marcado","4/29/20"
"Vikingos: Temporada 3: El destino del guerrero","4/29/20"
"Vikingos: Temporada 3: El descarriado","4/29/20"
"Vikingos: Temporada 3: Mercenario","4/29/20"
"Vikingos: Temporada 2: El padre nuestro","4/29/20"
"Vikingos: Temporada 2: La elección","4/29/20"
"Fauda: Temporada 3: Episodio 8","4/29/20"
"Fauda: Temporada 3: Episodio 7","4/29/20"
"Fauda: Temporada 3: Episodio 6","4/29/20"
"Fauda: Temporada 3: Episodio 5","4/29/20"
"Fauda: Temporada 3: Episodio 4","4/29/20"
"Fauda: Temporada 3: Episodio 3","4/29/20"
"Fauda: Temporada 3: Episodio 2","4/28/20"
"Fauda: Temporada 3: Episodio 1","4/28/20"
"Robot 7723","4/28/20"
"Vikingos: Temporada 2: Deshuesado","4/27/20"
"Vikingos: Temporada 2: Águila de sangre","4/27/20"
"Vikingos: Temporada 2: Imperdonables","4/27/20"
"Fauda: Temporada 2: Episodio 12","4/27/20"
"Fauda: Temporada 2: Episodio 11","4/27/20"
"Merlí: Temporada 2: Episodio 10","4/27/20"
"Merlí: Temporada 2: Episodio 9","4/27/20"
"Merlí: Temporada 2: Episodio 8","4/27/20"
"Vikingos: Temporada 2: Respuestas en sangre","4/27/20"
"Vikingos: Temporada 2: Ojo por ojo","4/27/20"
"Vikingos: Temporada 2: Traición","4/26/20"
"Apache: La vida de Carlos Tevez: Entre el plomo y la desilusión","4/26/20"
"Vikingos: Temporada 2: Invasión","4/26/20"
"Pasante de moda","4/26/20"
"Pasajeros","4/26/20"
"Vikingos: Temporada 2: Guerra entre hermanos","4/26/20"
"Vikingos: Temporada 1: Todos cambian","4/26/20"
"Vikingos: Temporada 1: Sacrificio","4/26/20"
"Apache: La vida de Carlos Tevez: 1984","4/26/20"
"Vikingos: Temporada 1: El rescate de un rey","4/26/20"
"Vikingos: Temporada 1: El entierro de los muertos","4/26/20"
"Vikingos: Temporada 1: Asalto","4/26/20"
"Fauda: Temporada 2: Episodio 10","4/26/20"
"Vikingos: Temporada 1: Juicio","4/26/20"
"Vikingos: Temporada 1: Desposeídos","4/26/20"
"Vikingos: Temporada 1: La furia de los hombres del norte","4/26/20"
"Fauda: Temporada 2: Episodio 9","4/25/20"
"Fauda: Temporada 2: Episodio 8","4/25/20"
"Fauda: Temporada 2: Episodio 7","4/25/20"
"Fauda: Temporada 2: Episodio 6","4/25/20"
"Fauda: Temporada 2: Episodio 5","4/25/20"
"Fauda: Temporada 2: Episodio 4","4/25/20"
"Merlí: Temporada 2: Episodio 7","4/24/20"
"La casa de papel: Parte 2: Episodio 4","4/24/20"
"Vikingos: Temporada 1: Ritos de iniciación","4/24/20"
"Fauda: Temporada 2: Episodio 3","4/24/20"
"Fauda: Temporada 2: Episodio 2","4/24/20"
"Fauda: Temporada 2: Episodio 1","4/24/20"
"Glow Up: Temporada 1: Maquillaje por décadas","4/23/20"
"Glow Up: Temporada 1: Semana de la moda de Londres","4/23/20"
"Fauda: Temporada 1: Episodio 12","4/23/20"
"Fauda: Temporada 1: Episodio 11","4/23/20"
"Fauda: Temporada 1: Episodio 10","4/23/20"
"Fauda: Temporada 1: Episodio 9","4/22/20"
"Fauda: Temporada 1: Episodio 8","4/22/20"
"Fauda: Temporada 1: Episodio 7","4/22/20"
"Fauda: Temporada 1: Episodio 6","4/22/20"
"Fauda: Temporada 1: Episodio 5","4/22/20"
"Glow Up: Temporada 1: Teatro en el West End","4/21/20"
"Glow Up: Temporada 1: La alfombra roja","4/21/20"
"Fauda: Temporada 1: Episodio 4","4/21/20"
"Fauda: Temporada 1: Episodio 3","4/21/20"
"Glow Up: Temporada 1: Redes sociales","4/21/20"
"Fauda: Temporada 1: Episodio 2","4/21/20"
"Fauda: Temporada 1: Episodio 1","4/21/20"
"Vivir sin permiso: Episodio 1","4/20/20"
"El juicio: Episodio 8","4/20/20"
"El juicio: Episodio 7","4/20/20"
"El juicio: Episodio 6","4/20/20"
"El juicio: Episodio 5","4/20/20"
"El juicio: Episodio 4","4/20/20"
"El juicio: Episodio 3","4/19/20"
"El juicio: Episodio 2","4/19/20"
"El juicio: Episodio 1","4/19/20"
"Typewriter: Capítulo 1: Cuatro niños y un perro","4/19/20"
"Nerve","4/19/20"
"Muertos para mí: Temporada 1: Tienes que irte","4/19/20"
"Muertos para mí: Temporada 1: Seré honesta","4/19/20"
"Muertos para mí: Temporada 1: Intenta detenerme","4/19/20"
"Muertos para mí: Temporada 1: Lo tengo bajo control","4/18/20"
"Muertos para mí: Temporada 1: Dios mío","4/18/20"
"Muertos para mí: Temporada 1: Necesito salir de aquí","4/18/20"
"Muertos para mí: Temporada 1: No puedo retroceder","4/18/20"
"Muertos para mí: Temporada 1: Todo es mi culpa","4/18/20"
"Muertos para mí: Temporada 1: Tal vez estoy loca","4/18/20"
"Muertos para mí: Temporada 1: Piloto","4/18/20"
"Los asesinatos de Valhala: El monstruo en la oscuridad","4/17/20"
"Los asesinatos de Valhala: La encrucijada","4/17/20"
"Los asesinatos de Valhala: El cuarto oculto","4/17/20"
"Los asesinatos de Valhala: A simple vista","4/17/20"
"Bill Gates bajo la lupa: Miniserie: Parte 1","4/17/20"
"Los asesinatos de Valhala: Cicatrices","4/16/20"
"Los asesinatos de Valhala: Valhala","4/16/20"
"You: Temporada 2: ¡Buen findelasalud, Joe!","4/15/20"
"Los asesinatos de Valhala: El regreso","4/15/20"
"Los asesinatos de Valhala: Nunca antes visto","4/15/20"
"Califato: Episodio 8","4/14/20"
"Califato: Episodio 7","4/14/20"
"Califato: Episodio 6","4/14/20"
"Califato: Episodio 5","4/13/20"
"Califato: Episodio 4","4/13/20"
"Califato: Episodio 3","4/13/20"
"Califato: Episodio 2","4/13/20"
"Califato: Episodio 1","4/13/20"
"Shrek 2","4/13/20"
"Tan distinto como yo","4/12/20"
"Viene de noche","4/12/20"
"La casa de papel: Parte 2: Episodio 3","4/11/20"
"La casa de papel: Parte 2: Episodio 2","4/11/20"
"La casa de papel: Parte 2: Episodio 1","4/11/20"
"La casa de papel: Parte 1: Episodio 13","4/11/20"
"La casa de papel: Parte 1: Episodio 12","4/11/20"
"Amor. Boda. Azar.","4/11/20"
"La casa de papel: Parte 1: Episodio 11","4/11/20"
"Hogar","4/11/20"
"La casa de papel: Parte 1: Episodio 10","4/11/20"
"Rick y Morty: Temporada 4: El anciano y el trono","4/11/20"
"Rick y Morty: Temporada 4: Aprovechando el mortymento: Vive, muere, Rickpeat","4/10/20"
"Rick y Morty: Temporada 3: Día de Rick y Morty","4/10/20"
"Rick y Morty: Temporada 3: ABC de Beth","4/10/20"
"Rick y Morty: Temporada 3: Los recuerdos de Morty","4/10/20"
"Rick y Morty: Temporada 3: Cuentos de la Ciudadela","4/10/20"
"Rick y Morty: Temporada 3: Descanso y Ricklajación","4/10/20"
"Rick y Morty: Temporada 3: La conspiración Whirly Dirly","4/10/20"
"Rick y Morty: Temporada 3: Los vindicadores: El regreso de Destructor de Mundos","4/10/20"
"Rick y Morty: Temporada 3: Pepinillo Rick","4/10/20"
"Así nos ven: Miniserie: Parte 4","4/10/20"
"Así nos ven: Miniserie: Parte 3","4/10/20"
"Así nos ven: Miniserie: Parte 2","4/10/20"
"Cata amarga","4/9/20"
"Anne with an E: Temporada 1: Su voluntad va a decidir su destino","4/9/20"
"AJ and the Queen: Dallas","4/9/20"
"AJ and the Queen: Fort Worth","4/9/20"
"AJ and the Queen: Baton Rouge","4/9/20"
"You: Temporada 2: El bueno, el malo y Hendy","4/9/20"
"AJ and the Queen: Jackson","4/8/20"
"El Chapo: Temporada 2: Episodio 1","4/8/20"
"La cabaña","4/8/20"
"Ozark: Temporada 2: La maldición Langmore","4/7/20"
"Ozark: Temporada 2: La preciosa sangre de Jesús","4/7/20"
"Ozark: Temporada 2: Compensación","4/7/20"
"La casa de papel: Parte 4: Plan París","4/6/20"
"La casa de papel: Parte 4: Tumbar la carpa","4/6/20"
"La casa de papel: Parte 4: KO técnico","4/6/20"
"La casa de papel: Parte 4: 5 minutos antes","4/6/20"
"La casa de papel: Parte 4: Suspiros de España","4/5/20"
"La casa de papel: Parte 4: Lección de anatomía","4/5/20"
"La casa de papel: Parte 3: La deriva","4/5/20"
"La casa de papel: Parte 3: Pequeñas vacaciones","4/5/20"
"La casa de papel: Parte 3: Todo pareció insignificante","4/5/20"
"La casa de papel: Parte 3: Bum, bum, ciao","4/5/20"
"La casa de papel: Parte 3: La hora del delfín","4/5/20"
"La casa de papel: Parte 3: 48 metros bajo el suelo","4/5/20"
"La casa de papel: Parte 3: Aikido","4/5/20"
"La casa de papel: Parte 3: Hemos vuelto","4/5/20"
"Freud: Supresión","4/5/20"
"Freud: Catarsis","4/4/20"
"La casa de papel: El fenómeno","4/4/20"
"Freud: Regresión","4/4/20"
"Freud: Deseo","4/4/20"
"Los siete pecados capitales","4/3/20"
"Rick y Morty: Temporada 3: Rickusando la piedra","4/3/20"
"Rick y Morty: Temporada 3: La redención de Rick","4/3/20"
"Rick y Morty: Temporada 2: La squanch-boda","4/3/20"
"Rick y Morty: Temporada 2: El día de la purga","4/3/20"
"Freud: Tótem y tabú","4/3/20"
"La casa de papel: Parte 1: Episodio 2","4/3/20"
"Freud: Sonambulismo","4/3/20"
"Rick y Morty: Temporada 2: Televisión interdimensional 2","4/3/20"
"Rick y Morty: Temporada 2: Problemas con mini-Rick","4/3/20"
"Rick y Morty: Temporada 2: Los Ricks deben estar locos","4/3/20"
"Cuando las luces se apagan","4/2/20"
"Cargo","4/2/20"
"El Chapo: Temporada 1: Episodio 9","4/2/20"
"El Chapo: Temporada 1: Episodio 8","4/2/20"
"Virus","4/2/20"
"Madam C. J. Walker: Una mujer hecha a sí misma: Miniserie: Crédito a la raza","4/2/20"
"Freud: Trauma","4/2/20"
"Freud: Histeria","4/2/20"
"Lindas mentirosas: Temporada 4: El enredo","4/2/20"
"Si no despierto","4/1/20"
"The Seven Deadly Sins: Los Siete Pecados Capitales: Un cañón espeluznante","4/1/20"
"Poco ortodoxa: Miniserie: Parte 4","4/1/20"
"Poco ortodoxa: Miniserie: Parte 3","4/1/20"
"Poco ortodoxa: Miniserie: Parte 2","4/1/20"
"Poco ortodoxa: Miniserie: Parte 1","3/31/20"
"La reina del flow: Temporada 1: Episodio 3","3/31/20"
"You: Temporada 2: Amigos son los amigos","3/30/20"
"The Walking Dead: Temporada 7: El pozo","3/30/20"
"El hoyo","3/29/20"
"13 Reasons Why: Temporada 3: Dejemos que los muertos entierren a los muertos","3/29/20"
"13 Reasons Why: Temporada 3: Hasta que llegó el huracán","3/29/20"
"¡Llama a mi agente!: Temporada 3: ASK","3/29/20"
"¡Llama a mi agente!: Temporada 3: Béatrice","3/29/20"
"¡Llama a mi agente!: Temporada 3: Isabelle","3/29/20"
"13 Reasons Why: Temporada 3: Hay un par de cosas que no conté","3/29/20"
"¡Llama a mi agente!: Temporada 3: Gérard","3/28/20"
"¡Llama a mi agente!: Temporada 3: Monica","3/28/20"
"Modo supervivencia","3/28/20"
"Puerta 7: Episodio 1","3/27/20"
"Puerta 7: Episodio 3","3/27/20"
"Puerta 7: Episodio 8","3/27/20"
"Puerta 7: Episodio 7","3/27/20"
"¡Llama a mi agente!: Temporada 3: Jean","3/27/20"
"Vis a vis: Temporada 2: Líquido","3/26/20"
"Vis a vis: Temporada 2: Plátano y limón","3/26/20"
"13 Reasons Why: Temporada 3: El cerco se cierra","3/26/20"
"¡Llama a mi agente!: Temporada 2: Juliette","3/26/20"
"¡Llama a mi agente!: Temporada 2: Guy","3/26/20"
"Narcos: Temporada 1: Descenso","3/26/20"
"¡Llama a mi agente!: Temporada 2: Isabelle","3/26/20"
"Altered Carbon: Temporada 1: ¿Ángel o diablo?","3/26/20"
"You: Temporada 2: Solo la puntita","3/25/20"
"Perdidos en el espacio: Temporada 2: Náufragos","3/25/20"
"Vis a vis: Temporada 2: Patrona de los desesperados","3/25/20"
"Vis a vis: Temporada 2: Pecados y confusiones","3/25/20"
"Vis a vis: Temporada 2: Pillarse los dedos","3/25/20"
"Vis a vis: Temporada 2: La vida sigue","3/25/20"
"Anatomía según Grey: Temporada 2: La abuela fue atropellada por un reno","3/25/20"
"¡Llama a mi agente!: Temporada 2: Norman","3/25/20"
"Vis a vis: Temporada 2: Un día de campo","3/25/20"
"¡Llama a mi agente!: Temporada 2: Virginie y Ramzy","3/24/20"
"You: Temporada 2: Borrón y cuenta nueva","3/24/20"
"Vis a vis: Temporada 2: Los mandriles","3/24/20"
"Vis a vis: Temporada 2: En la línea de fuego","3/24/20"
"¡Llama a mi agente!: Temporada 2: Fabrice Luchini","3/24/20"
"Vis a vis: Temporada 2: Un cadáver en el maletero","3/24/20"
"Riverdale: Temporada 1: Capítulo 1: Corrientes traicioneras","3/24/20"
"Stranger Things: Stranger Things 3: Capítulo ocho: La batalla de Starcourt","3/23/20"
"Vis a vis: Temporada 2: La gallinita","3/23/20"
"Vis a vis: Temporada 2: Hogar, dulce hogar","3/23/20"
"Vis a vis: Temporada 2: A un mono, dos pistolas","3/23/20"
"¡Llama a mi agente!: Temporada 1: François","3/23/20"
"¡Llama a mi agente!: Temporada 1: Julie y Joey","3/23/20"
"Vis a vis: Temporada 1: El principio de las tortugas","3/22/20"
"Vis a vis: Temporada 1: Gato gris","3/22/20"
"¡Llama a mi agente!: Temporada 1: Audrey","3/22/20"
"Vis a vis: Temporada 1: Negra, negrita, negrata","3/22/20"
"Vis a vis: Temporada 1: Pretty Woman","3/22/20"
"¡Llama a mi agente!: Temporada 1: Nathalie y Laura","3/22/20"
"Vis a vis: Temporada 1: A las 5 en punto de la tarde","3/22/20"
"¡Llama a mi agente!: Temporada 1: Line y Françoise","3/22/20"
"¡Llama a mi agente!: Temporada 1: Cécile","3/22/20"
"Vis a vis: Temporada 1: Te vendrán a buscar","3/22/20"
"Vis a vis: Temporada 1: La cruda realidad","3/22/20"
"Vis a vis: Temporada 1: Un día de campo","3/22/20"
"El final del paraíso: La propuesta del Titi","3/22/20"
"Vis a vis: Temporada 1: Lo que sucede conviene","3/21/20"
"The Protector: Temporada 3: Episodio 2","3/20/20"
"Encantada","3/19/20"
"El Chapo: Temporada 1: Episodio 7","3/17/20"
" : Episodio 11","3/17/20"
"El Chapo: Temporada 1: Episodio 6","3/16/20"
"El Chapo: Temporada 1: Episodio 5","3/16/20"
"On My Block: Temporada 2: Capítulo catorce","3/16/20"
"On My Block: Temporada 2: Capítulo trece","3/16/20"
"On My Block: Temporada 2: Capítulo doce","3/16/20"
"Vis a vis: Temporada 1: Cosiendo a Campanilla","3/16/20"
"Vis a vis: Temporada 1: Mosquita muerta","3/15/20"
"Fiebre del sábado por la noche","3/15/20"
"El Chapo: Temporada 1: Episodio 4","3/14/20"
"El Chapo: Temporada 1: Episodio 3","3/14/20"
"El Chapo: Temporada 1: Episodio 2","3/14/20"
"El Chapo: Temporada 1: Episodio 1","3/14/20"
"Las chicas del cable: Temporada final: Parte 1: Capítulo 34: El odio","3/14/20"
"Las chicas del cable: Temporada final: Parte 1: Capítulo 33: La guerra","3/14/20"
"Las chicas del cable: Temporada 1: Capítulo 2: Los recuerdos","3/14/20"
"The Protector: Temporada 3: Episodio 1","3/13/20"
"Ghost Rider: El vengador fantasma","3/11/20"
"El final del paraíso: La esperanza de una cura","3/11/20"
"El final del paraíso: El Delfín Azul","3/11/20"
"Toy Boy: Temporada 1: Ángeles caídos","3/10/20"
"Toy Boy: Temporada 1: Redención","3/10/20"
"Toy Boy: Temporada 1: Cachorro","3/10/20"
" : Episodio 10","3/9/20"
"Van Helsing: Temporada 4: El observador","3/9/20"
"Toy Boy: Temporada 1: Polaroids","3/8/20"
"Toy Boy: Temporada 1: Amor de madre","3/8/20"
"Toy Boy: Temporada 1: Único testigo","3/7/20"
"Toy Boy: Temporada 1: Juego de máscaras","3/7/20"
"Toy Boy: Temporada 1: El final del túnel","3/7/20"
"Toy Boy: Temporada 1: El pulso del asesino","3/7/20"
"Desenfrenadas: Lo que te choca, te checa","3/7/20"
"Desenfrenadas: Checa tu privilegio","3/7/20"
"Desenfrenadas: Me quiero ir a la v**","3/7/20"
"Toy Boy: Temporada 1: Casilla de salida","3/7/20"
"Toy Boy: Temporada 1: El juicio final","3/7/20"
"Toy Boy: Temporada 1: De entre los muertos","3/7/20"
"Toy Boy: Temporada 1: Piloto","3/7/20"
"Van Helsing: Temporada 4: Tres páginas","3/6/20"
"Van Helsing: Temporada 4: Mil disculpas","3/6/20"
"Van Helsing: Temporada 4: Juntos por siempre","3/6/20"
"Cook Up a Storm","3/6/20"
"Chef's Table: Volumen 6: Mashama Bailey","3/6/20"
"El señor de los anillos: Las dos torres","3/6/20"
"Sin senos sí hay paraíso: Temporada 3: La Diabla, escolta de Catalina","3/6/20"
"Sin senos sí hay paraíso: Temporada 3: Catalina desconfía de Santiago","3/6/20"
"Sin senos sí hay paraíso: Temporada 3: Santiago muerde el anzuelo","3/6/20"
"Sin senos sí hay paraíso: Temporada 3: Catalina está embarazada","3/6/20"
"Sin senos sí hay paraíso: Temporada 3: Yésica elige su nuevo rostro","3/6/20"
"Sin senos sí hay paraíso: Temporada 3: Mariana, la narco más joven","3/6/20"
"Van Helsing: Temporada 4: Somos un equipo","3/5/20"
"Van Helsing: Temporada 4: El prisma","3/4/20"
"Van Helsing: Temporada 4: Metamorfosis","3/4/20"
"Van Helsing: Temporada 4: Kilómetros y kilómetros","3/4/20"
"Pandora","3/3/20"
"Van Helsing: Temporada 4: Libertad o muerte","3/3/20"
"Van Helsing: Temporada 4: Promesas rotas","3/3/20"
"Van Helsing: Temporada 4: Ama menos","3/3/20"
"Sin senos sí hay paraíso: Temporada 3: Mariana aspira a ser como Yésica","3/2/20"
"Sin senos sí hay paraíso: Temporada 3: Donante de cara para Yésica","3/2/20"
"Van Helsing: Temporada 4: Lazos siniestros","3/1/20"
"Van Helsing: Temporada 4: Destino oscuro","3/1/20"
"Las chicas del cable: Temporada 1: Capítulo 1: Los sueños","3/1/20"
"Diario de una pasión","2/28/20"
"Puerta 7: Episodio 6","2/27/20"
" : Episodio 9","2/27/20"
" : Episodio 8","2/27/20"
"Friends: Temporada 1: El intoxicado","2/27/20"
"Friends: Temporada 1: Corazones de dulce","2/27/20"
"Friends: Temporada 1: Hablemos de senos","2/27/20"
"Friends: Temporada 1: Las doce lasagnas","2/27/20"
"Friends: Temporada 1: Uno con la Sra. Bing","2/27/20"
"Puerta 7: Episodio 2","2/24/20"
"Puerta 7: Episodio 5","2/24/20"
"Puerta 7: Episodio 4","2/24/20"
"El Chapo: Temporada 3: Episodio 6","2/23/20"
"El Chapo: Temporada 3: Episodio 5","2/22/20"
"Mi villano favorito 3","2/22/20"
"Assassin's Creed","2/17/20"
"Isi y Ossi","2/17/20"
"Lindas mentirosas: Temporada 4: La vuelta del zapato","2/15/20"
"Un amor muy conveniente","2/15/20"
"Lindas mentirosas: Temporada 4: A está viva","2/14/20"
"En la mente criminal: Secuestros","2/13/20"
"Los caballeros del zodíaco: Temporada 5: Episodio 93","2/12/20"
"Porno para principiantes","2/10/20"
"No te metas con los gatos: Un asesino en internet: Miniserie: Matar por un clic","2/10/20"
"El libro de la selva","2/10/20"
" ","2/10/20"
"The Walking Dead: Temporada 3: No soy Judas","2/10/20"
"The Walking Dead: Temporada 8: El rey, la viuda y Rick","2/10/20"
"Soy un asesino: Temporada 2: En sus manos","2/10/20"
"Heartland: Temporada 7: Ahora o nunca","2/9/20"
"Heartland: Temporada 7: Encuentra el camino","2/9/20"
"Heartland: Temporada 7: Caer","2/9/20"
"Heartland: Temporada 7: Demoliciones","2/8/20"
"Heartland: Temporada 7: Vive el presente","2/8/20"
"Heartland: Temporada 7: Enfrenta la realidad","2/8/20"
"Heartland: Temporada 6: Bajo presión","2/8/20"
"Heartland: Temporada 1: De vuelta en casa","2/8/20"
"No te metas con los gatos: Un asesino en internet: Miniserie: La red se cierra","2/8/20"
"Yo antes de ti","2/8/20"
"No te metas con los gatos: Un asesino en internet: Miniserie: El gato y el ratón","2/7/20"
"Los caballeros del zodíaco: Temporada 5: Episodio 92","2/6/20"
"Los caballeros del zodíaco: Temporada 5: Episodio 91","2/6/20"
"Luna nera: Luz","2/4/20"
" : Episodio 7","2/4/20"
" : Episodio 6","2/4/20"
"Luna nera: Armas","2/3/20"
"Luna nera: Destino","2/2/20"
"La influencia","2/2/20"
"Luna nera: Voces","2/2/20"
"Luna nera: Libro","2/2/20"
"Luna nera: Presagio","2/2/20"
"La reina del flow: Temporada 1: Episodio 2","1/31/20"
"La reina del flow: Temporada 1: Episodio 1","1/31/20"
"You: Temporada 2: Realmente amor","1/30/20"
"You: Temporada 2: Detective Joe","1/30/20"
"You: Temporada 2: Pánico y locura en Beverly Hills","1/30/20"
"La propuesta","1/30/20"
"Los caballeros del zodíaco: Temporada 5: Episodio 90","1/28/20"
"Los caballeros del zodíaco: Temporada 5: Episodio 89","1/27/20"
"Los caballeros del zodíaco: Temporada 5: Episodio 88","1/27/20"
"El mundo oculto de Sabrina: Parte 3: Capítulo veintiocho: Sabrina es leyenda","1/26/20"
"Modo avión","1/26/20"
"El mundo oculto de Sabrina: Parte 3: Capítulo veintisiete: El beso de Judas","1/26/20"
"El mundo oculto de Sabrina: Parte 3: Capítulo veintiséis: Todas esas brujas","1/26/20"
"El mundo oculto de Sabrina: Parte 3: Capítulo veinticinco: El diablo dentro","1/26/20"
"Oh, Ramona!","1/26/20"
"El mundo oculto de Sabrina: Parte 3: Capítulo veinticuatro: La Luna de la Liebre","1/26/20"
"El mundo oculto de Sabrina: Parte 3: Capítulo veintitrés: La pesada corona","1/26/20"
"El mundo oculto de Sabrina: Parte 3: Capítulo veintidós: Arrástrame al infierno","1/26/20"
"El mundo oculto de Sabrina: Parte 3: Capítulo veintiuno: El corazón destinado al infierno","1/25/20"
" : Episodio 5","1/24/20"
"Black Mirror: Temporada 3: Caída en picada","1/23/20"
"Black Mirror: Temporada 4: Black Museum","1/23/20"
"Black Mirror: Temporada 3: Cállate y baila","1/23/20"
"Mi vida a los diecisiete","1/22/20"
" : Episodio 4","1/21/20"
"Apache: La vida de Carlos Tevez: El gran día","1/20/20"
"Apache: La vida de Carlos Tevez: Las dos caras de una moneda","1/20/20"
"Apache: La vida de Carlos Tevez: Dos madres, un acto de amor","1/20/20"
"13 Reasons Why: Temporada 3: Siempre esperas la próxima mala noticia","1/17/20"
"13 Reasons Why: Temporada 3: En la secundaria, es difícil saber quién está de tu lado","1/17/20"
" : Episodio 3","1/15/20"
"The Client List: La exfoliación azucarada","1/15/20"
"Much Loved","1/15/20"
"The Witcher: Temporada 1: Mucho más","1/13/20"
"The Witcher: Temporada 1: Antes de la caída","1/13/20"
"Vivir dos veces","1/12/20"
"You: Temporada 1: El castillo de Barba Azul","1/10/20"
"Marvel's Agents of S.H.I.E.L.D.: Piloto","1/10/20"
"La gran muralla","1/10/20"
" : Episodio 2","1/9/20"
" : Episodio 3","1/9/20"
" : Episodio 2","1/9/20"
" : Episodio 1","1/9/20"
"The Witcher: Temporada 1: Especies raras","1/9/20"
"The Witcher: Temporada 1: Apetitos incontenibles","1/9/20"
"The Witcher: Temporada 1: Banquetes, bastardos y entierros","1/9/20"
"Nisman: El fiscal, la presidenta y el espía: Episodio 2","1/9/20"
"Nisman: El fiscal, la presidenta y el espía: Episodio 1","1/9/20"
"You: Temporada 1: Viviendo con el enemigo","1/9/20"
"You: Temporada 1: El Capitán","1/9/20"
"You: Temporada 1: Tal vez","1/9/20"
"El sexo, en pocas palabras: Miniserie: Fantasías sexuales","1/8/20"
" : Episodio 1","1/8/20"
"The Witcher: Temporada 1: Luna traicionera","1/8/20"
" : Episodio 13","1/7/20"
" : Episodio 12","1/7/20"
"Black Mirror: Temporada 4: USS Callister","1/6/20"
"The Witcher: Temporada 1: Cuatro marcos","1/5/20"
" : Episodio 11","1/5/20"
"Todas las pecas del mundo","1/3/20"
" : Episodio 10","1/3/20"
"El vecino: Temporada 1: Desde el espacio exterior","1/3/20"
"Hermano","12/31/19"
" : Episodio 9","12/31/19"
"Un Mar De Enredos","12/30/19"
" : Episodio 8","12/30/19"
"Rebelde Way: temporada 1: Capítulo 8","12/29/19"
"Rebelde Way: temporada 1: Capítulo 7","12/29/19"
"Rebelde Way: temporada 1: Capítulo 6","12/29/19"
" : Episodio 7","12/28/19"
" : Episodio 6","12/28/19"
"The I-Land: Miniserie: Magnífico mundo nuevo","12/27/19"
"Un lugar para soñar: Temporada 1: Seguir adelante","12/26/19"
"Perdidos en el espacio: Temporada 1: Impacto","12/26/19"
"Perdidos en el espacio: Temporada 1: Transmisión","12/26/19"
"Capitán América: Guerra civil","12/26/19"
"Los caballeros del zodíaco: Temporada 5: Episodio 87","12/25/19"
" : Episodio 5","12/25/19"
" : Episodio 4","12/25/19"
"Klaus","12/25/19"
"Lindas mentirosas: Temporada 4: Una guía de mentirosas por Rosewood","12/23/19"
"Rebelde Way: temporada 1: Capítulo 5","12/23/19"
"Rebelde Way: temporada 1: Capítulo 4","12/23/19"
"Guardianes de la galaxia","12/22/19"
"Fractura","12/20/19"
"Los caballeros del zodíaco: Temporada 5: Episodio 86","12/19/19"
"After Life: Más allá de mi mujer: Temporada 1: Episodio 5","12/18/19"
"After Life: Más allá de mi mujer: Temporada 1: Episodio 4","12/18/19"
"After Life: Más allá de mi mujer: Temporada 1: Episodio 3","12/18/19"
"After Life: Más allá de mi mujer: Temporada 1: Episodio 2","12/18/19"
"Resident Evil 3: La extinción","12/18/19"
"Resident Evil 5: La venganza","12/18/19"
"After Life: Más allá de mi mujer: Temporada 1: Episodio 1","12/18/19"
"Alta mar: Temporada 1: Los anillos","12/17/19"
"Alta mar: Temporada 1: El albatros","12/17/19"
"Los Briceño: Episodio 1","12/17/19"
"Mitomanía: Episodio 5","12/17/19"
"Resident Evil: Capítulo final","12/17/19"
"Mitomanía: Episodio 4","12/17/19"
"Mitomanía: Episodio 3","12/17/19"
"Mitomanía: Episodio 2","12/17/19"
"Mitomanía: Episodio 1","12/17/19"
"Daybreak: ¡Atrapatontos!","12/16/19"
"Daybreak: Josh contra el apocalipsis: Parte 1","12/16/19"
"Rebelde Way: temporada 1: Capítulo 3","12/16/19"
"Rebelde Way: temporada 1: Capítulo 2","12/16/19"
"Rebelde Way: temporada 1: Capítulo 1","12/16/19"
"Los caballeros del zodíaco: Temporada 5: Episodio 85","12/15/19"
"Los caballeros del zodíaco: Temporada 5: Episodio 84","12/15/19"
"Conversaciones con asesinos: Las cintas de Ted Bundy: Uno de nosotros","12/15/19"
"Historia de un matrimonio","12/15/19"
"Los caballeros del zodíaco: Temporada 5: Episodio 83","12/15/19"
"Los caballeros del zodíaco: Temporada 5: Episodio 82","12/15/19"
"Los caballeros del zodíaco: Temporada 5: Episodio 81","12/15/19"
"Navidad en casa: Temporada 1: Citas y algo más","12/14/19"
"Navidad en casa: Temporada 1: La gran mentira navideña","12/14/19"
"Los caballeros del zodíaco: Temporada 5: Episodio 80","12/13/19"
"Los caballeros del zodíaco: Temporada 5: Episodio 79","12/13/19"
"Los caballeros del zodíaco: Temporada 5: Episodio 78","12/13/19"
"Los caballeros del zodíaco: Temporada 5: Episodio 77","12/13/19"
"Los caballeros del zodíaco: Temporada 5: Episodio 76","12/12/19"
"Los caballeros del zodíaco: Temporada 5: Episodio 75","12/11/19"
"Los caballeros del zodíaco: Temporada 5: Episodio 74","12/11/19"
"Los caballeros del zodíaco: Temporada 4: Episodio 73","12/11/19"
"Los caballeros del zodíaco: Temporada 4: Episodio 72","12/11/19"
"Los caballeros del zodíaco: Temporada 4: Episodio 71","12/11/19"
"Los caballeros del zodíaco: Temporada 4: Episodio 70","12/11/19"
"Los caballeros del zodíaco: Temporada 4: Episodio 69","12/11/19"
"Cómo ser soltera","12/9/19"
"Los caballeros del zodíaco: Temporada 4: Episodio 68","12/8/19"
"Los caballeros del zodíaco: Temporada 4: Episodio 67","12/8/19"
"Belleza inesperada","12/7/19"
"Un príncipe de Navidad: Bebé real","12/7/19"
"El club: MAM Hadas","12/7/19"
"El club: Misión complicada","12/7/19"
"Los caballeros del zodíaco: Temporada 4: Episodio 66","12/7/19"
"El club: MDMA y malas ideas","12/7/19"
"Los caballeros del zodíaco: Temporada 4: Episodio 65","12/7/19"
"Los caballeros del zodíaco: Temporada 4: Episodio 64","12/7/19"
"Los caballeros del zodíaco: Temporada 4: Episodio 63","12/7/19"
"Edha: La marca de la venganza","12/7/19"
"Los caballeros del zodíaco: Temporada 4: Episodio 62","12/6/19"
"Los caballeros del zodíaco: Temporada 4: Episodio 61","12/6/19"
"Los caballeros del zodíaco: Temporada 4: Episodio 60","12/6/19"
"Los caballeros del zodíaco: Temporada 4: Episodio 59","12/4/19"
"Los caballeros del zodíaco: Temporada 4: Episodio 58","12/4/19"
"Los caballeros del zodíaco: Temporada 4: Episodio 57","12/4/19"
"Los caballeros del zodíaco: Temporada 4: Episodio 56","12/4/19"
"Los caballeros del zodíaco: Temporada 4: Episodio 55","12/4/19"
"Los caballeros del zodíaco: Temporada 4: Episodio 54","12/4/19"
"Los caballeros del zodíaco: Temporada 4: Episodio 53","12/3/19"
"Los caballeros del zodíaco: Temporada 4: Episodio 52","12/3/19"
"Los caballeros del zodíaco: Temporada 4: Episodio 51","12/3/19"
"Los caballeros del zodíaco: Temporada 4: Episodio 50","12/2/19"
"Los caballeros del zodíaco: Temporada 4: Episodio 49","12/2/19"
"Los caballeros del zodíaco: Temporada 4: Episodio 48","12/2/19"
"Los caballeros del zodíaco: Temporada 4: Episodio 47","12/1/19"
"Los caballeros del zodíaco: Temporada 4: Episodio 46","12/1/19"
"Los caballeros del zodíaco: Temporada 4: Episodio 45","12/1/19"
"Los caballeros del zodíaco: Temporada 4: Episodio 44","12/1/19"
"Los caballeros del zodíaco: Temporada 4: Episodio 43","12/1/19"
"13 Reasons Why: Temporada 3: Hay una serie de problemas con Clay Jensen","11/30/19"
"13 Reasons Why: Temporada 3: Se puede decir mucho sobre una persona por su dolor","11/30/19"
"13 Reasons Why: Temporada 3: Nadie está limpio","11/29/19"
"Los caballeros del zodíaco: Temporada 4: Episodio 42","11/29/19"
"Los caballeros del zodíaco: Temporada 3: La crisis de Athena","11/29/19"
"Los caballeros del zodíaco: Temporada 3: La partida","11/29/19"
"Los caballeros del zodíaco: Temporada 3: Shiryu contra Máscara Mortal","11/29/19"
"Los caballeros del zodíaco: Temporada 3: Ataquen, Santos Dorados","11/29/19"
"Los caballeros del zodíaco: Temporada 3: La decisión del casco","11/29/19"
"Bajo la mirada de nadie: No es ángel, es ángelus","11/28/19"
"Bajo la mirada de nadie: Prueba un poco","11/28/19"
"Bajo la mirada de nadie: El azar no es casualidad","11/28/19"
"Bajo la mirada de nadie: ¡Santo hámster!","11/28/19"
"Bajo la mirada de nadie: ¡Ay, dios!","11/28/19"
"13 Reasons Why: Temporada 3: Enojado, joven y hombre","11/27/19"
"Riverdale: Temporada 1: Capítulo 7: En un lugar solitario","11/27/19"
"Riverdale: Temporada 1: Capítulo 6: La mujer del cuadro","11/27/19"
"Riverdale: Temporada 1: Capítulo 5: El corazón de las tinieblas","11/27/19"
"No hay tiempo para la vergüenza: Episodio 1","11/26/19"
"13 Reasons Why: Temporada 3: La persona buena no se distingue de la mala","11/25/19"
"13 Reasons Why: Temporada 3: Si respiras, mientes","11/25/19"
"13 Reasons Why: Temporada 3: Sí, soy la chica nueva","11/25/19"
"Los caballeros del zodíaco: Temporada 3: Doce juegos de ropa dorada","11/25/19"
"13 Reasons Why: Temporada 2: Adiós","11/25/19"
"13 Reasons Why: Temporada 2: La caja de Polaroids","11/25/19"
"13 Reasons Why: Temporada 2: Bryce y Chloe","11/25/19"
"13 Reasons Why: Temporada 2: Sonrían, perras","11/25/19"
"El recluso: Episodio 5","11/24/19"
"13 Reasons Why: Temporada 2: La página faltante","11/24/19"
"Los caballeros del zodíaco: Temporada 3: La esperanza de Seiya","11/24/19"
"Los caballeros del zodíaco: Temporada 3: Adiós, camarada","11/24/19"
"13 Reasons Why: Temporada 2: La niña","11/23/19"
"Los caballeros del zodíaco: Temporada 3: El llanto del Dragón","11/23/19"
"Los caballeros del zodíaco: Temporada 3: La isla de la Reina Muerte","11/23/19"
"Los caballeros del zodíaco: Temporada 2: La línea entre la vida y la muerte","11/23/19"
"Mortal: Temporada 1: Archimuertos","11/23/19"
"13 Reasons Why: Temporada 2: La tercera Polaroid","11/23/19"
"Los caballeros del zodíaco: Temporada 2: El ardiente cosmos del amor","11/22/19"
"13 Reasons Why: Temporada 2: La sonrisa al final del muelle","11/22/19"
"Los caballeros del zodíaco: Temporada 2: El secuestro de Saori","11/22/19"
"Los caballeros del zodíaco: Temporada 2: El sacrificio del Dragón","11/22/19"
"13 Reasons Why: Temporada 2: La máquina de tiza","11/22/19"
"Los caballeros del zodíaco: Temporada 2: Seiya se convierte en piedra","11/22/19"
"13 Reasons Why: Temporada 2: La segunda Polaroid","11/22/19"
"13 Reasons Why: Temporada 2: Zorra ebria","11/22/19"
"13 Reasons Why: Temporada 2: Dos chicas y un beso","11/22/19"
"13 Reasons Why: Temporada 2: La primera Polaroid","11/22/19"
"El señor de los anillos: La comunidad del anillo","11/22/19"
"En carne propia: Los últimos días de Stefano Cucchi","11/22/19"
"Los caballeros del zodíaco: Temporada 2: ¿Amigos o enemigos?","11/22/19"
"Los caballeros del zodíaco: Temporada 2: La revelación","11/22/19"
"Los caballeros del zodíaco: Temporada 2: El vuelo de Pegaso","11/22/19"
"Los caballeros del zodíaco: Temporada 2: El ángel de la muerte","11/22/19"
"Los caballeros del zodíaco: Temporada 2: El caballero de la Llama","11/22/19"
"La casa de las flores: Temporada 2: HELICONIA (Símb. fertilidad)","11/21/19"
"La casa de las flores: Temporada 2: GERANIO (Símb. consuelo)","11/21/19"
"13 Reasons Why: Temporada 1: Casete siete, lado A","11/21/19"
"La casa de las flores presenta: El funeral","11/21/19"
"La casa de las flores: Temporada 2: CLAVEL (Símb. capricho)","11/21/19"
"La casa de las flores: Temporada 2: ACACIA (Símb. amor secreto)","11/21/19"
"La casa de las flores: Temporada 2: ALMENDRO (Símb. despertar)","11/21/19"
"13 Reasons Why: Temporada 1: Casete seis, lado B","11/21/19"
"13 Reasons Why: Temporada 1: Casete seis, lado A","11/20/19"
"13 Reasons Why: Temporada 1: Casete cinco, lado B","11/20/19"
"13 Reasons Why: Temporada 1: Casete cinco, lado A","11/20/19"
"13 Reasons Why: Temporada 1: Casete cuatro, lado B","11/20/19"
"13 Reasons Why: Temporada 1: Casete cuatro, lado A","11/20/19"
"13 Reasons Why: Temporada 1: Casete tres, lado B","11/19/19"
"13 Reasons Why: Temporada 1: Casete tres, lado A","11/19/19"
"Peleador callejero","11/19/19"
"13 Reasons Why: Temporada 1: Casete dos, lado B","11/18/19"
"Atypical: Temporada 1: Esa es mi sudadera","11/18/19"
"Atypical: Temporada 1: Un aroma neutro","11/18/19"
"Atypical: Temporada 1: Julia dijo","11/18/19"
"13 Reasons Why: Temporada 1: Casete dos, lado A","11/18/19"
"13 Reasons Why: Temporada 1: Casete uno, lado B","11/18/19"
"Virgen a los 40","11/18/19"
"13 Reasons Why: Temporada 1: Casete uno, lado A","11/18/19"
"La lista de no besar de Naomi y Ely","11/16/19"
"7 deseos","11/16/19"
"Los caballeros del zodíaco: Temporada 2: La pirámide de hielo","11/16/19"
"Los caballeros del zodíaco: Temporada 2: La traición del señor de los hielos","11/16/19"
"Los caballeros del zodíaco: Temporada 2: La isla del Espectro","11/16/19"
"Los caballeros del zodíaco: Temporada 2: ¡Los caballeros de los abismos!","11/16/19"
"Los caballeros del zodíaco: Temporada 2: El rescate de Saori","11/16/19"
"Historias de San Francisco: Miniserie: Volver","11/15/19"
"Los caballeros del zodíaco: Temporada 2: El ataque a la fundación","11/15/19"
"Los caballeros del zodíaco: El secreto del Fénix","11/15/19"
"Los caballeros del zodíaco: La derrota del Fantasma del Diablo","11/15/19"
"Los caballeros del zodíaco: Hazañas explosivas","11/15/19"
"Los caballeros del zodíaco: Las cadenas de la amistad","11/15/19"
"Los caballeros del zodíaco: ¡Seiya se enfrenta con su doble!","11/15/19"
"Los caballeros del zodíaco: La tumba de la armadura sagrada","11/15/19"
"Slasher: El verdugo: Ojo por ojo","11/14/19"
"La casa de las flores: Temporada 2: LOTO (Símb. misterio)","11/14/19"
"La casa de las flores: Temporada 2: IRIS (Símb. fe)","11/14/19"
"La casa de las flores: Temporada 2: ROSA (Símb. unidad)","11/14/19"
"Los caballeros del zodíaco: Los caballeros del apocalipsis","11/14/19"
"Los caballeros del zodíaco: En busca de la armadura de oro","11/14/19"
"Los caballeros del zodíaco: La venganza del caballero Fénix","11/14/19"
"Los caballeros del zodíaco: ¡Fénix! El guerrero que viene del infierno","11/14/19"
"Actividad paranormal 4","11/14/19"
"Los caballeros del zodíaco: La resurrección del Dragón","11/10/19"
"Los caballeros del zodíaco: El caballero Dragón","11/10/19"
"Los caballeros del zodíaco: ¡Cisne! El guerrero de los hielos","11/10/19"
"Los caballeros del zodíaco: ¡Cuando Seiya viste la armadura de Pegaso!","11/10/19"
"Los caballeros del zodíaco: Las leyendas de una nueva era","11/10/19"
"El mundo oculto de Sabrina: Parte 2: Capítulo veinte: El vals de Mefistófeles","11/9/19"
"Love, Death & Robots: Volumen 1: LA VENTAJA DE SONNIE","11/6/19"
"El mundo oculto de Sabrina: Parte 2: Capítulo diecinueve: La mandrágora","11/5/19"
"El mundo oculto de Sabrina: Parte 2: Capítulo dieciocho: Los milagros de Sabrina Spellman","11/5/19"
"El Chapo: Temporada 3: Episodio 4","11/4/19"
"El Chapo: Temporada 3: Episodio 3","11/4/19"
"El recluso: Episodio 4","11/4/19"
"El Chapo: Temporada 3: Episodio 2","11/4/19"
"El recluso: Episodio 3","11/4/19"
"El recluso: Episodio 2","11/4/19"
"Buscando a Dory","11/4/19"
"El recluso: Episodio 1","11/4/19"
"La casa de las flores: Temporada 1: PETUNIA (Símb. resentimiento)","11/4/19"
"La casa de las flores: Temporada 1: LIRIO (Símb. libertad)","11/4/19"
"La casa de las flores: Temporada 1: CRISANTEMO (Símb. dolor)","11/4/19"
"Insatiable: Temporada 2: Cerda","11/4/19"
"Las chicas del cable: Temporada 4: Capítulo 32: La suerte","11/4/19"
"Lindas mentirosas: Temporada 4: Choza de amor","11/4/19"
"Lindas mentirosas: Temporada 4: ¿Quién está en la caja?","11/4/19"
"Monarca: Temporada 1: Fondo","11/3/19"
"Amor en obras","11/3/19"
"Monarca: Temporada 1: La otra realidad","11/2/19"
"La masacre de Texas 3","11/2/19"
"Las chicas del cable: Temporada 4: Capítulo 31: La felicidad","11/1/19"
"¿...Y dónde están las rubias?","10/30/19"
"Lindas mentirosas: Temporada 4: Nuevo mundo de ultratumba","10/30/19"
"El mundo oculto de Sabrina: Parte 2: Capítulo diecisiete: Los misioneros","10/26/19"
"Lindas mentirosas: Temporada 3: La miseria ama la compañía","10/25/19"
"Lindas mentirosas: Temporada 3: Mona-manía","10/25/19"
"Lindas mentirosas: Temporada 3: Está mejor ahora","10/24/19"
"Lindas mentirosas: Temporada 3: Un oscuro paseo","10/24/19"
"Yo soy Betty, la fea: Episodio 1","10/24/19"
"Lindas mentirosas: Temporada 3: La dama asesina","10/23/19"
"Lindas mentirosas: Temporada 3: Una mujer asustada","10/22/19"
"Lindas mentirosas: Temporada 3: La verdad oculta","10/21/19"
"Lindas mentirosas: Temporada 3: El juego de Kahn","10/21/19"
"Lindas mentirosas: Temporada 3: Besos robados","10/21/19"
"Cómo criar a un superhéroe: Temporada 1: N.º 101: Criar a un superhéroe","10/20/19"
"Cómo criar a un superhéroe: Temporada 1: N.º 102: La fortaleza de la soledad","10/20/19"
"Warda","10/20/19"
"Que te trague el infierno","10/20/19"
"Lo que vi: Temporada 2: Culto de tortura","10/19/19"
"Dulce venganza 2","10/19/19"
"Lo que vi: Temporada 1: La lápida robada","10/19/19"
"Lo que vi: Temporada 2: El Imitador","10/18/19"
"Sintonía: Temporada 1: Sincronizados","10/18/19"
"Sintonía: Temporada 1: Tu huella en el mundo","10/18/19"
"Sintonía: Temporada 1: Lo correcto","10/18/19"
"Sintonía: Temporada 1: Otra oportunidad","10/18/19"
"Sintonía: Temporada 1: Hice algo malo","10/18/19"
"Sintonía: Temporada 1: Agarraron a Cacau","10/17/19"
"¿Qué le pasó a Lunes?","10/13/19"
"La fiesta de las salchichas","10/13/19"
"Lindas mentirosas: Temporada 3: Loca","10/11/19"
"Tirador","10/7/19"
"El Dragón: El regreso de un guerrero: Temporada 1: Episodio 2","10/6/19"
"El Dragón: El regreso de un guerrero: Temporada 1: Episodio 1","10/5/19"
"Marianne: Es una tradición","10/4/19"
"The Rain: Temporada 2: Eviten hacer contacto","10/3/19"
"Vis a vis: Temporada 4: La marea amarilla","10/3/19"
"Cincuenta sombras más oscuras","10/2/19"
"The A List: Temporada 1: Hora de matar","9/26/19"
"The A List: Temporada 1: Capturar al rey","9/26/19"
"The A List: Temporada 1: Convertirse en reina","9/26/19"
"The A List: Temporada 1: Retomar el control","9/26/19"
"The A List: Temporada 1: Por fin ha llegado","9/26/19"
"Intercambio de princesas","9/26/19"
"(Des)encanto: Parte 1: La fiesta roja","9/24/19"
"Perdidos en el espacio: Temporada 1: Los Robinson estuvieron aquí","9/23/19"
"A mi altura","9/22/19"
"Insatiable: Temporada 1: KITTY66","9/22/19"
"Perdidos en el espacio: Temporada 1: Infestación","9/21/19"
"Perdidos en el espacio: Temporada 1: Diamantes en el cielo","9/21/19"
"El mundo oculto de Sabrina: Parte 2: Capítulo dieciséis: Blackwood","9/20/19"
"El mundo oculto de Sabrina: Parte 2: Capítulo quince: La casa de terror del Dr. Cerberus","9/20/19"
"El mundo oculto de Sabrina: Parte 2: Capítulo catorce: Las Lupercales","9/20/19"
"El mundo oculto de Sabrina: Parte 2: Capítulo trece: La pasión de Sabrina Spellman","9/18/19"
"Los Caballeros del Zodiaco: La saga de Hades: Santuario: El inicio de la guerra de los infiernos","9/17/19"
"Insatiable: Temporada 1: Patrocinada por Salchicha y Taco","9/16/19"
"Inconcebible: Miniserie: Episodio 8","9/16/19"
"Inconcebible: Miniserie: Episodio 7","9/16/19"
"Inconcebible: Miniserie: Episodio 6","9/16/19"
"Inconcebible: Miniserie: Episodio 5","9/16/19"
"Inconcebible: Miniserie: Episodio 4","9/16/19"
"Inconcebible: Miniserie: Episodio 3","9/16/19"
"Inconcebible: Miniserie: Episodio 2","9/16/19"
"Inconcebible: Miniserie: Episodio 1","9/15/19"
"La reina del flow: Temporada 1: Episodio 31","9/14/19"
"Baile caliente","9/14/19"
"El mundo oculto de Sabrina: Parte 2: Capítulo doce: La epifanía","9/12/19"
"El mundo oculto de Sabrina: Parte 1: Capítulo once: Un cuento invernal","9/12/19"
"El mundo oculto de Sabrina: Parte 1: Capítulo diez: La hora de las brujas","9/11/19"
"La razón de estar contigo","9/9/19"
"Nuestro último verano","9/9/19"
"Psiconautas: Fabiana","9/9/19"
"Psiconautas: Un Argentino Nacido en España","9/9/19"
"Black Mirror: Temporada 3: San Junípero","9/8/19"
"Black Mirror: Temporada 1: Toda tu historia","9/8/19"
"Conociendo a los Black","9/7/19"
"Mejores que nosotros: Episodio 7","9/6/19"
"Mejores que nosotros: Episodio 6","9/5/19"
"Mejores que nosotros: Episodio 5","9/5/19"
"Mejores que nosotros: Episodio 4","9/5/19"
"Mejores que nosotros: Episodio 3","9/5/19"
"Mejores que nosotros: Episodio 2","9/5/19"
"Mejores que nosotros: Episodio 1","9/5/19"
"Insatiable: Temporada 1: Señorita Dulce Jesús","9/5/19"
"Insatiable: Temporada 1: Soy tu hoyo","9/3/19"
"Riverdale: Temporada 1: Capítulo 2: Las sombras del mal","9/1/19"
"4 latas","9/1/19"
" : Episodio 13","8/31/19"
" : Episodio 12","8/31/19"
" : Episodio 11","8/31/19"
" : Episodio 10","8/29/19"
"Lindas mentirosas: Temporada 3: Las pistas de A","8/29/19"
"Clinical","8/28/19"
"The Doll","8/28/19"
"Lindas mentirosas: Temporada 3: Esa niña es veneno","8/28/19"
"El laberinto del fauno","8/27/19"
"El otro hermano","8/26/19"
"Alien Warfare","8/26/19"
"1922","8/26/19"
" : Episodio 9","8/26/19"
"Sing: ¡Ven y canta!","8/25/19"
"Los Elegidos","8/25/19"
"Superstition: Piloto","8/25/19"
"Perdidos en el espacio: Temporada 1: Trayectoria","8/25/19"
"Perdidos en el espacio: Temporada 1: Peligro, Will Robinson","8/25/19"
"Otra vida: Temporada 1: Crisis nerviosa","8/25/19"
"Otra vida: Temporada 1: Por valles tenebrosos","8/25/19"
"Otra vida: Temporada 1: Por todo el universo","8/25/19"
" : Episodio 8","8/23/19"
" : Episodio 7","8/23/19"
" : Episodio 6","8/23/19"
"Las chicas del cable: Temporada 4: Capítulo 30: La duda","8/23/19"
"Las chicas del cable: Temporada 4: Capítulo 29: La vida","8/23/19"
"Las chicas del cable: Temporada 4: Capítulo 28: El miedo","8/23/19"
"Frontera verde: Miniserie: Los caminantes","8/23/19"
"Frontera verde: Miniserie: La manigua","8/23/19"
"Déjà Vu","8/23/19"
" : Episodio 5","8/22/19"
" : Episodio 4","8/21/19"
" : Episodio 3","8/21/19"
"Sherlock: Temporada 2: Las cataratas de Reichenbach","8/20/19"
"Genio del mal: Miniserie: Parte 4: Las confesiones","8/20/19"
"Genio del mal: Miniserie: Parte 3: Los sospechosos","8/19/19"
"Genio del mal: Miniserie: Parte 2: El cuerpo congelado","8/19/19"
"Genio del mal: Miniserie: Parte 1: El atraco","8/19/19"
"Van Helsing: Temporada 3: Ritual de nacimiento","8/19/19"
"Van Helsing: Temporada 3: Postura de Cristo","8/19/19"
"Van Helsing: Temporada 3: Estuve lejos","8/19/19"
"Narcos: Temporada 3: Sin salida","8/19/19"
"El perfume: Escatol","8/19/19"
"El perfume: Ámbar gris","8/19/19"
"Las chicas del cable: Temporada 4: Capítulo 27: La justicia","8/18/19"
"Soy leyenda","8/18/19"
"Las chicas del cable: Temporada 4: Capítulo 26: La libertad","8/18/19"
"Alicia a través del espejo","8/18/19"
"Van Helsing: Temporada 3: Mundo exterior","8/18/19"
"Van Helsing: Temporada 3: Amar fuerte","8/18/19"
"Van Helsing: Temporada 3: Pasos torcidos","8/18/19"
"Diagnóstico: Casos sin resolver: Detective","8/17/19"
"Anatomía según Grey: Temporada 2: Dueño de un corazón solitario","8/17/19"
"Van Helsing: Temporada 3: Persecución","8/17/19"
"Van Helsing: Temporada 3: Casi suicida","8/17/19"
"Van Helsing: Temporada 3: Nudo corredizo","8/17/19"
"Van Helsing: Temporada 3: Jaula oxidada","8/16/19"
"Van Helsing: Temporada 3: Viva","8/16/19"
"Las chicas del cable: Temporada 4: Capítulo 25: La igualdad","8/16/19"
"Las chicas del cable: Temporada 3: Capítulo 24: El destino","8/16/19"
"Van Helsing: Temporada 3: Desconocido","8/16/19"
"Van Helsing: Temporada 3: Zarcillos","8/16/19"
"Misión: Imposible - Nación secreta","8/15/19"
"Los ilusionistas 2","8/14/19"
"Extinción","8/12/19"
"Las chicas del cable: Temporada 3: Capítulo 23: La esperanza","8/12/19"
"Las chicas del cable: Temporada 3: Capítulo 22: La lucha","8/12/19"
"Las chicas del cable: Temporada 3: Capítulo 21: El pecado","8/12/19"
"Las chicas del cable: Temporada 3: Capítulo 20: La venganza","8/12/19"
"Soltero en casa","8/11/19"
"Las chicas del cable: Temporada 3: Capítulo 19: La verdad","8/10/19"
"Las chicas del cable: Temporada 3: Capítulo 18: La muerte","8/10/19"
"Nada es lo que parece","8/10/19"
"Maléfica","8/10/19"
"El Chapo: Temporada 3: Episodio 1","8/9/19"
"72 animales peligrosos: Asia: Miniserie: Lugar y momento equivocados","8/9/19"
"En pocas palabras: Temporada 1: Música","8/9/19"
"La Segunda Guerra Mundial a todo color: World War II in Colour: La guerra relámpago","8/9/19"
"En el bosque","8/7/19"
"Tomorrowland: El mundo del mañana","8/7/19"
"Psicópata americano","8/7/19"
"How to Sell Drugs Online (Fast): Temporada 1: Si esta es la realidad, no me interesa","8/6/19"
"How to Sell Drugs Online (Fast): Temporada 1: El fracaso no es opción","8/6/19"
"How to Sell Drugs Online (Fast): Temporada 1: La vida no es justa, acostúmbrate a ello","8/6/19"
"How to Sell Drugs Online (Fast): Temporada 1: Nerd hoy, jefe mañana","8/6/19"
"Nunca digas su nombre","8/4/19"
"Anatomía según Grey: Temporada 2: Demasiado","8/1/19"
"Anatomía según Grey: Temporada 2: Gracias por los recuerdos","8/1/19"
"Anatomía según Grey: Temporada 2: Déjalo ser","8/1/19"
"Orange Is the New Black: Temporada 4: Lo hecho, hecho está","8/1/19"
"¡Buena suerte, Charlie!: El show de la nieve (Parte 1)","8/1/19"
"¡Buena suerte, Charlie!: El show de la nieve (Parte 2)","8/1/19"
"¡Applucinante!","8/1/19"
"El niño","7/31/19"
"Anatomía según Grey: Temporada 2: Algo de qué hablar","7/30/19"
"Anatomía según Grey: Temporada 2: Hacia ti como un tren","7/30/19"
"La reina del flow: Temporada 1: Episodio 30","7/29/19"
"La reina del flow: Temporada 1: Episodio 29","7/29/19"
"Anatomía según Grey: Temporada 2: Abran paso al dolor","7/29/19"
"Anatomía según Grey: Temporada 2: Niégalo, niégalo, niégalo","7/29/19"
"On My Block: Temporada 2: Capítulo once","7/28/19"
"Anatomía según Grey: Temporada 2: Hazme perder el control","7/28/19"
"Anatomía según Grey: Temporada 2: Ya basta","7/28/19"
"Anatomía según Grey: Temporada 2: Gotas de lluvia sobre mi cabeza","7/28/19"
"Siete almas","7/28/19"
"Más propenso a morir","7/27/19"
"Campamento en el fin del mundo","7/27/19"
"Anatomía según Grey: ¿Quién encubre a quién?","7/27/19"
"Queer Eye: Temporada 4: Un corte y a otra cosa","7/27/19"
"Anatomía según Grey: Sálvame","7/27/19"
"Anatomía según Grey: El botón de autodestrucción","7/26/19"
"Atypical: Temporada 1: Una hembra humana","7/25/19"
"Atypical: Temporada 1: Antártida","7/25/19"
"Atypical: Temporada 2: Las reglas de Ernest Shackleton","7/25/19"
"La reina del flow: Temporada 1: Episodio 28","7/23/19"
"SAINT SEIYA: Los Caballeros del Zodiaco: Parte I: Quema tu cosmo","7/22/19"
"SAINT SEIYA: Los Caballeros del Zodiaco: Parte I: Seiya","7/22/19"
"La reina del flow: Temporada 1: Episodio 27","7/21/19"
"Nicky Jam: El Ganador: Los Cangris","7/21/19"
"La reina del flow: Temporada 1: Episodio 26","7/20/19"
"La reina del flow: Temporada 1: Episodio 25","7/18/19"
"La reina del flow: Temporada 1: Episodio 24","7/18/19"
"La reina del flow: Temporada 1: Episodio 23","7/18/19"
"La reina del flow: Temporada 1: Episodio 22","7/18/19"
"La reina del flow: Temporada 1: Episodio 21","7/18/19"
"Tú, yo y ella: ¿Quieres pasarla bien?","7/18/19"
"La reina del flow: Temporada 1: Episodio 20","7/17/19"
"La reina del flow: Temporada 1: Episodio 19","7/17/19"
"La reina del flow: Temporada 1: Episodio 18","7/17/19"
"La reina del flow: Temporada 1: Episodio 17","7/17/19"
"La reina del flow: Temporada 1: Episodio 16","7/16/19"
"La reina del flow: Temporada 1: Episodio 15","7/15/19"
"La reina del flow: Temporada 1: Episodio 14","7/15/19"
"La reina del flow: Temporada 1: Episodio 13","7/14/19"
"La reina del flow: Temporada 1: Episodio 12","7/14/19"
"La reina del flow: Temporada 1: Episodio 11","7/14/19"
"La reina del flow: Temporada 1: Episodio 10","7/13/19"
"La reina del flow: Temporada 1: Episodio 9","7/12/19"
"La reina del flow: Temporada 1: Episodio 8","7/12/19"
"La reina del flow: Temporada 1: Episodio 7","7/12/19"
"La reina del flow: Temporada 1: Episodio 6","7/11/19"
"La reina del flow: Temporada 1: Episodio 5","7/11/19"
"Insatiable: Temporada 1: Perras y bikinis","7/11/19"
"La reina del flow: Temporada 1: Episodio 4","7/10/19"
"Riverdale: Temporada 1: Capítulo 10: Días sin huella","7/9/19"
"Insatiable: Temporada 1: Durazno de Georgia","7/9/19"
"Family Business: Temporada 1: Punto final","7/7/19"
"Family Business: Temporada 1: Pastramaría","7/7/19"
"Family Business: Temporada 1: Listos para plantar","7/7/19"
"Family Business: Temporada 1: Los puercos de Ámsterdam","7/7/19"
"Family Business: Temporada 1: El trato","7/7/19"
"Lindas mentirosas: Temporada 3: Aves de la misma pluma","7/7/19"
"Family Business: Temporada 1: Plan de negocios","7/6/19"
"Toy Story 2","7/6/19"
"Toy Story","7/6/19"
"Supercampeones: El Niupi contra Tojo","7/4/19"
"Supercampeones: El diagnóstico crítico del doctor","7/4/19"
"Supercampeones: El ardiente número 10","7/4/19"
"Supercampeones: Un desafío con Víctor Clifford","7/4/19"
"Supercampeones: El tiro del tigre","7/4/19"
"Lindas mentirosas: Temporada 3: El reino de los ciegos","7/2/19"
"Shaft","6/30/19"
"Supercampeones: ¡Un saque de salida por el futuro!","6/30/19"
"Supercampeones: Adiós, Roberto","6/30/19"
"Supercampeones: La final del torneo","6/29/19"
"Supercampeones: Oliver contra Hyuga","6/29/19"
"Supercampeones: ¡Levántate, Andy Johnson!","6/29/19"
"Lindas mentirosas: Temporada 3: La sangre es el nuevo negro","6/29/19"
"Lindas mentirosas: Temporada 3: Sucedió esa noche","6/29/19"
"Supercampeones: La estrella de cristal","6/29/19"
"Lindas mentirosas: Temporada 2: Desenmascarada","6/29/19"
"Lindas mentirosas: Temporada 2: Si estas muñecas hablaran","6/29/19"
"Supercampeones: Comienza el torneo nacional de futbol soccer juvenil","6/29/19"
"Supercampeones: El nacimiento del capitán Oliver Atom","6/29/19"
"Toy Story: olvidados en el tiempo","6/29/19"
"Toy Story: una historia de terror","6/29/19"
"Hangman","6/29/19"
"Lindas mentirosas: Temporada 2: El cristal con que se mira","6/28/19"
"Lindas mentirosas: Temporada 2: Papá sabe más","6/28/19"
"Trinkets: Temporada 1: Las caras del espejo","6/27/19"
"Residue: Episodio 1","6/27/19"
"Crazyhead: Un caballo loco","6/27/19"
"Lindas mentirosas: Temporada 2: Descifrando el código","6/27/19"
"The Society: Así pasa","6/25/19"
"Lindas mentirosas: Temporada 2: Control: A","6/24/19"
"The Society: Nuevos nombres","6/23/19"
"The Society: Veneno","6/23/19"
"The Society: Las reglas de Allie","6/23/19"
"The Society: Un maldito dios o algo así","6/22/19"
"Anatomía según Grey: Si no llega el mañana","6/22/19"
"Inside the World’s Toughest Prisons: Temporada 3: Colombia: Narcoprisión","6/22/19"
"Inside the World’s Toughest Prisons: Temporada 3: Costa Rica: Una cárcel en el filo de la navaja","6/22/19"
"The Society: Me pongo en su lugar","6/22/19"
"La casa de papel: Parte 2: Episodio 8","6/20/19"
"Zona blanca: Cuando llegas al pueblo","6/19/19"
"Conversaciones con asesinos: Las cintas de Ted Bundy: Apuesto demonio","6/15/19"
"Easy: Temporada 1: El maldito estudio","6/15/19"
"Target","6/14/19"
"The Walking Dead: Temporada 8: El gran miedoso","6/14/19"
"Historia de un crimen: Colmenares: La noche oscura de Halloween","6/12/19"
"Frida","6/11/19"
"Historias de San Francisco: Miniserie: Ella es turbia","6/11/19"
"Those People","6/10/19"
"Puertas abiertas","6/9/19"
"BONDING: Temporada 1: En el bosque","6/8/19"
"BONDING: Temporada 1: Pingüinos","6/8/19"
"BONDING: Temporada 1: Cita doble","6/8/19"
"BONDING: Temporada 1: Cuerpo a cuerpo","6/8/19"
"BONDING: Temporada 1: El pasado a veces nos alcanza","6/8/19"
"BONDING: Temporada 1: El tímido Pete","6/8/19"
"BONDING: Temporada 1: Viejos amigos, nuevos nombres","6/8/19"
"Chicas buenas: Temporada 2: Rey","6/5/19"
"Chicas buenas: Temporada 2: Jeff","6/5/19"
"Chicas buenas: Temporada 2: Temporada de cacería","6/5/19"
"Chicas buenas: Temporada 2: Esta tierra es tu tierra","6/5/19"
"Chicas buenas: Temporada 2: Una última vez","6/4/19"
"Chicas buenas: Temporada 2: Thelma y Louise","6/4/19"
"Chicas buenas: Temporada 2: La mantita","6/4/19"
"Chicas buenas: Temporada 2: Quítate los pantalones","6/4/19"
"Chicas buenas: Temporada 2: Liquidación total","6/4/19"
"Chicas buenas: Temporada 2: Elige tu veneno","6/4/19"
"Chicas buenas: Temporada 2: Este es el correo de voz de Leslie Peterson","6/4/19"
"Chicas buenas: Temporada 2: ¡Despacio! Niños jugando","6/4/19"
"Countdown to Death: Pablo Escobar","6/3/19"
"Tal vez es para siempre","6/3/19"
"He's Out There","6/2/19"
"Chicas buenas: Temporada 2: Preferiría hacer manualidades","6/2/19"
"Dumplin","6/2/19"
"Lindas mentirosas: Temporada 2: La dura verdad","6/1/19"
"La maldición","6/1/19"
"The OA: Parte I: Capítulo 2: El nuevo coloso","6/1/19"
"RuPaul’s Drag Race: Untucked!: Temporada 11: Episodio 1","5/31/19"
"Sherlock: Temporada 2: Los sabuesos de los Baskerville","5/27/19"
"Lucifer: Temporada 2: El Exterminador","5/27/19"
"Lucifer: Temporada 2: Las señoritas se van","5/26/19"
"The Society: Gota a gota","5/25/19"
"The Society: Adiós a la inocencia","5/25/19"
"The Society: Nuestro pueblo","5/22/19"
"The Society: Lo que pasó","5/22/19"
"Gravity Falls: Un verano de misterios: Gideon asciende","5/21/19"
"Gravity Falls: Un verano de misterios: Escapando de los sueños","5/21/19"
"Gravity Falls: Un verano de misterios: La tierra antes de los cerdos","5/21/19"
"Gravity Falls: Un verano de misterios: Chicoz locos","5/21/19"
"Gravity Falls: Un verano de misterios: Aprovecha la alfombra","5/21/19"
"Gravity Falls: Un verano de misterios: Un profundo final","5/21/19"
"Lucifer: Temporada 2: Devorador de pecados","5/21/19"
"Lucifer: Temporada 2: Engaña engañadora, dijo la gran zorra infame","5/21/19"
"Lindas mentirosas: Temporada 2: Un beso antes de mentir","5/21/19"
"Entre vino y vinagre","5/21/19"
"Nos vemos ayer","5/21/19"
"Lucifer: Temporada 2: Todo resulta bien para Lucifer","5/21/19"
"Lucifer: Temporada 2: Monstruo","5/21/19"
"Morir por arte de magia: CIUDAD DEL CABO: El gran escape","5/21/19"
"Lindas mentirosas: Temporada 2: La rubia guiando a la ciega","5/20/19"
"Supercampeones: Steve, 'El volcán'","5/20/19"
"Easy: Temporada 1: Así en el arte como en la vida","5/19/19"
"Easy: Temporada 1: Controlada","5/19/19"
"Easy: Temporada 1: Hermanos cerveceros","5/19/19"
"Easy: Temporada 1: Cenicienta vegana","5/19/19"
"Lindas mentirosas: Temporada 2: Dejen que el agua me retenga","5/19/19"
"Lindas mentirosas: Temporada 2: Un buen pedazo de “A”","5/19/19"
"La reina del flow: Temporada 1: Episodio 82","5/19/19"
"La reina del flow: Temporada 1: Episodio 81","5/19/19"
"La reina del flow: Temporada 1: Episodio 80","5/18/19"
"La reina del flow: Temporada 1: Episodio 79","5/18/19"
"Gravity Falls: Un verano de misterios: ¡Pozo sin fondo!","5/16/19"
"Gravity Falls: Un verano de misterios: La jefa Mabel","5/16/19"
"Gravity Falls: Un verano de misterios: Súper Halloween","5/16/19"
"Gravity Falls: Un verano de misterios: Pequeño Dipper","5/16/19"
"Gravity Falls: Un verano de misterios: Pelea de luchadores","5/16/19"
"Vengadores: La era de Ultrón","5/12/19"
"La peor semana","5/12/19"
"Gente que viene y bah","5/12/19"
"Black Summer: Temporada 1: Marea humana","5/11/19"
"RuPaul's Drag Race: Temporada 8: El juego de las imitaciones","5/7/19"
"RuPaul's Drag Race: Temporada 8: Reinas New Wave","5/7/19"
"Anatomía según Grey: La fiesta","5/6/19"
"La reina del flow: Temporada 1: Episodio 78","5/4/19"
"La reina del flow: Temporada 1: Episodio 77","5/4/19"
"Mi primer amor de verdad: Temporada 1: Tan solo amigos","5/2/19"
"La reina del flow: Temporada 1: Episodio 76","5/1/19"
"Anatomía según Grey: Tierra de nadie","5/1/19"
"Anatomía según Grey: Ganar una batalla, perder una guerra","5/1/19"
"El príncipe de Persia - Las arenas del tiempo","5/1/19"
"The Protector: Temporada 2: Episodio 8","5/1/19"
"The Protector: Temporada 2: Episodio 7","5/1/19"
"The Protector: Temporada 2: Episodio 6","5/1/19"
"The Protector: Temporada 2: Episodio 5","5/1/19"
"The Protector: Temporada 2: Episodio 4","4/30/19"
"The Protector: Temporada 2: Episodio 3","4/30/19"
"Special: Temporada 1: Capítulo ocho: Gay Gardens","4/30/19"
"Special: Temporada 1: Capítulo siete: Cita sorda ciega","4/30/19"
"Special: Temporada 1: Capítulo seis: Buen potencial","4/30/19"
"Special: Temporada 1: Capítulo cinco: Mamálogos de la vagina","4/30/19"
"Special: Temporada 1: Capítulo cuatro: Fiesta de inauguración","4/30/19"
"Special: Temporada 1: Capítulo tres: Scones gratis","4/30/19"
"Special: Temporada 1: Capítulo dos: El final profundo","4/30/19"
"Special: Temporada 1: Capítulo uno: Sátira LOL","4/30/19"
"Anatomía según Grey: El primer corte es el más profundo","4/30/19"
"Gravity Falls: Un verano de misterios: El cerdo del viajero del tiempo","4/29/19"
"Gravity Falls: Un verano de misterios: Tesoro irracional","4/29/19"
"Gravity Falls: Un verano de misterios: Doble Dipper","4/29/19"
"Gravity Falls: Un verano de misterios: Dipper vs. hombría","4/29/19"
"Gravity Falls: Un verano de misterios: La tienda embrujada","4/29/19"
"The Protector: Temporada 2: Episodio 2","4/29/19"
"The Protector: Temporada 2: Episodio 1","4/29/19"
"Sin senos sí hay paraíso: Temporada 1: Nace Catalina chica","4/29/19"
"Anatomía según Grey: La noche de un día difícil","4/28/19"
"El sorprendente Hombre-Araña 2: La amenaza de Electro","4/28/19"
"La reina del flow: Temporada 1: Episodio 75","4/28/19"
"Descendientes","4/28/19"
"La reina del flow: Temporada 1: Episodio 74","4/28/19"
"La reina del flow: Temporada 1: Episodio 73","4/28/19"
"Thor: Un mundo oscuro","4/27/19"
"Lo mejor de mí","4/27/19"
"La reina del flow: Temporada 1: Episodio 72","4/27/19"
"La reina del flow: Temporada 1: Episodio 71","4/26/19"
"Someone Great: Alguien extraordinario","4/26/19"
"Petta (versión en tamil)","4/25/19"
"Prohibido ver esto: Brazalete de la amistad","4/25/19"
"Las brujas","4/25/19"
"Ricardo Quevedo: Los amargados somos más","4/25/19"
"Policías de repuesto","4/25/19"
"Lindas mentirosas: Temporada 2: A través de muchos peligros, esfuerzos y trampas","4/24/19"
"Perdida","4/24/19"
"La reina del flow: Temporada 1: Episodio 70","4/24/19"
"Lindas mentirosas: Temporada 2: El primer secreto","4/23/19"
"Lindas mentirosas: Temporada 2: Sobre mi cadáver","4/23/19"
"Santa Clarita Diet: Temporada 3: El culto de Sheila","4/23/19"
"Santa Clarita Diet: Temporada 3: Zombre","4/23/19"
"La reina del flow: Temporada 1: Episodio 69","4/21/19"
"La reina del flow: Temporada 1: Episodio 68","4/21/19"
"La reina del flow: Temporada 1: Episodio 67","4/21/19"
"La reina del flow: Temporada 1: Episodio 66","4/21/19"
"La cita perfecta","4/21/19"
"Santa Clarita Diet: Temporada 3: Una forma particular de descuido","4/20/19"
"Santa Clarita Diet: Temporada 3: El pollo y la pera","4/20/19"
"Santa Clarita Diet: Temporada 3: Belle y Sebastian, sálvenle la cabeza","4/20/19"
"La reina del flow: Temporada 1: Episodio 65","4/19/19"
"La reina del flow: Temporada 1: Episodio 64","4/19/19"
"La reina del flow: Temporada 1: Episodio 63","4/19/19"
"La reina del flow: Temporada 1: Episodio 62","4/19/19"
"La reina del flow: Temporada 1: Episodio 61","4/19/19"
"La reina del flow: Temporada 1: Episodio 60","4/19/19"
"La reina del flow: Temporada 1: Episodio 59","4/19/19"
"La reina del flow: Temporada 1: Episodio 58","4/19/19"
"La reina del flow: Temporada 1: Episodio 57","4/19/19"
"La reina del flow: Temporada 1: Episodio 56","4/18/19"
"La reina del flow: Temporada 1: Episodio 55","4/18/19"
"La reina del flow: Temporada 1: Episodio 54","4/18/19"
"La reina del flow: Temporada 1: Episodio 53","4/18/19"
" : Episodio 2","4/17/19"
" : Episodio 1","4/17/19"
"The Walking Dead: Temporada 8: Un tipo cualquiera","4/17/19"
"Arenas movedizas: Miniserie: Detenida","4/17/19"
"La reina del flow: Temporada 1: Episodio 52","4/17/19"
"La reina del flow: Temporada 1: Episodio 51","4/17/19"
"La reina del flow: Temporada 1: Episodio 50","4/17/19"
"La reina del flow: Temporada 1: Episodio 49","4/16/19"
"Triple frontera","4/16/19"
"Mara","4/16/19"
"La reina del flow: Temporada 1: Episodio 48","4/16/19"
"La reina del flow: Temporada 1: Episodio 47","4/16/19"
" : Episodio 13","4/16/19"
"The Walking Dead: Temporada 8: Los condenados","4/16/19"
" : Episodio 12","4/16/19"
" : Episodio 11","4/15/19"
"La reina del flow: Temporada 1: Episodio 46","4/15/19"
"The Walking Dead: Temporada 8: Piedad","4/15/19"
"The Walking Dead: Temporada 7: El primer día del resto de tu vida","4/15/19"
"La reina del flow: Temporada 1: Episodio 45","4/15/19"
"La reina del flow: Temporada 1: Episodio 44","4/15/19"
"La reina del flow: Temporada 1: Episodio 43","4/15/19"
"La reina del flow: Temporada 1: Episodio 42","4/14/19"
"La reina del flow: Temporada 1: Episodio 41","4/14/19"
"Arenas movedizas: Miniserie: Maja","4/14/19"
"¿A quién te llevarías a una isla desierta?","4/14/19"
"Lindas mentirosas: Temporada 2: Debo confesar","4/13/19"
"Lindas mentirosas: Temporada 2: Tocada por un ángel","4/13/19"
"Queer Eye: Temporada 2: Deslumbrados","4/12/19"
"Memorias de MANHATTAN","4/11/19"
"La noche de 12 años","4/11/19"
"Las muñecas de la mafia: Temporada 2: Episodio 1","4/10/19"
"Mudo","4/10/19"
"Queer Eye: Temporada 2: Pequeñas grandes mentiras","4/9/19"
"Millennials: Episodio 1","4/9/19"
"La leyenda de la isla con coca","4/8/19"
"Cuando los ángeles duermen","4/5/19"
"Un lugar secreto","4/5/19"
"Santa Clarita Diet: Temporada 3: Lo mío son los gatos","4/5/19"
"Santa Clarita Diet: Temporada 3: Dejamos que las personas se mueran todos los días","4/5/19"
"Santa Clarita Diet: Temporada 3: La noche de los caballeros","4/5/19"
"Perversa adicción","4/5/19"
"El árbol de la sangre","4/5/19"
"Una","4/4/19"
"¿No es romántico?","4/4/19"
"The Presence","4/3/19"
"Minecraft: Modo historia: La Orden de la Piedra","4/3/19"
"Santa Clarita Diet: Temporada 3: Wufenlofe","4/3/19"
"Santa Clarita Diet: Temporada 2: ¡Halibut!","4/3/19"
"Santa Clarita Diet: Temporada 2: Objetos sospechosos","4/3/19"
"Santa Clarita Diet: Temporada 2: Entre atriles y pinceles","4/3/19"
"Queer Eye: Temporada 2: El cielo es el límite","4/3/19"
"Queer Eye: Temporada 2: El encargado puede hacerlo","4/3/19"
"Queer Eye: Temporada 2: Desata a la bestia sensual","4/3/19"
"El ático","4/3/19"
"Lindas mentirosas: Temporada 2: Fotografía esto","4/2/19"
"Emboscada final","4/1/19"
"Dirty John: La sucia realidad","4/1/19"
"Queer Eye: Temporada 2: Una proposición decente","4/1/19"
"Queer Eye: Temporada 3: Elrod e hijos","4/1/19"
"Queer Eye: Temporada 3: Bebé a bordo","4/1/19"
"Durante la tormenta","3/31/19"
"Lindas mentirosas: Temporada 2: Reserva la fecha","3/30/19"
"Lindas mentirosas: Temporada 2: Tensión en la superficie","3/28/19"
"Lindas mentirosas: Temporada 2: Jamás te dejaré ir","3/28/19"
"Lindas mentirosas: Temporada 2: El diablo que conoces","3/27/19"
"Lindas mentirosas: Temporada 2: Cita a ciegas","3/27/19"
"El otro turismo: Asia Central","3/26/19"
"El otro turismo: Estados Unidos","3/26/19"
"El otro turismo: Japón","3/26/19"
"Breaking Bad: Temporada 5: Felina","3/25/19"
"Breaking Bad: Temporada 5: Pizarra de granito","3/25/19"
"Breaking Bad: Temporada 5: Ozymandias","3/25/19"
"Breaking Bad: Temporada 5: Tohajiilee","3/25/19"
"Breaking Bad: Temporada 5: Perro rabioso","3/25/19"
"Breaking Bad: Temporada 5: Confesiones","3/24/19"
"Breaking Bad: Temporada 5: Enterrado","3/24/19"
"Breaking Bad: Temporada 5: Dinero sangriento","3/24/19"
"Breaking Bad: Temporada 5: Planeando sobre todos","3/24/19"
"Breaking Bad: Temporada 5: Di mi nombre","3/24/19"
"Breaking Bad: Temporada 5: Adquisición","3/24/19"
"Breaking Bad: Temporada 5: Carga de muerte","3/24/19"
"Breaking Bad: Temporada 5: 51 (Cincuenta y uno)","3/23/19"
"La reina del flow: Temporada 1: Episodio 40","3/22/19"
"La reina del flow: Temporada 1: Episodio 39","3/22/19"
"Breaking Bad: Temporada 5: Peligro","3/22/19"
"Breaking Bad: Temporada 5: Vive libre o muere","3/22/19"
"Queer Eye: Temporada 3: Cuando Robert conoció a Jamie","3/22/19"
"Queer Eye: Temporada 3: Jones Bar-B-Q","3/22/19"
"Queer Eye: Temporada 3: Magia de mujer negra","3/20/19"
"Breaking Bad: Temporada 4: Cara a cara","3/20/19"
"Breaking Bad: Temporada 4: Fin de los tiempos","3/20/19"
"Breaking Bad: Temporada 4: Entrepiso","3/20/19"
"Breaking Bad: Temporada 4: Salud","3/20/19"
"Breaking Bad: Temporada 4: Micrófono","3/20/19"
"Breaking Bad: Temporada 4: Hermanos","3/20/19"
"Breaking Bad: Temporada 4: Perro problemático","3/19/19"
"Breaking Bad: Temporada 4: Arrinconados","3/19/19"
"Breaking Bad: Temporada 4: Copiloto","3/19/19"
"Breaking Bad: Temporada 4: Puntos clave","3/19/19"
"La reina del flow: Temporada 1: Episodio 38","3/18/19"
"Breaking Bad: Temporada 4: Casa abierta","3/18/19"
"Breaking Bad: Temporada 4: Revólver calibre 38","3/18/19"
"IO","3/18/19"
"Drugs, Inc.: Temporada 5: Tierra de cocaína","3/18/19"
"Breaking Bad: Temporada 4: Navaja","3/18/19"
"Breaking Bad: Temporada 3: Medidas totales","3/17/19"
"Breaking Bad: Temporada 3: Medias medidas","3/17/19"
"The OA: Parte I: Capítulo 1: Vuelta a casa","3/17/19"
"El fotógrafo de Mauthausen","3/17/19"
"Queer Eye: Temporada 3: Niño perdido","3/17/19"
"Queer Eye: Temporada 3: Una cazadora hermosa","3/17/19"
"La reina del flow: Temporada 1: Episodio 37","3/17/19"
"La reina del flow: Temporada 1: Episodio 36","3/16/19"
"Period. End of Sentence.","3/16/19"
"Girl","3/16/19"
"La reina del flow: Temporada 1: Episodio 35","3/16/19"
"La reina del flow: Temporada 1: Episodio 34","3/16/19"
"La reina del flow: Temporada 1: Episodio 33","3/16/19"
"La reina del flow: Temporada 1: Episodio 32","3/15/19"
"Breaking Bad: Temporada 3: Abiquiú","3/15/19"
"Breaking Bad: Temporada 3: Vuelo","3/15/19"
"Breaking Bad: Temporada 3: Kafkiano","3/15/19"
"Tu hijo","3/15/19"
"El origen","3/15/19"
"Breaking Bad: Temporada 3: Te veo","3/15/19"
"Entrenando a papá","3/14/19"
"Satanic","3/14/19"
"Breaking Bad: Temporada 3: Más","3/14/19"
"Breaking Bad: Temporada 3: Luz verde","3/14/19"
"Breaking Bad: Temporada 3: T. S. T.","3/14/19"
"Breaking Bad: Temporada 3: Caballo sin nombre","3/14/19"
"Breaking Bad: Temporada 3: No más","3/14/19"
"Montaña Asesina: Miniserie: La cortina de secoyas","3/13/19"
"Breaking Bad: Temporada 2: ABQ","3/13/19"
"Breaking Bad: Temporada 2: Phoenix","3/13/19"
"Breaking Bad: Temporada 2: Mandala","3/13/19"
"Breaking Bad: Temporada 2: Terminado","3/13/19"
"Rick y Morty: Temporada 2: Ponte ricoso","3/13/19"
"Rick y Morty: Temporada 2: Rick, vengador del futuro","3/13/19"
"Rick y Morty: Temporada 2: Asimilación autoerótica","3/13/19"
"Breaking Bad: Temporada 2: Cuatro días afuera","3/13/19"
"Breaking Bad: Temporada 2: ¡Llama a Saul!","3/13/19"
"Breaking Bad: Temporada 2: Negro y azul","3/13/19"
"Breaking Bad: Temporada 2: Cucú","3/12/19"
"Breaking Bad: Temporada 2: Rotura","3/12/19"
"Escobar: La traición","3/12/19"
"Breaking Bad: Temporada 2: Abajo","3/12/19"
"Breaking Bad: Temporada 2: Picadura de una abeja muerta","3/12/19"
"Breaking Bad: Temporada 2: A las brasas","3/12/19"
"Breaking Bad: Temporada 2: Siete con treinta y siete","3/12/19"
"Breaking Bad: Temporada 1: Acuerdo no violento","3/12/19"
"Breaking Bad: Temporada 1: Un loco puñado de nada","3/12/19"
"The Avengers: Los Vengadores","3/12/19"
"Breaking Bad: Temporada 1: Materia gris","3/12/19"
"Breaking Bad: Temporada 1: Cáncer","3/12/19"
"Breaking Bad: Temporada 1: Y la bolsa en el río","3/12/19"
"Ant-Man: El hombre hormiga","3/12/19"
" : Episodio 10","3/11/19"
"Historias de amor en Bangkok: Inocencia: Episodio 3","3/11/19"
"Historias de amor en Bangkok: Inocencia: Episodio 2","3/11/19"
"Historias de amor en Bangkok: Inocencia: Episodio 1","3/11/19"
"Breaking Bad: Temporada 1: El gato en la bolsa","3/11/19"
"Breaking Bad: Temporada 1: Principio del fin","3/11/19"
"Nada que esconder","3/10/19"
"12 años de esclavitud","3/10/19"
"RuPaul’s Drag Race: All Stars: Temporada 4: La mejor Judy de RuPaul","3/10/19"
"RuPaul's Drag Race: Temporada 8: El imperio de RuCo","3/10/19"
"Juanita","3/10/19"
"ROMA","3/10/19"
" : Episodio 9","3/9/19"
" : Episodio 8","3/9/19"
"Mortal Kombat","3/9/19"
"Falsa identidad","3/6/19"
" : Episodio 7","3/5/19"
"Nicky Jam: El Ganador: Dímelo, papi, llegamos al Choli","3/4/19"
"Nicky Jam: El Ganador: Un pastel","3/4/19"
"Nicky Jam: El Ganador: Ave fénix","3/4/19"
"Nicky Jam: El Ganador: Cold Turkey","3/4/19"
"Nicky Jam: El Ganador: Medellín","3/4/19"
"Nicky Jam: El Ganador: El futuro es paisa","3/4/19"
"Nicky Jam: El Ganador: El origen","3/4/19"
"Nicky Jam: El Ganador: Vida escante","3/4/19"
"Nicky Jam: El Ganador: El infiltrado","3/4/19"
"Nicky Jam: El Ganador: En la cama","3/3/19"
"The Walking Dead: Temporada 6: Primera vez de nuevo","3/3/19"
"Nicky Jam: El Ganador: Con el micrófono y la forty","3/3/19"
" : Episodio 6","3/3/19"
"Nicky Jam: El Ganador: Escape a Nueva Yol","3/3/19"
" : Episodio 5","3/3/19"
" : Episodio 4","3/3/19"
" : Episodio 3","3/3/19"
"Lindas mentirosas: Temporada 2: Mi nombre es Problemas","3/3/19"
"Lindas mentirosas: Temporada 2: La mirada del adiós","3/3/19"
"Lindas mentirosas: Temporada 2: Está vivo","3/3/19"
" : Episodio 2","3/1/19"
" : Episodio 1","2/28/19"
"Lindas mentirosas: Por quien tocan las campanas","2/28/19"
"Suburra: Sangre sobre Roma: Temporada 2: Encuéntrenla","2/28/19"
"GANTZ:O","2/26/19"
"Watchmen - Los vigilantes","2/25/19"
"Star Wars: El despertar de la fuerza","2/16/19"
"El hombre de acero","2/16/19"
"Sherlock: Temporada 2: Escándalo en Belgravia","2/16/19"
"The Seven Deadly Sins: Los Siete Pecados Capitales: Sentimientos encontrados","2/15/19"
"Lindas mentirosas: Monstruos al final","2/14/19"
"El asesinato de Gianni Versace: American Crime Story: No preguntes ni digas nada","2/12/19"
"El asesinato de Gianni Versace: American Crime Story: La casa junto al lago","2/12/19"
"El asesinato de Gianni Versace: American Crime Story: La persecución","2/12/19"
"UN GRAN DINOSAURIO","2/11/19"
"El asesinato de Gianni Versace: American Crime Story: Asesinato al azar","2/10/19"
"Lindas mentirosas: Alguien que cuide de mí","2/4/19"
"Solo el amor","2/3/19"
"El exorcismo de Anna Ecklund","2/3/19"
"Sorjonen: La furia (Parte 1)","2/3/19"
"Lobo Adolescente: Temporada 1: Luna de lobos","2/3/19"
"Escolta","2/2/19"
"Siempre bruja: Temporada 1: Un salto en el tiempo","2/2/19"
"The Seven Deadly Sins: Los Siete Pecados Capitales: El Festival de la Pelea de Vaizel","2/2/19"
"Pablo Escobar, el patrón del mal: Episode 29","2/2/19"
"Pablo Escobar, el patrón del mal: Episode 28","2/2/19"
"Pablo Escobar, el patrón del mal: Episode 27","2/2/19"
"Pablo Escobar, el patrón del mal: Episode 26","2/2/19"
"Pablo Escobar, el patrón del mal: Episode 25","2/2/19"
"The Seven Deadly Sins: Los Siete Pecados Capitales: Un pulso oscuro","2/1/19"
"The Seven Deadly Sins: Los Siete Pecados Capitales: La cazadora aterradora","2/1/19"
"The Seven Deadly Sins: Los Siete Pecados Capitales: Un reencuentro conmovedor","2/1/19"
"The Seven Deadly Sins: Los Siete Pecados Capitales: La canción del origen","2/1/19"
"The Seven Deadly Sins: Los Siete Pecados Capitales: Aunque tengas que morir","2/1/19"
"The Seven Deadly Sins: Los Siete Pecados Capitales: El sueño de una pequeña","2/1/19"
"The Seven Deadly Sins: Los Siete Pecados Capitales: El pecado en el Bosque Dormido","2/1/19"
"El asesinato de Gianni Versace: American Crime Story: Un libro y un arma","2/1/19"
"Examen de conciencia: Episodio 1","1/31/19"
"Ánimas","1/31/19"
"Lindas mentirosas: Una persona de interés","1/31/19"
"The Seven Deadly Sins: Los Siete Pecados Capitales: La espada del Caballero Sagrado","1/30/19"
"The Seven Deadly Sins: Los Siete Pecados Capitales: Los Siete Pecados Capitales","1/30/19"
"La Doña: Deseo disfrazado","1/30/19"
"La Doña: Cuerpo como arma","1/30/19"
"La Doña: Sacrificio humano","1/30/19"
"La Doña: Desalojo brutal","1/30/19"
"La Doña: Dos voluntades","1/29/19"
"La Doña: Enmascarada","1/29/19"
"Pablo Escobar, el patrón del mal: Episode 24","1/28/19"
"Pablo Escobar, el patrón del mal: Episode 23","1/28/19"
"Pablo Escobar, el patrón del mal: Episode 22","1/28/19"
"Pablo Escobar, el patrón del mal: Episode 21","1/28/19"
"Pablo Escobar, el patrón del mal: Episode 20","1/28/19"
"Pablo Escobar, el patrón del mal: Episode 19","1/27/19"
"Pablo Escobar, el patrón del mal: Episode 18","1/27/19"
"Pablo Escobar, el patrón del mal: Episode 17","1/27/19"
"Pablo Escobar, el patrón del mal: Episode 16","1/27/19"
"Pablo Escobar, el patrón del mal: Episode 15","1/27/19"
"Pablo Escobar, el patrón del mal: Episode 14","1/27/19"
"Pablo Escobar, el patrón del mal: Episode 13","1/27/19"
"Pablo Escobar, el patrón del mal: Episode 12","1/27/19"
"Pablo Escobar, el patrón del mal: Episode 11","1/27/19"
"Pablo Escobar, el patrón del mal: Episode 10","1/27/19"
"Pablo Escobar, el patrón del mal: Episode 9","1/27/19"
"Pablo Escobar, el patrón del mal: Episode 8","1/27/19"
"RuPaul’s Drag Race: All Stars: Temporada 4: Reinas de los clubes","1/26/19"
"RuPaul’s Drag Race: All Stars: Temporada 4: LaLaPaRUza","1/26/19"
"Pablo Escobar, el patrón del mal: Episode 7","1/26/19"
"Pablo Escobar, el patrón del mal: Episode 6","1/26/19"
"Pablo Escobar, el patrón del mal: Episode 5","1/26/19"
"Pablo Escobar, el patrón del mal: Episode 4","1/26/19"
"Pablo Escobar, el patrón del mal: Episode 3","1/26/19"
"Grace and Frankie: Temporada 5: La alternativa","1/26/19"
"Grace and Frankie: Temporada 5: La boda","1/25/19"
"Grace and Frankie: Temporada 5: El video","1/25/19"
"Grace and Frankie: Temporada 5: La droga","1/25/19"
"Capitán América y el Soldado del Invierno","1/25/19"
"Edge of Fear","1/24/19"
"Lindas mentirosas: La mala semilla","1/24/19"
"Lindas mentirosas: La nueva normalidad","1/24/19"
"Grace and Frankie: Temporada 5: El sitio web","1/24/19"
"Grace and Frankie: Temporada 5: La ceremonia","1/24/19"
"Grace and Frankie: Temporada 5: El temblor","1/24/19"
"Lindas mentirosas: Yo soy una amiga","1/23/19"
"Grace and Frankie: Temporada 5: El retiro","1/23/19"
"Grace and Frankie: Temporada 5: La farmacia","1/23/19"
"Grace and Frankie: Temporada 5: El cruce peatonal","1/23/19"
"Grace and Frankie: Temporada 5: La ayuda","1/23/19"
"Grace and Frankie: Temporada 5: La ocupación","1/23/19"
"Grace and Frankie: Temporada 5: La casa","1/23/19"
"The Blacklist: Temporada 1: Wujing (N.° 84)","1/21/19"
"The Blacklist: Temporada 1: El independiente (N.° 145)","1/21/19"
"The Blacklist: Temporada 1: Piloto","1/21/19"
"Lindas mentirosas: Si al principio no tienes éxito, miente, miente de nuevo","1/21/19"
"Lindas mentirosas: Cuidado con lo que deseas","1/21/19"
"Pequeño demonio","1/21/19"
"Mamá","1/21/19"
"Lindas mentirosas: Conoce a tus amienemigos","1/20/19"
"Lindas mentirosas: Sal en la herida","1/20/19"
"Lindas mentirosas: Momentos después","1/20/19"
"Abducted in Plain Sight","1/20/19"
"RuPaul’s Drag Race: All Stars: Temporada 4: Que arda en paz","1/20/19"
"RuPaul’s Drag Race: All Stars: Temporada 4: Justicia al estilo Jersey","1/20/19"
"RuPaul's Drag Race: Temporada 8: Zorreando la nota","1/20/19"
"A todos los chicos de los que me enamoré","1/20/19"
"Wanted: Temporada 3: Fugitivas","1/19/19"
"Wanted: Temporada 3: Divide","1/19/19"
"Wanted: Temporada 3: Atascadas","1/19/19"
"Wanted: Temporada 3: Piel de serpiente","1/19/19"
"Wanted: Temporada 3: Conduce","1/19/19"
"RuPaul’s Drag Race: All Stars: Temporada 4: Snatch Game of Love","1/18/19"
"RuPaul’s Drag Race: All Stars: Temporada 4: Supergrupo llamado Cariño","1/18/19"
"RuPaul’s Drag Race: All Stars: Temporada 4: Show especial de barras y superestrellas","1/18/19"
"Wanted: Temporada 3: Encerradas","1/17/19"
"La Doña: Otro comienzo","1/17/19"
"La Doña: Altagracia humillada","1/17/19"
"La Doña: Una sola voz","1/16/19"
"La Doña: Saúl, héroe de la jornada","1/16/19"
"La Doña: Razón de vivir","1/16/19"
"La Doña: La última venganza","1/16/19"
"La Doña: Rafael contraataca","1/16/19"
"La Doña: Corazón amarrado","1/15/19"
"La Doña: Cercanos en el peligro","1/15/19"
"La Doña: Juego de celos","1/15/19"
"Hannah Montana: Miley, toma tu goma de mascar","1/14/19"
"Hannah Montana: Lilly, ¿quieres saber un secreto?","1/14/19"
"Soltera codiciada","1/14/19"
"La Doña: Loba con piel de cordero","1/14/19"
"La Doña: Salvado y manipulado","1/14/19"
"La Doña: Adolfo recibe un no","1/14/19"
"La Doña: Mónica repudia a Altagracia","1/14/19"
"La Doña: El sacrificio de Yesenia","1/13/19"
"La Doña: Desquite de Braulio","1/13/19"
"La Doña: Felipe es acallado","1/13/19"
"La Doña: Daniel se muestra digno","1/13/19"
"La Doña: Braulio se fuga","1/13/19"
"Riverdale: Temporada 1: Capítulo 9: La gran ilusión","1/12/19"
"La Doña: Acercamiento inevitable","1/12/19"
"La Doña: Perdón tardío","1/12/19"
"La Doña: Felipe contraataca","1/12/19"
"La Doña: La carta de Braulio","1/12/19"
"La Doña: Monkey arrepentido","1/12/19"
"La Doña: Oasis de felicidad","1/11/19"
"La Doña: La obsesión de Rafael","1/11/19"
"La Doña: Temerosa de la ley","1/11/19"
"La Doña: Anhelo de padre","1/11/19"
"La Doña: Braulio se desquicia","1/11/19"
"La Doña: Dilema de Daniel","1/11/19"
"La Doña: Mentira piadosa","1/10/19"
"La Doña: Hija vengada","1/10/19"
"La Doña: Altagracia rescata a Mónica","1/10/19"
"La Doña: Madre invocada","1/10/19"
"La Doña: Malos padres","1/9/19"
"La Doña: La mujer de su vida","1/9/19"
"La Doña: Paternidad arrebatada","1/9/19"
"La Doña: Muerte inconsolable","1/9/19"
"La Doña: A la deriva","1/8/19"
"La Doña: Misión cumplida","1/8/19"
"La Doña: Divididos","1/8/19"
"La Doña: Desengaño insoportable","1/8/19"
"La Doña: Inquebrantable","1/7/19"
"La Doña: Rafael es el anzuelo","1/7/19"
"La Doña: En manos del violador","1/6/19"
"La Doña: Remanso o torbellino","1/6/19"
"23:59","1/5/19"
"La Doña: Deseo irreprimible","1/5/19"
"La Doña: Alarde de amor","1/5/19"
"La Doña: Pavor a la verdad","1/5/19"
"La Doña: Leona en celo","1/5/19"
"La Doña: Corazón de piedra","1/5/19"
"La Doña: Mónica es tu hija","1/5/19"
"La Doña: Ximena paga su traición","1/5/19"
"La Doña: El soborno de Saúl","1/5/19"
"La Doña: Mal por mal","1/5/19"
"La Doña: Prueba insuficiente","1/5/19"
"Niñera a prueba de balas","1/4/19"
"Lindas mentirosas: Mantén cerca a tus amigos","1/4/19"
"La Doña: Seducción por confesión","1/4/19"
"La Doña: Atrapada en su red","1/4/19"
"La Doña: Castigo al valor","1/4/19"
"La Doña: Defensa contra reloj","1/4/19"
"Lindas mentirosas: La tormenta perfecta","1/4/19"
"Lindas mentirosas: Por favor, hablen de mí cuando ya no esté","1/4/19"
"Lindas mentirosas: La resaca","1/3/19"
"Lindas mentirosas: No hay lugar como el hogar","1/3/19"
"Pablo Escobar, ¿ángel o demonio?","1/2/19"
"¡A ordenar con Marie Kondo!: Chispazos de alegría en medio del dolor","1/1/19"
"¡A ordenar con Marie Kondo!: Menos es mejor","1/1/19"
"¡A ordenar con Marie Kondo!: Nidos vacíos","1/1/19"
"¡A ordenar con Marie Kondo!: ¡A ordenar con niños!","1/1/19"
"1000 Ways to Die: Temporada 4: Listos o no, ahí va la muerte","12/31/18"
"Noé","12/31/18"
"Lindas mentirosas: Enfrentando la realidad","12/30/18"
"Lindas mentirosas: ¿Pueden oírme ahora?","12/30/18"
"Lindas mentirosas: Matar a una chica burlona","12/29/18"
"You: Temporada 1: El último tipo agradable de Nueva York","12/29/18"
"Lindas mentirosas: El asunto de Jenna","12/29/18"
"Lindas mentirosas: Piloto","12/29/18"
"You: Temporada 1: Piloto","12/29/18"
"Entre los verdaderos Narcos: Perú","12/29/18"
"Entre los verdaderos Narcos: Colombia","12/29/18"
"Entre los verdaderos Narcos: México","12/29/18"
"Ingobernable: Temporada 1: La otra verdad","12/29/18"
"Perros de Berlín: Encuentro","12/29/18"
"Perros de Berlín: Equipo","12/28/18"
"1000 Ways to Die: Temporada 4: Obtén un aumento de la muerte","12/28/18"
"1000 Ways to Die: Temporada 4: Aquel sobre la gente tonta muriendo","12/28/18"
"Raw","12/28/18"
"Perros de Berlín: VIP","12/28/18"
"The Protector: Temporada 1: Episodio 10","12/28/18"
"The Protector: Temporada 1: Episodio 9","12/28/18"
"Plan corazón: Temporada 1: Plan secreto","12/28/18"
"Los 3 de abajo: Relatos de Arcadia: Parte 1: Tierra desconocida (Parte 1)","12/28/18"
"Queer Eye: Temporada 2: Dios bendiga a los homosexuales","12/27/18"
"The Protector: Temporada 1: Episodio 8","12/27/18"
"The Protector: Temporada 1: Episodio 7","12/27/18"
"La Doña: Verdugos humillados","12/26/18"
"The Protector: Temporada 1: Episodio 6","12/26/18"
"The Protector: Temporada 1: Episodio 5","12/26/18"
"The Protector: Temporada 1: Episodio 4","12/25/18"
"The Protector: Temporada 1: Episodio 3","12/24/18"
"The Protector: Temporada 1: Episodio 2","12/24/18"
"The Protector: Temporada 1: Episodio 1","12/24/18"
"Diablero: Temporada 1: Los hijos ocultos","12/24/18"
"Diablero: Temporada 1: Pata de perro, corazón de pollo","12/24/18"
"Diablero: Temporada 1: Los demonios están entre nosotros","12/24/18"
"Gol II: Viviendo el sueño","12/24/18"
"El extraño mundo de Jack","12/24/18"
"Mowgli: Relatos del libro de la selva","12/16/18"
"El otro turismo: Latinoamérica","12/6/18"
"American Pie presenta: La guía del amor","12/5/18"
"La Doña: Hija vapuleada","12/4/18"
"La Doña: Beso protector","12/4/18"
"La Doña: A mano","12/4/18"
"La Doña: Yesenia se redime","12/4/18"
"La Doña: Demasiados secretos","12/2/18"
"Sebastián Marcelo Wainraich","12/1/18"
"Malena Pichot: Estupidez compleja","12/1/18"
"Todo lo que sería Lucas Lauriente","12/1/18"
"La Doña: Dispuesto a todo","12/1/18"
"La Doña: Endurecida","12/1/18"
"La Doña: Hermana traidora","12/1/18"
"La Doña: Vengada y vacía","12/1/18"
"La Doña: Peligro inminente","11/30/18"
"La Doña: Nueva enemiga","11/30/18"
"La Doña: Unidos tras una pista","11/30/18"
"Sabrina","11/30/18"
"La Doña: Entregado al odio","11/30/18"
"La Doña: Dudas dolorosas","11/30/18"
"La Doña: Súplica de inocencia","11/30/18"
"La Doña: Engaño funesto","11/30/18"
"La Doña: En el infierno","11/30/18"
"La Doña: Odiada y amada","11/30/18"
"Fugitiva: Episodio 3","11/29/18"
"Fugitiva: Episodio 2","11/29/18"
"Fugitiva: Episodio 1","11/29/18"
"La Doña: Juicio comprado","11/28/18"
"La Doña: Rival delatada","11/28/18"
"La Doña: Celos enfermos","11/28/18"
"La Doña: Enfrentadas por amor","11/27/18"
"La Doña: Vínculos revelados","11/27/18"
"La Doña: Ciego de amor","11/27/18"
"La Doña: Golpe por Golpe","11/27/18"
"Riverdale: Temporada 1: Capítulo 8: Los marginados","11/26/18"
"La Doña: Bandos opuestos","11/26/18"
"La Doña: Policía encubridor","11/26/18"
"La Doña: Justicia popular","11/26/18"
"La Doña: Rechazo trae cola","11/26/18"
"La Doña: Coronel en la mira","11/25/18"
"La Doña: Desconfianzas","11/25/18"
"La Doña: Hija al rescate","11/25/18"
"La Doña: Las dos Altagracias","11/25/18"
"La Doña: El dedo en la llaga","11/25/18"
"Tramps","11/25/18"
"De tal padre","11/25/18"
"Riverdale: Temporada 1: Capítulo 4: La última película","11/25/18"
"Riverdale: Temporada 1: Capítulo 3: Doble de cuerpo","11/24/18"
"La Doña: Madre insensible","11/24/18"
"La Doña: Pistas del crimen","11/24/18"
"La Doña: Acorralado","11/24/18"
"La Doña: Sospechoso","11/24/18"
"La Doña: Anuncio oficial","11/24/18"
"Narcos: Temporada 3: El mejor plan","11/24/18"
"Safe: Episodio 1","11/23/18"
"La Doña: Guerra de divorciados","11/23/18"
"La Doña: Entregados a la pasión","11/23/18"
"La Doña: Desilusión","11/23/18"
"La Doña: Venganza denegada","11/22/18"
"La Doña: In fraganti","11/22/18"
"La Doña: Hombría herida","11/22/18"
"La Doña: Tortura al violador","11/22/18"
"La Doña: Fiera indomable","11/22/18"
"La Doña: Chantaje a la rival","11/22/18"
"La Doña: Sello de amor","11/22/18"
"La Doña: Confirmado","11/22/18"
"La Doña: Asesino en la mira","11/22/18"
"La Doña: Tatuaje: ¿La pista?","11/22/18"
"Narcos: México: Temporada 1: El sistema de plazas","11/20/18"
"Cuenta bloqueada","11/20/18"
"Narcos: México: Temporada 1: Camelot","11/20/18"
"Sherlock: El gran juego","11/20/18"
"The Sinner: Temporada 1: Cora: Parte I","11/19/18"
"The Sinner: Temporada 2: Julian: Parte VIII","11/19/18"
"Atracadores","11/19/18"
"The Sinner: Temporada 2: Julian: Parte VII","11/19/18"
"The Sinner: Temporada 2: Julian: Parte VI","11/19/18"
"The Sinner: Temporada 2: Julian: Parte V","11/19/18"
"The Sinner: Temporada 2: Julian: Parte IV","11/19/18"
"The Sinner: Temporada 2: Julian: Parte III","11/19/18"
"The Sinner: Temporada 2: Julian: Parte II","11/18/18"
"Monsters, Inc.","11/18/18"
"El regreso del demonio","11/16/18"
"Quédate aquí: Casa en la playa en Malibú","11/15/18"
"Quédate aquí: Casa flotante en Seattle","11/15/18"
"The Sinner: Temporada 2: Julian: Parte I","11/15/18"
"La venganza perfecta","11/13/18"
"La casa de papel: Parte 1: Episodio 9","11/13/18"
"La casa de papel: Parte 1: Episodio 8","11/13/18"
"Frozen: Una aventura congelada","11/13/18"
"Spirit: Cabalgando libre: Temporada 7: Lucky y la broma perfecta","11/13/18"
"Spirit: Cabalgando libre: Temporada 7: Lucky y el viaje a lo desconocido","11/13/18"
"Spirit: Cabalgando libre: Temporada 7: Lucky y el rescate de papá","11/13/18"
"Los detectives de la casa del árbol: Temporada 1: El caso de las abejas revoloteadoras / El caso de la taza loca","11/13/18"
"La casa de papel: Parte 1: Episodio 7","11/13/18"
"Up: Una aventura de altura","11/13/18"
"La casa de papel: Parte 1: Episodio 6","11/13/18"
"La casa de papel: Parte 1: Episodio 5","11/13/18"
"La casa de papel: Parte 1: Episodio 4","11/13/18"
"Chica Indiscreta: Temporada 1: Piloto","11/12/18"
"La casa de papel: Parte 1: Episodio 3","11/12/18"
"6 días","11/11/18"
"Mom","11/11/18"
"Lindas mentirosas: Temporada 7: HAstA que lA muerte nos sepAre","11/10/18"
"Legítimo rey","11/10/18"
"Lindas mentirosas: Temporada 7: Adiós, A","11/10/18"
"Lindas mentirosas: Temporada 7: Elijan o pierdan","11/10/18"
"Lindas mentirosas: Temporada 7: Conduciendo a Miss Mentirosa","11/9/18"
"Bajo la sombra","11/8/18"
"Lindas mentirosas: Temporada 7: El guante que mece la cuna","11/8/18"
"Lindas mentirosas: Temporada 7: Los ojos, el espejo del alma","11/8/18"
"Lindas mentirosas: Temporada 7: Juego de poder","11/8/18"
"Lindas mentirosas: Temporada 7: Sujeta tu pieza","11/8/18"
"Lindas mentirosas: Temporada 7: Estas botas están hechas para acosar","11/8/18"
"Lindas mentirosas: Temporada 7: Hora de jugar","11/7/18"
"Lindas mentirosas: Temporada 7: El caballero más oscuro","11/7/18"
"Lindas mentirosas: Temporada 7: La ira de Kahn","11/7/18"
"Lindas mentirosas: Temporada 7: Los ex y los ¡oh, Dios mío!","11/7/18"
"Lindas mentirosas: Temporada 7: Gánsteres originales","11/7/18"
"Lindas mentirosas: Temporada 7: Se busca: vivo o muerto","11/7/18"
"Lindas mentirosas: Temporada 7: Aquí viene Mary","11/6/18"
"Lindas mentirosas: Temporada 7: ¡Pega y corre, corre, corre!","11/6/18"
"Lindas mentirosas: Temporada 7: El talentoso Sr. Rollins","11/6/18"
"Lindas mentirosas: Temporada 7: Manicomio","11/6/18"
"Lindas mentirosas: Temporada 7: Tictac, perras","11/6/18"
"Lindas mentirosas: Temporada 6: Callen, callen, dulces mentirosas","11/6/18"
"Lindas mentirosas: Temporada 6: ¿Me extrañaste?","11/5/18"
"Lindas mentirosas: Temporada 6: Quemadas","11/5/18"
"Lindas mentirosas: Temporada 6: Todos tenemos historia","11/5/18"
"Lindas mentirosas: Temporada 6: Donde alguien me espera","11/5/18"
"Lindas mentirosas: Temporada 6: No molestar","11/5/18"
"Lindas mentirosas: Temporada 6: Nuevos chicos, nuevas mentiras","11/5/18"
"Lindas mentirosas: Temporada 6: Los guantes puestos","11/5/18"
"Lindas mentirosas: Temporada 6: La telaraña de Charlotte","11/5/18"
"Lindas mentirosas: Temporada 6: Últimamente pienso en Rosewood","11/5/18"
"Lindas mentirosas: Temporada 6: Se acabó el juego, Charles","11/5/18"
"Lindas mentirosas: Temporada 6: El último baile","11/5/18"
"Lindas mentirosas: Temporada 6: A cuadro","11/5/18"
"Lindas mentirosas: Temporada 6: Hermano, ¿dónde estáis?","11/5/18"
"Lindas mentirosas: Temporada 6: Moviendo todas las piedras","11/5/18"
"Itinerario de una pasión","11/4/18"
"Lo más sencillo es complicarlo todo","11/4/18"
"Lindas mentirosas: Temporada 6: Ella no es un ángel","11/4/18"
"Lindas mentirosas: Temporada 6: No mires ahora","11/4/18"
"Lindas mentirosas: Temporada 6: Canciones de experiencia","11/4/18"
"Lindas mentirosas: Temporada 6: Canciones de inocencia","11/4/18"
"Operación final","11/4/18"
"Lindas mentirosas: Temporada 6: Juguemos, Charles","11/3/18"
"La sombra de la ley","11/3/18"
"Lindas mentirosas: Temporada 5: Bienvenidas a la casa de muñecas","11/3/18"
"Lindas mentirosas: Temporada 5: Soy una buena chica, lo soy","11/3/18"
"Lindas mentirosas: Temporada 5: Y la melodía continúa","11/3/18"
"Lindas mentirosas: Temporada 5: Aceptar el trato o no","11/3/18"
"Somewhere Between: Miniserie: El destino toma vacaciones","11/3/18"
"Bienvenidos a la familia: Lola","11/3/18"
"Lindas mentirosas: Temporada 5: Maldito infierno","11/3/18"
"Lindas mentirosas: Temporada 5: Ser linda no es el punto","11/3/18"
"Lindas mentirosas: Temporada 5: Sal, maldita mancha","11/2/18"
"Lindas mentirosas: Temporada 5: Ah, que historias tan trágicas me dieron todas","11/2/18"
"Lindas mentirosas: Temporada 5: El barril del pecado","11/2/18"
"Lindas mentirosas: Temporada 5: Sobre el barril","11/2/18"
"Lindas mentirosas: Temporada 5: Carne fresca","11/2/18"
"Lindas mentirosas: Temporada 5: A través de un cristal oscuro","11/2/18"
"Lindas mentirosas: Temporada 5: Cómo “A” se robó a la Navidad","11/2/18"
"Lindas mentirosas: Temporada 5: Me llevo a alguien a la tumba","11/1/18"
"Lindas mentirosas: Temporada 5: Aquí nadie me quiere ni me entiende","11/1/18"
"Lindas mentirosas: Temporada 5: Una Alison oscura","11/1/18"
"Lindas mentirosas: Temporada 5: Marcha de crímenes","11/1/18"
"Lindas mentirosas: Temporada 5: Griten por mí","11/1/18"
"Lindas mentirosas: Temporada 5: El silencio de Eddie el inocente","11/1/18"
"Lindas mentirosas: Temporada 5: Corre, Ali, corre","11/1/18"
"Lindas mentirosas: Temporada 5: Me extrañaron 100 veces","11/1/18"
"Lindas mentirosas: Temporada 5: Arrojada en el camino","10/31/18"
"La maldición de Hill House: The Haunting of Hill House: Pesadillas horribles","10/31/18"
"Lindas mentirosas: Temporada 5: Sorteando consecuencias","10/31/18"
"Lindas mentirosas: Temporada 5: La chica remolino","10/31/18"
"La maldición de Hill House: The Haunting of Hill House: Marcas testigo","10/31/18"
"Hotel Transilvania 2","10/31/18"
"Guardaespaldas: Episodio 3","10/31/18"
"Guardaespaldas: Episodio 2","10/31/18"
"Guardaespaldas: Episodio 1","10/31/18"
"Lindas mentirosas: Temporada 5: Escape de Nueva York","10/31/18"
"Lindas mentirosas: Temporada 4: A es de aparece","10/30/18"
"Lindas mentirosas: Temporada 4: Novia fugitiva","10/30/18"
"La maldición de Hill House: The Haunting of Hill House: Panegírico","10/30/18"
"La maldición de Hill House: The Haunting of Hill House: Dos tormentas","10/30/18"
"Lindas mentirosas: Temporada 4: Encubriéndome","10/29/18"
"Lindas mentirosas: Temporada 4: Quedando deshecha","10/29/18"
"Lindas mentirosas: Temporada 4: Caída libre","10/29/18"
"Lindas mentirosas: Temporada 4: Juego de sombras","10/29/18"
"Lindas mentirosas: Temporada 4: Quiero al maestro","10/29/18"
"Lindas mentirosas: Temporada 4: Muérdete la lengua","10/29/18"
"Lindas mentirosas: Temporada 4: Encuentros cercanos","10/29/18"
"Abzurdah","10/28/18"
"La maldición de Hill House: The Haunting of Hill House: Steven ve un fantasma","10/28/18"
"Lindas mentirosas: Temporada 4: Ahora me ven, ahora no","10/28/18"
"El hilo rojo","10/27/18"
"Feministas: ¿qué estaban pensando?","10/26/18"
"La noche nos persigue","10/26/18"
"Habitación verde","10/25/18"
"Chapo: el escape del siglo","10/25/18"
"El Escape de Hitler","10/24/18"
"Bienvenidos a la familia: El cuadro","10/23/18"
"La ley secreta: Episodio 60","10/22/18"
"Chicas buenas: Remix","10/21/18"
"Chicas buenas: El verano del tiburón","10/21/18"
"Chicas buenas: Cierre","10/21/18"
"La ley secreta: Episodio 59","10/21/18"
"La ley secreta: Episodio 58","10/21/18"
"Momentum","10/21/18"
"La ley secreta: Episodio 57","10/21/18"
"The Fall: Insolencia y vino","10/21/18"
"La ley secreta: Episodio 56","10/20/18"
"La ley secreta: Episodio 55","10/20/18"
"La ley secreta: Episodio 54","10/20/18"
"Made in Mexico: Amor mexicano","10/19/18"
"Made in Mexico: Ahora o nunca","10/19/18"
"Made in Mexico: Respect","10/19/18"
"Chicas buenas: Salsa especial","10/19/18"
"Chicas buenas: Vista desde la cima","10/19/18"
"Chicas buenas: Cuidando el negocio","10/19/18"
"Chicas buenas: Bomba atómica","10/19/18"
"Made in Mexico: Dear Diary","10/19/18"
"La ley secreta: Episodio 53","10/18/18"
"La ley secreta: Episodio 52","10/18/18"
"Made in Mexico: What Happens Off Camera...","10/18/18"
"Made in Mexico: Día de los Muertos","10/18/18"
"Los huéspedes","10/18/18"
"Made in Mexico: Paz mundial","10/18/18"
"La ley secreta: Episodio 51","10/18/18"
"La ley secreta: Episodio 50","10/18/18"
"La ley secreta: Episodio 49","10/18/18"
"La ley secreta: Episodio 48","10/17/18"
"Chicas buenas: Al límite","10/17/18"
"Chicas buenas: Más dinero, más problemas","10/17/18"
"Chicas buenas: Piloto","10/17/18"
"La ley secreta: Episodio 47","10/17/18"
"Made in Mexico: A Bull at the Baptism","10/17/18"
"Scandal: Bomboncito","10/16/18"
"La ley secreta: Episodio 46","10/15/18"
"La ley secreta: Episodio 45","10/15/18"
"Troya: La caída de una ciudad: Sangre negra","10/15/18"
"El Imperio romano: Julio César: El señor de Roma: El Triunvirato","10/15/18"
"La iniciación","10/14/18"
"Piraña","10/14/18"
"Warcraft: El primer encuentro de dos mundos","10/14/18"
"Sherlock: El banquero ciego","10/14/18"
"La ley secreta: Episodio 44","10/13/18"
"Code of Honor","10/12/18"
"La ley secreta: Episodio 43","10/12/18"
"Hacia lo desconocido","10/12/18"
"La ley secreta: Episodio 42","10/11/18"
"La ley secreta: Episodio 41","10/11/18"
"La ley secreta: Episodio 40","10/10/18"
"La ley secreta: Episodio 39","10/10/18"
"Godless: Miniserie: Le voló la cabeza a la serpiente","10/10/18"
"Godless: Miniserie: Padres e hijos","10/10/18"
"El mercenario","10/10/18"
"La ley secreta: Episodio 38","10/10/18"
"La ley secreta: Episodio 37","10/9/18"
"El origen de los guardianes","10/9/18"
"RuPaul's Drag Race: Temporada 8: ¡Sé tú misma!","10/9/18"
"La ley secreta: Episodio 36","10/8/18"
"La ley secreta: Episodio 35","10/8/18"
"Godless: Miniserie: La sabiduría del caballo","10/8/18"
"Godless: Miniserie: Las damas de La Belle","10/7/18"
"Godless: Miniserie: El incidente en Creede","10/7/18"
"La ley secreta: Episodio 34","10/7/18"
"La ley secreta: Episodio 33","10/7/18"
"Alien Contact: Outer Space","10/7/18"
"La historia oficial de la Copa Mundial de la FIFA: Parte 1","10/7/18"
"Terra","10/7/18"
"Otro día para matar","10/6/18"
"Hulk: El hombre increíble","10/6/18"
"Somewhere Between: Miniserie: El cuarto hombre","10/6/18"
"Somewhere Between: Miniserie: Locura","10/6/18"
"Somewhere Between: Miniserie: En el fuego","10/6/18"
"La ley secreta: Episodio 32","10/6/18"
"La ley secreta: Episodio 31","10/6/18"
"Somewhere Between: Miniserie: El cazador y la caza","10/6/18"
"La ley secreta: Episodio 30","10/6/18"
"La ley secreta: Episodio 29","10/5/18"
"La ley secreta: Episodio 28","10/5/18"
"Somewhere Between: Miniserie: 2.0","10/5/18"
"Un Novio Para Mi Mujer","10/5/18"
"La ley secreta: Episodio 27","10/4/18"
"La ley secreta: Episodio 26","10/4/18"
"Somewhere Between: Miniserie: Para que uno viva","10/3/18"
"Los pitufos 2","10/3/18"
"Bienvenidos a la familia: La batería","10/2/18"
"Bienvenidos a la familia: El congelador","10/2/18"
"José José, el príncipe de la canción: Disco de oro a José José","10/1/18"
"José José, el príncipe de la canción: Un lucero que se apaga","10/1/18"
"José José, el príncipe de la canción: 1970, ganar y perder","10/1/18"
"José José, el príncipe de la canción: Persiguiendo la nave del éxito","10/1/18"
"Carol","10/1/18"
"Maestro del crimen","9/30/18"
"Hold the Dark","9/30/18"
"Lindas mentirosas: Temporada 4: Entre la paja","9/30/18"
"La ley secreta: Episodio 25","9/30/18"
"La ley secreta: Episodio 24","9/30/18"
"La ley secreta: Episodio 23","9/29/18"
"La ley secreta: Episodio 22","9/29/18"
"Ray Donovan: La bolsa o el bate","9/29/18"
"Bienvenidos a la familia: Eduardo","9/28/18"
"Lindas mentirosas: Temporada 4: El espejo tiene tres caras","9/28/18"
"La ley secreta: Episodio 21","9/27/18"
"The Vampire Diaries: Temporada 1: Piloto","9/27/18"
"The Innocents: El comienzo de nuestras vidas juntos","9/27/18"
"Seven Seconds: Miniserie: El suspiro de Brenton","9/27/18"
"Seven Seconds: Miniserie: Piloto","9/26/18"
"Grandes héroes","9/26/18"
"The Good Cop: ¿Quién partió en dos a la Sra. Ackroyd?","9/26/18"
"The Good Cop: ¿Por qué matar al ayudante del mesero?","9/26/18"
"The Good Cop: ¿Se casará Cora?","9/26/18"
"The Good Cop: ¿Quién mató al hombre del telesquí?","9/25/18"
"The Good Cop: ¿Lo habrá hecho la estrella de TV?","9/25/18"
"The Good Cop: ¿Cantará Big Tony?","9/25/18"
"The Good Cop: ¿Llegará a 300 el buen policía?","9/25/18"
"The Good Cop: ¿Quién es la fea mujer alemana?","9/24/18"
"Lindas mentirosas: Temporada 3: Un juego peligroso","9/24/18"
"The Good Cop: ¿Cuál es el secreto de la supermodelo?","9/24/18"
"Lindas mentirosas: Temporada 3: Soy tu marioneta","9/24/18"
"Lindas mentirosas: Temporada 3: ¿Volveremos a reunirnos?","9/24/18"
"The Good Cop: ¿Quién le tendió una trampa al buen policía?","9/24/18"
"Lindas mentirosas: Temporada 3: Fuera de mi vista, fuera de sí","9/23/18"
"Lindas mentirosas: Temporada 3: Agua caliente","9/23/18"
"Nappily Ever After: El rizado camino a la felicidad","9/22/18"
"Caso Roe: El aborto en los EE. UU.","9/22/18"
"La ley secreta: Episodio 20","9/22/18"
"La ley secreta: Episodio 19","9/22/18"
"La ley secreta: Episodio 18","9/22/18"
"How to Get Away With Murder: Piloto","9/22/18"
"La ley secreta: Episodio 17","9/22/18"
"La ley secreta: Episodio 16","9/21/18"
"American Vandal: Temporada 1: Una coartada poco sólida","9/21/18"
"American Vandal: Temporada 1: Vandalismo y obscenidad","9/21/18"
"El justiciero","9/21/18"
"The Angel: La historia de Ashraf Marwan","9/20/18"
"Karppi: Temporada 1: Obras de bien","9/20/18"
"On My Block: Temporada 1: Capítulo nueve","9/20/18"
"Ingobernable: Temporada 1: El pacto","9/20/18"
"Ingobernable: Temporada 1: Las deudas se pagan","9/20/18"
"Ingobernable: Temporada 1: La huida","9/20/18"
"Ingobernable: Temporada 1: Momento de decisión","9/20/18"
"La ley secreta: Episodio 15","9/20/18"
"Las chicas del cable: Temporada 3: Capítulo 17: El tiempo","9/20/18"
"La ley secreta: Episodio 14","9/19/18"
"En la mente criminal: Asesinos en serie","9/19/18"
"La ley secreta: Episodio 13","9/19/18"
"La ley secreta: Episodio 12","9/19/18"
"Las chicas del cable: Temporada 2: Capítulo 16: La inocencia","9/18/18"
"Las chicas del cable: Temporada 2: Capítulo 15: Las oportunidades","9/18/18"
"Karppi: Temporada 1: El secuestro","9/18/18"
"Las chicas del cable: Temporada 2: Capítulo 14: La soledad","9/18/18"
"Las chicas del cable: Temporada 2: Capítulo 13: Los secretos","9/18/18"
"Las chicas del cable: Temporada 2: Capítulo 12: La culpa","9/18/18"
"Las chicas del cable: Temporada 2: Capítulo 11: Los celos","9/18/18"
"Las chicas del cable: Temporada 2: Capítulo 10: El pacto","9/18/18"
"Karppi: Temporada 1: La fiesta","9/18/18"
"La ley secreta: Episodio 11","9/18/18"
"Las chicas del cable: Temporada 2: Capítulo 9: La elección","9/18/18"
"Las chicas del cable: Temporada 1: Capítulo 8: El amor","9/17/18"
"La ley secreta: Episodio 10","9/17/18"
"La casa de las flores: Temporada 1: AMAPOLA (Símb. resurrección)","9/16/18"
"La casa de las flores: Temporada 1: ERÍSIMO (Símb. adversidad)","9/16/18"
"La casa de las flores: Temporada 1: ORQUÍDEA (Símb. lujuria)","9/16/18"
"La casa de las flores: Temporada 1: TUSILAGO (Símb. preocupación)","9/16/18"
"La casa de las flores: Temporada 1: TULIPÁN (Símb. esperanza)","9/16/18"
"La casa de las flores: Temporada 1: BROMELIA (Símb. resistencia)","9/16/18"
"Infancia clandestina","9/16/18"
"La ley secreta: Episodio 9","9/16/18"
"La ley secreta: Episodio 8","9/16/18"
"La ley secreta: Episodio 7","9/16/18"
"Sierra Burgess es una loser","9/16/18"
"Las leyes de la termodinámica","9/16/18"
"El banquero de la resistencia","9/16/18"
"Wakolda","9/16/18"
"El Desconocido","9/16/18"
"Jason Bourne","9/16/18"
"Historia de un clan: Episodio 8","9/15/18"
"Intensamente","9/15/18"
"Atypical: Temporada 2: Ritualicioso","9/15/18"
" : Episodio 1","9/14/18"
"Atypical: Temporada 2: Vivir en altura","9/14/18"
"Atypical: Temporada 2: Borrón y cuenta nueva","9/14/18"
"Atypical: Temporada 2: La guarida del dragón","9/14/18"
"La ley secreta: Episodio 6","9/14/18"
"Atypical: Temporada 2: El huevo","9/14/18"
"La ley secreta: Episodio 5","9/14/18"
"Atypical: Temporada 2: Prendido fuego","9/14/18"
"La ley secreta: Episodio 4","9/13/18"
"La ley secreta: Episodio 3","9/13/18"
"Atypical: Temporada 2: El amiguito y el león","9/13/18"
"Atypical: Temporada 2: La cámara del pingüino bebé","9/13/18"
"Atypical: Temporada 2: Empapada","9/13/18"
"Historia de un clan: Episodio 7","9/12/18"
"Historia de un clan: Episodio 6","9/12/18"
"La ley secreta: Episodio 2","9/11/18"
"La ley secreta: Episodio 1","9/11/18"
"Lindas mentirosas: Temporada 3: ¿Qué pasa con un corazón herido?","9/11/18"
"Lindas mentirosas: Temporada 3: Muerto para mí","9/11/18"
"Karppi: Temporada 1: Viuda","9/11/18"
"Historia de un clan: Episodio 5","9/10/18"
"Historia de un clan: Episodio 4","9/10/18"
"Las chicas del cable: Temporada 1: Capítulo 7: La pérdida","9/10/18"
"Venganza despiadada","9/10/18"
"Sisters: Episodio 1","9/9/18"
"La casa de las flores: Temporada 1: PEONIA (Símb. vergüenza)","9/8/18"
"La casa de las flores: Temporada 1: MAGNOLIA (Símb. dignidad)","9/8/18"
"La casa de las flores: Temporada 1: DALIA (Símb. gratitud)","9/8/18"
"On My Block: Temporada 1: Capítulo diez","9/8/18"
"On My Block: Temporada 1: Capítulo ocho","9/7/18"
"On My Block: Temporada 1: Capítulo siete","9/7/18"
"On My Block: Temporada 1: Capítulo dos","9/7/18"
"On My Block: Temporada 1: Capítulo seis","9/7/18"
"On My Block: Temporada 1: Capítulo cinco","9/7/18"
"On My Block: Temporada 1: Capítulo cuatro","9/7/18"
"On My Block: Temporada 1: Capítulo tres","9/7/18"
"On My Block: Temporada 1: Capítulo uno","9/6/18"
"Historia de un clan: Episodio 3","9/5/18"
"Historia de un clan: Episodio 2","9/5/18"
"Historia de un clan: Episodio 1","9/5/18"
"La historia oficial","9/4/18"
"Tabula Rasa: Bob","9/3/18"
"Tabula Rasa: Un pájaro para el gato","9/3/18"
"Tabula Rasa: El árbol tapa el bosque","9/3/18"
"Tabula Rasa: Wally","9/3/18"
"Tabula Rasa: La fosa del oso","9/2/18"
"Tabula Rasa: V.","9/2/18"
"Sherlock: Estudio en rosa","9/2/18"
"Better Call Saul: Temporada 1: Nacho","8/31/18"
"Better Call Saul: Temporada 1: Mijo","8/31/18"
"Better Call Saul: Temporada 1: Uno","8/31/18"
"Tabula Rasa: El hilo de Ariadna","8/31/18"
"Lindas mentirosas: Temporada 3: De la sartén al infierno","8/30/18"
"Ultraviolet: #LaChicaDelLago","8/30/18"
"Insatiable: Temporada 1: Señorita Vaquera","8/29/18"
"Insatiable: Temporada 1: Ser delgado es mágico","8/29/18"
"Insatiable: Temporada 1: Piloto","8/29/18"
"(Des)encanto: Parte 1: El lado oscuro de la princesa","8/28/18"
"(Des)encanto: Parte 1: Por quién gruñe el cerdo","8/28/18"
"(Des)encanto: Parte 1: Una princesa, un elfo y un demonio entran a un bar","8/28/18"
"Zoo: Temporada 3: Nada como el hogar","8/28/18"
"Tabula Rasa: Houdini","8/28/18"
"La Trêve: Episodio 3","8/27/18"
"La Trêve: Episodio 2","8/27/18"
"La Trêve: Episodio 1","8/27/18"
"Tabula Rasa: Spectre","8/27/18"
"Tiempos de guerra: Episodio 2","8/26/18"
"Tiempos de guerra: Episodio 1","8/26/18"
"Vida incompleta: Miniserie: Episodio 20","8/26/18"
"Vida incompleta: Miniserie: Episodio 19","8/26/18"
"Vida incompleta: Miniserie: Episodio 18","8/24/18"
"Pérdida de la inocencia","8/24/18"
"Vida incompleta: Miniserie: Episodio 17","8/23/18"
"Kiss & Cry","8/22/18"
"Vida incompleta: Miniserie: Episodio 16","8/21/18"
"Vida incompleta: Miniserie: Episodio 15","8/21/18"
"Vida incompleta: Miniserie: Episodio 14","8/21/18"
"Indiana Jones y los cazadores del arca perdida","8/20/18"
"Orange Is the New Black: Temporada 4: Animales","8/20/18"
"Orange Is the New Black: Temporada 4: Sociable","8/20/18"
"Mr. Holmes","8/20/18"
"Orange Is the New Black: Temporada 4: Conejito, calavera, conejito, calavera","8/20/18"
"Lockup: Raw: Tocar fondo","8/18/18"
"Perdida","8/18/18"
"Gran Hotel: Parte 1","8/18/18"
"Gran Hotel: Temporada 3: Parte 66","8/18/18"
"Gran Hotel: Temporada 3: Parte 65","8/18/18"
"Gran Hotel: Temporada 3: Parte 64","8/18/18"
"Gran Hotel: Temporada 3: Parte 63","8/18/18"
"Insatiable: Temporada 1: ¿Qué más podría salirme mal?","8/17/18"
"Gran Hotel: Temporada 3: Parte 62","8/17/18"
"Insatiable: Temporada 1: Los ganadores ganan","8/17/18"
"Insatiable: Temporada 1: ¡Eso dolió!","8/17/18"
"Gran Hotel: Temporada 3: Parte 61","8/17/18"
"El aviso","8/16/18"
"Gran Hotel: Temporada 3: Parte 60","8/16/18"
"Gran Hotel: Temporada 3: Parte 59","8/16/18"
"Vida incompleta: Miniserie: Episodio 13","8/16/18"
"Gran Hotel: Temporada 3: Parte 58","8/16/18"
"Gran Hotel: Temporada 3: Parte 57","8/16/18"
"Gran Hotel: Temporada 3: Parte 56","8/15/18"
"Vida incompleta: Miniserie: Episodio 12","8/15/18"
"Gran Hotel: Temporada 3: Parte 55","8/14/18"
"Gran Hotel: Temporada 3: Parte 54","8/14/18"
"Gran Hotel: Temporada 3: Parte 53","8/14/18"
"Fariña: Capítulo 1: 1981","8/13/18"
"Orange Is the New Black: Temporada 4: Cambio de juego","8/13/18"
"Orange Is the New Black: Temporada 4: Amistades útiles","8/13/18"
"Orange Is the New Black: Temporada 4: Sonó mejor en mi cabeza","8/13/18"
"Orange Is the New Black: Temporada 4: Pedazo de mier*a","8/13/18"
"Gran Hotel: Temporada 3: Parte 52","8/13/18"
"Gran Hotel: Temporada 3: Parte 51","8/12/18"
"Gran Hotel: Temporada 3: Parte 50","8/12/18"
"Orange Is the New Black: Temporada 4: Siempre nos quedará Baltimore","8/11/18"
"Orange Is the New Black: Temporada 4: Doctor psicópata","8/11/18"
"Vida incompleta: Miniserie: Episodio 11","8/11/18"
"Gran Hotel: Temporada 3: Parte 49","8/10/18"
"Vida incompleta: Miniserie: Episodio 10","8/10/18"
"Vida incompleta: Miniserie: Episodio 9","8/8/18"
"Gran Hotel: Temporada 3: Parte 48","8/8/18"
"Vida incompleta: Miniserie: Episodio 8","8/7/18"
"Vida incompleta: Miniserie: Episodio 7","8/7/18"
"Orange Is the New Black: Temporada 4: (No) Hablar de más","8/7/18"
"Gran Hotel: Temporada 3: Parte 47","8/7/18"
"Orange Is the New Black: Temporada 4: La ley del más fuerte","8/7/18"
"Gran Hotel: Temporada 3: Parte 46","8/7/18"
"Orange Is the New Black: Temporada 4: A mover el esqueleto","8/7/18"
"Gran Hotel: Temporada 3: Parte 45","8/7/18"
"Gran Hotel: Temporada 3: Parte 44","8/7/18"
"Gran Hotel: Temporada 3: Parte 43","8/7/18"
"Gran Hotel: Temporada 2: Parte 42","8/7/18"
"Vida incompleta: Miniserie: Episodio 6","8/7/18"
"Gran Hotel: Temporada 2: Parte 41","8/7/18"
"Gran Hotel: Temporada 2: Parte 40","8/6/18"
"Luis Miguel - La serie: Temporada 1: No me puedes dejar así","8/6/18"
"Luis Miguel - La serie: Temporada 1: No me platiques más","8/6/18"
"Vida incompleta: Miniserie: Episodio 5","8/6/18"
"Gran Hotel: Temporada 2: Parte 39","8/5/18"
"Gran Hotel: Temporada 2: Parte 38","8/5/18"
"Gran Hotel: Temporada 2: Parte 37","8/5/18"
"Gran Hotel: Temporada 2: Parte 36","8/5/18"
"Gran Hotel: Temporada 2: Parte 35","8/5/18"
"Gran Hotel: Temporada 2: Parte 34","8/5/18"
"Gran Hotel: Temporada 2: Parte 33","8/5/18"
"Gran Hotel: Temporada 2: Parte 32","8/5/18"
"Gran Hotel: Temporada 2: Parte 31","8/5/18"
"Gran Hotel: Temporada 2: Parte 30","8/5/18"
"Orange Is the New Black: Temporada 3: No confíes en ninguna perra","8/4/18"
"Orange Is the New Black: Temporada 3: No me hagas regresar ahí","8/4/18"
"Vida incompleta: Miniserie: Episodio 4","8/3/18"
"Vida incompleta: Miniserie: Episodio 3","8/2/18"
"Luis Miguel - La serie: Temporada 1: Marcela","8/1/18"
"Luis Miguel - La serie: Temporada 1: Decídete","8/1/18"
"Luis Miguel - La serie: Temporada 1: Todo el amor del mundo","8/1/18"
"Orange Is the New Black: Temporada 3: Todos podemos ser héroes","8/1/18"
"Orange Is the New Black: Temporada 3: Tetas y pelos","8/1/18"
"Niños del hombre","7/30/18"
"Gran Hotel: Temporada 2: Parte 29","7/30/18"
"Gran Hotel: Temporada 2: Parte 28","7/30/18"
"Gran Hotel: Temporada 2: Parte 27","7/30/18"
"Gran Hotel: Temporada 2: Parte 26","7/30/18"
"Iron Man 3","7/28/18"
"Marcella: Temporada 1: Episodio 8","7/28/18"
"Vida incompleta: Miniserie: Episodio 2","7/28/18"
"Vida incompleta: Miniserie: Episodio 1","7/27/18"
"Bonusfamiljen: Temporada 1: Episodio 9","7/27/18"
"Luis Miguel - La serie: Temporada 1: Alguien como tú","7/27/18"
"Bonusfamiljen: Temporada 1: Episodio 8","7/27/18"
"Bonusfamiljen: Temporada 1: Episodio 7","7/27/18"
"Bonusfamiljen: Temporada 1: Episodio 6","7/27/18"
"Iron Man 2","7/26/18"
"Bonusfamiljen: Temporada 1: Episodio 5","7/26/18"
"Bonusfamiljen: Temporada 1: Episodio 4","7/25/18"
"Bonusfamiljen: Temporada 1: Episodio 3","7/25/18"
"Bonusfamiljen: Temporada 1: Episodio 2","7/25/18"
"Bonusfamiljen: Temporada 1: Episodio 1","7/25/18"
"Sorjonen: Libélulas (Parte 2)","7/24/18"
"Iron Man: El Hombre de Hierro","7/24/18"
"Sorjonen: Libélulas (Parte 1)","7/24/18"
"Sorjonen: Una casa de muñecas (Parte 3)","7/24/18"
"La primera vez","7/24/18"
"Héroes: El film oficial de la Copa del Mundo de 1986","7/23/18"
"Pompeya","7/23/18"
"Luis Miguel - La serie: Temporada 1: Yo que no vivo sin ti","7/23/18"
"Luis Miguel - La serie: Temporada 1: La malagueña","7/23/18"
"Borderliner: La persecución de Anniken","7/23/18"
"Borderliner: La decepción de Lars","7/23/18"
"Borderliner: El dilema de Nikolai","7/23/18"
"El bosque: Episodio 6","7/22/18"
"Be Somebody","7/22/18"
"Bajo la piel de lobo","7/22/18"
"El bosque: Episodio 5","7/22/18"
"El bosque: Episodio 4","7/22/18"
"El bosque: Episodio 3","7/22/18"
"Capos de la droga: Temporada 2: El Chapo","7/22/18"
"Esposas desesperadas: Piloto","7/22/18"
"Sorjonen: Una casa de muñecas (Parte 2)","7/22/18"
"El bosque: Episodio 2","7/21/18"
"Sorjonen: Una casa de muñecas (Parte 1)","7/21/18"
"El bosque: Episodio 1","7/20/18"
"RuPaul's Drag Race: Temporada 9: La gran final","7/20/18"
"RuPaul's Drag Race: Temporada 9: Reunión","7/20/18"
"The Keepers: Miniserie: La revelación","7/19/18"
"Narcos: Temporada 3: MRO","7/19/18"
"Narcos: Temporada 3: Jaque mate","7/19/18"
"Narcos: Temporada 3: Sigue el dinero","7/19/18"
"Narcos: Temporada 3: La KGB de Cali","7/18/18"
"Unsolved: Tupac y Biggie: A donde nos lleve","7/18/18"
"Gran Hotel: Temporada 2: Parte 25","7/17/18"
"La designada ultrafea","7/17/18"
"Jane The Virgin: Capítulo uno (Piloto)","7/17/18"
"Gran Hotel: Temporada 2: Parte 24","7/16/18"
"Gran Hotel: Temporada 2: Parte 23","7/16/18"
"Gran Hotel: Temporada 2: Parte 22","7/16/18"
"RuPaul's Drag Race: Temporada 9: La categoría es","7/11/18"
"RuPaul's Drag Race: Temporada 9: El baile más gay del mundo","7/11/18"
"The Keepers: Miniserie: La escuela","7/10/18"
"The Keepers: Miniserie: El asesinato","7/10/18"
"La habitación","7/9/18"
"RuPaul's Drag Race: Temporada 9: Maquillaje al equipo","7/9/18"
"RuPaul's Drag Race: Temporada 9: RuPiloto","7/9/18"
"RuPaul's Drag Race: Temporada 9: La rostizada de RuPaul","7/9/18"
"RuPaul's Drag Race: Temporada 9: 9021-HO","7/9/18"
"RuPaul's Drag Race: Temporada 9: El juego de las imitaciones","7/9/18"
"RuPaul's Drag Race: Temporada 9: Kardashian: El musical","7/8/18"
"RuPaul's Drag Race: Temporada 9: Buenos días, perras","7/8/18"
"RuPaul's Drag Race: Temporada 9: Ardiente para siempre","7/8/18"
"RuPaul's Drag Race: Temporada 9: No es la primera vez que lo da todo","7/8/18"
"RuPaul's Drag Race: Temporada 9: ¡Oh, mi Gaga!","7/8/18"
"RuPaul's Drag Race: Temporada 8: Las tres finalistas","7/8/18"
"The Fall: Tinieblas visibles","7/7/18"
"The Fall: La negra pendiente","7/7/18"
"RuPaul's Drag Race: Temporada 8: The Realness","7/7/18"
"Glitch: Temporada 1: Los resucitados","7/6/18"
"Una historia diferente","7/5/18"
"TAU","7/5/18"
"Nailed It!: Temporada 1: Bajo el agua","7/5/18"
"La casa de al lado: Celos sin límite","6/30/18"
"La casa de al lado: Pista de un ex","6/30/18"
"La casa de al lado: Novia misteriosa","6/30/18"
"Lockup: Raw: Segregación","6/30/18"
"Dude: Así es la vida","6/30/18"
"El bar","6/30/18"
"Gran Hotel: Temporada 2: Parte 21","6/29/18"
"Gran Hotel: Temporada 2: Parte 20","6/29/18"
"Gran Hotel: Temporada 2: Parte 19","6/29/18"
"Gran Hotel: Temporada 2: Parte 18","6/29/18"
"Gran Hotel: Temporada 2: Parte 17","6/29/18"
"Gran Hotel: Temporada 2: Parte 16","6/28/18"
"Gran Hotel: Temporada 2: Parte 15","6/28/18"
"Gran Hotel: Parte 14","6/28/18"
"The Walking Dead: Temporada 7: Algo que necesitan","6/27/18"
"The Walking Dead: Temporada 7: El otro lado","6/27/18"
"The Walking Dead: Temporada 7: Entiérrame aquí","6/27/18"
"The Walking Dead: Temporada 7: Di que sí","6/27/18"
"The Walking Dead: Temporada 7: Personas hostiles y otras calamidades","6/27/18"
"The Walking Dead: Temporada 7: Nuevos mejores amigos","6/27/18"
"The Walking Dead: Temporada 7: Roca en el camino","6/26/18"
"The Walking Dead: Temporada 7: Corazones aún latiendo","6/26/18"
"The Walking Dead: Temporada 7: Canta una canción","6/26/18"
"The Walking Dead: Temporada 7: Jurar","6/26/18"
"The Walking Dead: Temporada 7: Emprendedores","6/25/18"
"The Walking Dead: Temporada 7: Servicio","6/24/18"
"The Walking Dead: Temporada 7: La celda","6/24/18"
"The Walking Dead: Temporada 7: Llegará el día en el que no lo estés","6/24/18"
"Marlon: Piloto","6/24/18"
"Gran Hotel: Parte 13","6/24/18"
"La enfermedad del domingo","6/24/18"
"Sense8: Temporada 2: ¿Quién soy?","6/24/18"
"Ibiza","6/23/18"
"El cuaderno de Sara","6/23/18"
"#realityhigh","6/23/18"
"Gran Hotel: Parte 12","6/23/18"
"Gran Hotel: Parte 11","6/23/18"
"Gran Hotel: Parte 10","6/22/18"
"Gran Hotel: Parte 9","6/22/18"
"Gran Hotel: Parte 8","6/22/18"
"Gran Hotel: Parte 7","6/22/18"
"Gran Hotel: Parte 6","6/22/18"
"Gran Hotel: Parte 5","6/22/18"
"Gran Hotel: Parte 4","6/22/18"
"Gran Hotel: Parte 3","6/21/18"
"Gran Hotel: Parte 2","6/21/18"
"The Staircase: Miniserie: Una coincidencia sorprendente","6/21/18"
"The Staircase: Miniserie: Secretos y mentiras","6/21/18"
"The Staircase: Miniserie: ¿Crimen o accidente?","6/20/18"
"Una pareja más tonta","6/19/18"
"Buscando a Nemo","6/18/18"
"Siempre a tu lado","6/17/18"
"Cuba libre: Miniserie: Rompiendo las cadenas","6/17/18"
"Champions: Creo que lo toleraré","6/14/18"
"Champions: Michael","6/14/18"
"Unbreakable Kimmy Schmidt: Temporada 3: ¡Kimmy tiene a “Beyoncé” en casa!","6/14/18"
"Unbreakable Kimmy Schmidt: Temporada 3: ¡¿Kimmy se divorcia?!","6/14/18"
"Queen of the South: Temporada 1: Estrategia de entrada","6/13/18"
"Queen of the South: Temporada 1: Cuarenta minutos","6/13/18"
"Queen of the South: Temporada 1: Piloto","6/12/18"
"Rick y Morty: Temporada 2: Morty escapa en la noche","6/10/18"
"Joshua: Adolescente vs. Superpotencia","6/9/18"
"Castillo de arena","6/9/18"
"Arrested Development: Temporada 1: Piloto","5/31/18"
"La casa de papel: Parte 2: Episodio 9","5/28/18"
"La casa de papel: Parte 2: Episodio 7","5/28/18"
"La niebla: Abstinencia","5/27/18"
"La niebla: Piloto","5/27/18"
"La niebla: Pequod","5/27/18"
"Los olvidados","5/27/18"
"La casa de papel: Parte 2: Episodio 6","5/25/18"
"Perdidos en el espacio: Temporada 1: Presurización","5/23/18"
"Perdidos en el espacio: Temporada 1: Panegírico","5/23/18"
"13 Reasons Why: Más allá de las razones: Temporada 2: Más allá de las razones: Temporada 2","5/23/18"
"El cielo sí existe","5/21/18"
"Dios no está muerto 2","5/21/18"
"The Rain: Temporada 1: Tengan fe","5/20/18"
"The Rain: Temporada 1: No confíen en nadie","5/20/18"
"Sonic Boom: Gigante durmiente","5/20/18"
"Sonic Boom: Traduce esto","5/20/18"
"Sonic Boom: Azul de envidia","5/20/18"
"Sonic Boom: La maldición del templo Compa Compa","5/20/18"
"Sonic Boom: Un Knuckles sin suerte","5/20/18"
"The Rain: Temporada 1: Eviten la ciudad","5/16/18"
"The Rain: Temporada 1: Quédense juntos","5/16/18"
"The Rain: Temporada 1: No salgan","5/15/18"
"Dear White People: Volumen 1: Capítulo VI","5/15/18"
"72 animales peligrosos: América Latina: Miniserie: Peligro en la jungla","5/15/18"
"Safe: Episodio 8","5/12/18"
"Safe: Episodio 7","5/11/18"
"Safe: Episodio 6","5/11/18"
"Safe: Episodio 5","5/11/18"
"Safe: Episodio 4","5/11/18"
"Safe: Episodio 3","5/11/18"
"Safe: Episodio 2","5/11/18"
"El rescate","5/8/18"
"Black Mirror: Temporada 1: Quince millones de méritos","5/7/18"
"Black Mirror: Temporada 1: El himno nacional","5/7/18"
"Rick y Morty: Temporada 2: Rupturas en el tiempo","5/6/18"
"Rick y Morty: Temporada 1: Es hora de la fiesta","5/6/18"
"Rick y Morty: Temporada 1: Encuentros cercanos a lo Rick","5/6/18"
"Rick y Morty: Temporada 1: Cosas necesarias","5/6/18"
"Velvet Colección: Nuevos horizontes","5/6/18"
"Rick y Morty: Temporada 1: Televisión interdimensional","5/5/18"
"Rick y Morty: Temporada 1: Criando un Gazorpazorp","5/5/18"
"Rick y Morty: Temporada 1: La poción de Rick","5/5/18"
"Rick y Morty: Temporada 1: Meeseeks destructores","5/5/18"
"Rick y Morty: Temporada 1: La simulación alienígena","5/5/18"
"Rick y Morty: Temporada 1: Parque anatómico","5/5/18"
"Rick y Morty: Temporada 1: Invasión canina","5/5/18"
"Los Simpsons - La película","5/5/18"
"Llámame Francisco: El corazón que escucha","5/5/18"
"Llámame Francisco: Nudos","5/4/18"
"The Standups: Temporada 2: Kyle Kinane","5/4/18"
"The Standups: Temporada 2: Gina Yashere","5/4/18"
"The Standups: Temporada 2: Joe List","5/4/18"
"Las chicas del cable: Temporada 1: Capítulo 6: La familia","5/4/18"
"Las chicas del cable: Temporada 1: Capítulo 5: El pasado","5/4/18"
"Happy!: San Nick","5/3/18"
"Day of the Dead: Bloodline","5/1/18"
"Creep","5/1/18"
"El reino de los monos","4/30/18"
"Everything Sucks!: A veces oigo mi voz","4/30/18"
"Everything Sucks!: ¿Qué diablos es una zarginda?","4/30/18"
"Everything Sucks!: Romeo y Julieta en el espacio","4/30/18"
"Everything Sucks!: Todo eso y mucho más","4/30/18"
"Come Sunday","4/30/18"
"Más allá de los sueños","4/30/18"
"Everything Sucks!: Quizá tú me salves","4/30/18"
"Lockup: Chain Linked: Condado de sufrimiento","4/30/18"
"Zapatero a tus zapatos","4/30/18"
"Everything Sucks!: Plutonio","4/30/18"
"El club de los incomprendidos","4/28/18"
"Llámame Francisco: Ni muerto, ni vivo","4/28/18"
"Llámame Francisco: El jesuita","4/28/18"
"3 %: Temporada 1: Capítulo 1: Cubos","4/28/18"
"Psychokinesis","4/27/18"
"Mentes maestras","4/25/18"
"Hijos de las Estrellas: Secretos del Sol","4/25/18"
"Novato","4/25/18"
"XX","4/23/18"
"Tortugas Ninja","4/23/18"
"Rugrats en París: La película","4/22/18"
"El sacrificio","4/21/18"
"Perdidos en el espacio: Temporada 1: Resurrección","4/21/18"
"Y nadie más que tú","4/20/18"
"Si te casas... te mato","4/20/18"
"Los caballeros no tienen memoria","4/20/18"
"The Walking Dead: Temporada 6: Último día en la Tierra","4/19/18"
"Las chicas del cable: Temporada 1: Capítulo 4: Los sentimientos","4/19/18"
"Las chicas del cable: Temporada 1: Capítulo 3: Las mentiras","4/19/18"
"Santa Clarita Diet: Temporada 2: Corazón sin dueño","4/18/18"
"Santa Clarita Diet: Temporada 2: Pasión","4/18/18"
"Santa Clarita Diet: Temporada 2: Todo sale como lo planeamos","4/18/18"
"EL COLOR DEL CRIMEN","4/17/18"
"La Biblia: La épica miniserie: Valor","4/16/18"
"La Biblia: La épica miniserie: Pasión","4/16/18"
"La Biblia: La épica miniserie: Traición","4/16/18"
"Pickpockets","4/16/18"
"El Chapo: Temporada 2: Episodio 12","4/14/18"
"El Chapo: Temporada 2: Episodio 11","4/14/18"
"La Biblia: La épica miniserie: Misión","4/14/18"
"La Biblia: La épica miniserie: Esperanza","4/14/18"
"El guardián invisible","4/14/18"
"Desde mi cielo","4/14/18"
"La Biblia: La épica miniserie: Supervivencia","4/12/18"
"Un jefe en pañales: De vuelta a los negocios: Temporada 1: Scooter Buskie","4/12/18"
"Project Runway: Temporada 7: Regreso a Nueva York","4/12/18"
"La Biblia: La épica miniserie: Reino","4/12/18"
"La Biblia: La épica miniserie: La tierra prometida","4/11/18"
"La Biblia: La épica miniserie: Éxodo","4/11/18"
"La Biblia: La épica miniserie: En el principio","4/11/18"
"El libro de los secretos","4/10/18"
"Hitler's Circle of Evil: Crisis","4/7/18"
"Hitler's Circle of Evil: El comienzo del fin","4/7/18"
"Hitler's Circle of Evil: El auge de los sicofantes","4/7/18"
"Capo El amo del túnel: Parte 1","4/7/18"
"Te Prometo Anarquia","4/7/18"
"Steve Jobs","4/7/18"
"Hitler's Circle of Evil: El ascenso y la caída de Reinhard Heydrich","4/7/18"
"Hitler's Circle of Evil: La locura de Rudolf Hess","4/6/18"
"Hitler's Circle of Evil: El Grupo de Berghof","4/6/18"
"Hijo de Dios","4/5/18"
"Mi primera lucha","4/5/18"
"Hitler's Circle of Evil: El auge del antisemitismo","4/4/18"
"Hitler's Circle of Evil: La caída de Röhm","4/4/18"
"Hitler's Circle of Evil: Reagruparse","4/4/18"
"Hitler's Circle of Evil: Héroes e inadaptados","4/3/18"
"El mecanismo: Temporada 1: Halva","4/3/18"
"El mecanismo: Temporada 1: Lavado de autos","4/3/18"
"El mecanismo: Temporada 1: Juicio final","4/3/18"
"El mecanismo: Temporada 1: El último respiro","4/3/18"
"El mecanismo: Temporada 1: Lo sabían todo","4/3/18"
"El mecanismo: Temporada 1: Ojos rojos","4/3/18"
"El mecanismo: Temporada 1: Pared falsa","4/2/18"
"El mecanismo: Temporada 1: Vienen vientos fríos del sur","4/2/18"
"Nacidos para matar","4/1/18"
"Mi Gran Boda Griega 2","4/1/18"
"The World's Most Extraordinary Homes: Montaña","3/31/18"
"I, Frankenstein","3/29/18"
"Santa Clarita Diet: Temporada 2: La reina de Inglaterra","3/27/18"
"Santa Clarita Diet: Temporada 2: Zona gris moral","3/27/18"
"Santa Clarita Diet: Temporada 2: Coyote en ropa deportiva","3/27/18"
"El rey Arturo","3/26/18"
"Santa Clarita Diet: Temporada 2: Ninguna familia es perfecta","3/25/18"
"Santa Clarita Diet: Temporada 1: ¿Un mono o un murciélago?","3/25/18"
"Aniquilación","3/24/18"
"Caminando entre las tumbas","3/23/18"
"Ícaro","3/23/18"
"La Reina del Sur: Temporada 1: Capítulo 3","3/23/18"
"La Reina del Sur: Temporada 1: Capítulo 2","3/23/18"
"La Reina del Sur: Temporada 1: Capítulo 1","3/23/18"
"Nailed It!: Temporada 1: Contemplen a su majestad","3/23/18"
"Nailed It!: Temporada 1: Primer paso: Encuentra un novio","3/23/18"
"Secrets and Lies: Temporada 2: The Detective","3/22/18"
"Secrets and Lies: Temporada 2: The Liar","3/22/18"
"Secrets and Lies: Temporada 2: The Husband","3/22/18"
"Secrets and Lies: Temporada 2: The Fall","3/22/18"
"Zumbo's Just Desserts: Episodio 3","3/21/18"
"Zumbo's Just Desserts: Episodio 2","3/21/18"
"Zumbo's Just Desserts: Episodio 1","3/21/18"
"Alquiler de padrinos","3/19/18"
"Secrets and Lies: The Lie","3/19/18"
"Secrets and Lies: The Mother","3/19/18"
"Secrets and Lies: The Son","3/19/18"
"Secrets and Lies: The Cop","3/19/18"
"Secrets and Lies: The Confession","3/19/18"
"Secrets and Lies: The Jacket","3/18/18"
"Secrets and Lies: The Sister","3/18/18"
"Secrets and Lies: The Affair","3/18/18"
"Secrets and Lies: The Father","3/18/18"
"Secrets and Lies: The Trail","3/18/18"
"Love: Temporada 1: El principio","3/18/18"
"Furia implacable","3/17/18"
"Big Mouth: Temporada 1: El PornoVista","3/17/18"
"Big Mouth: Temporada 1: Sobreviví al bat mitzvah de Jessi","3/17/18"
"Big Mouth: Temporada 1: El bajacabezas","3/17/18"
"Big Mouth: Temporada 1: Réquiem por un sueño (húmedo)","3/17/18"
"La chica danesa","3/11/18"
"Dark Net: Obsesión","3/11/18"
"Flint Town: Temporada 1: Bienvenidos a Flint","3/11/18"
"Chicas entre rejas: Temporada 1: Capítulo 1: Las chicas de Madison","3/11/18"
"Zootopia","3/11/18"
"Ralph, el demoledor","3/11/18"
"Valiente","3/11/18"
"Scre4m","3/10/18"
"Desnudo","3/8/18"
"Altered Carbon: Temporada 1: Retorno al pasado","3/7/18"
"Property Brothers: Casa a reparar para la familia","3/7/18"
"Seduciendo a un extraño","3/6/18"
"Capos de la droga: Temporada 1: El cartel de Cali","3/4/18"
"Capos de la droga: Temporada 1: Pablo Escobar","3/4/18"
"Ninfomanía - Vol. II","3/2/18"
"Locos por las nueces 2","3/1/18"
"Torrente 5: Operacion Eurovegas","2/28/18"
"Hip-Hop Evolution: Temporada 1: El cimiento","2/28/18"
"Entre Rejas: Perturbar el orden: Los ojos ganan","2/28/18"
"Rick y Morty: Temporada 1: Buscando las semillas","2/28/18"
"Agustín Aristarán: Soy Rada","2/28/18"
"Los Simuladores: Capítulo 12","2/28/18"
"Sherlock Holmes: Juego de sombras","2/28/18"
"Hocus Pocus","2/27/18"
"Van Helsing: Temporada 2: Días negros","2/26/18"
"Van Helsing: Temporada 2: Cascadas Crooked","2/26/18"
"Death Note","2/26/18"
"Van Helsing: Temporada 2: No mientas","2/26/18"
"El marginal: Temporada 1: Capítulo 10","2/25/18"
"El club de la pelea animal: Lucha en la sabana","2/25/18"
"La Segunda Guerra Mundial a todo color: World War II in Colour: Se presagia una tormenta","2/25/18"
"Van Helsing: Temporada 2: Par de bases","2/25/18"
"Van Helsing: Temporada 2: A despertar","2/25/18"
"Van Helsing: Temporada 2: Big Mama","2/25/18"
"Van Helsing: Temporada 2: Todo cambia","2/24/18"
"Van Helsing: Temporada 2: Veritas Vincit","2/24/18"
"Van Helsing: Temporada 2: Sálvate","2/24/18"
"Van Helsing: Temporada 2: Un hogar","2/24/18"
"Van Helsing: Temporada 2: El amor muerde","2/24/18"
"Los indestructibles 3","2/24/18"
"Van Helsing: Temporada 2: Redención","2/24/18"
"Van Helsing: Temporada 2: Empezó otra vez","2/24/18"
"Van Helsing: Temporada 1: Así comienza","2/24/18"
"Van Helsing: Temporada 1: Ya viene","2/24/18"
"Van Helsing: Temporada 1: La última vez","2/24/18"
"The End of the F***ing World: Temporada 1: Episodio 8","2/23/18"
"The Sinner: Temporada 1: Cora: Parte III","2/23/18"
"Revenge: Temporada 2: Resurrección","2/23/18"
"Van Helsing: Temporada 1: Aléjate","2/23/18"
"Van Helsing: Temporada 1: Me puedes ayudar","2/22/18"
"Van Helsing: Temporada 1: Pequeño","2/22/18"
"Van Helsing: Temporada 1: Por mí","2/22/18"
"Van Helsing: Temporada 1: Nada importa","2/22/18"
"Van Helsing: Temporada 1: Le temen","2/22/18"
"Chiquititas (2006): Capítulo 2","2/21/18"
"Chiquititas (2006): Capítulo 1","2/21/18"
"Greenhouse Academy: Temporada 1: El robo","2/20/18"
"Babadook","2/20/18"
"Van Helsing: Temporada 1: Regresar","2/20/18"
"Van Helsing: Temporada 1: Quédate adentro","2/20/18"
"Van Helsing: Temporada 1: Te vi","2/20/18"
"Greenhouse Academy: Temporada 1: El desafío inaugural","2/19/18"
"Greenhouse Academy: Temporada 1: Piloto","2/19/18"
"Sangre, sudor y gloria","2/18/18"
"Van Helsing: Temporada 1: Ayúdenme","2/18/18"
"Rápidos y furiosos 7","2/18/18"
"The Sinner: Temporada 1: Cora: Parte II","2/17/18"
"Bajo cero","2/17/18"
"Cautiva","2/17/18"
"Revenge: Temporada 2: Destino","2/17/18"
"El desconocido: Episodio 1","2/16/18"
"Black Sails: I","2/15/18"
"El marginal: Temporada 1: Capítulo 9","2/14/18"
"Talking Tom and Friends: Tom sin voz","2/14/18"
"The End of the F***ing World: Temporada 1: Episodio 7","2/13/18"
"The End of the F***ing World: Temporada 1: Episodio 6","2/13/18"
"Kidnapping Mr. Heineken","2/12/18"
"Joe","2/12/18"
"Alias JJ, la celebridad del mal","2/12/18"
"Queer Eye: Temporada 1: La hermandad de los bomberos","2/12/18"
"Laberinto","2/12/18"
"Cincuenta sombras de Grey","2/12/18"
"Rita: Temporada 4: El hogar","2/12/18"
"Desearás al hombre de tu hermana","2/12/18"
"The End of the F***ing World: Temporada 1: Episodio 5","2/12/18"
"The End of the F***ing World: Temporada 1: Episodio 4","2/12/18"
"The End of the F***ing World: Temporada 1: Episodio 3","2/12/18"
"Black Mirror: Temporada 4: Metalhead","2/11/18"
"Black Mirror: Temporada 4: Hang the DJ","2/11/18"
"Black Mirror: Temporada 4: Crocodile","2/11/18"
"Queer Eye: Temporada 1: Abandona el nido, Joe","2/11/18"
"Queer Eye: Temporada 1: El renacimiento de Remington","2/10/18"
"Queer Eye: Temporada 1: Nuevas reglas","2/10/18"
"Black Mirror: Temporada 4: Arkangel","2/10/18"
"Queer Eye: Temporada 1: Gay o no demasiado gay","2/10/18"
"Black Mirror: Temporada 3: Odio nacional","2/10/18"
"Black Mirror: Temporada 3: El hombre contra el fuego","2/10/18"
"Queer Eye: Temporada 1: Se acabó la fiesta","2/9/18"
"Queer Eye: Temporada 1: Por mis barbas","2/9/18"
"El marginal: Temporada 1: Capítulo 8","2/9/18"
"El marginal: Temporada 1: Capítulo 7","2/9/18"
"El marginal: Temporada 1: Capítulo 6","2/9/18"
"El marginal: Temporada 1: Capítulo 5","2/9/18"
"Rita: Temporada 4: La familia","2/9/18"
"Rita: Temporada 4: Calle de la infancia","2/9/18"
"El juego de Gerald","2/8/18"
"Manhunt: Unabomber: UNABOM","2/8/18"
"Queer Eye: Temporada 1: La fealdad no se cura","2/8/18"
"Narcos: Temporada 3: La estrategia del capo","2/8/18"
"El regalo","2/7/18"
"Black Mirror: Temporada 2: Blanca Navidad","2/7/18"
"Black Mirror: Temporada 2: El momento Waldo","2/7/18"
"Gánster americano","2/6/18"
"Resurrection: Ertuğrul: Episodio 1","2/6/18"
"Bright","2/6/18"
" : Episodio 1","2/5/18"
"Black Mirror: Temporada 2: Oso blanco","2/4/18"
"Black Mirror: Temporada 2: Vuelvo enseguida","2/4/18"
"Bichos: Una aventura en miniatura","2/4/18"
"Coach Snoop: Vivir y morir en L. A.","2/3/18"
"Rita: Temporada 4: Tú y yo","2/3/18"
"Rita: Temporada 4: Amistad verdadera","2/3/18"
"Drugs, Inc.: Temporada 3: Cristal en Hawái","2/2/18"
"Biggie & Tupac","2/2/18"
"El Chapo: Temporada 2: Episodio 10","2/2/18"
"El Chapo: Temporada 2: Episodio 9","2/2/18"
"El Chapo: Temporada 2: Episodio 8","2/1/18"
"El Chapo: Temporada 2: Episodio 7","2/1/18"
"El Chapo: Temporada 2: Episodio 6","2/1/18"
"El Chapo: Temporada 2: Episodio 5","2/1/18"
"El Chapo: Temporada 2: Episodio 4","2/1/18"
"El universo de Stranger Things: El universo 2: Alucinante","2/1/18"
"Observada","2/1/18"
"El Chapo: Temporada 2: Episodio 3","2/1/18"
"El Chapo: Temporada 2: Episodio 2","2/1/18"
"Revenge: Recalculando","1/27/18"
"Revenge: Dolor","1/27/18"
"Revenge: Legado","1/27/18"
"Punto ciego: Cuando se archiva la vida","1/26/18"
"Punto ciego: El orden final será revelado","1/26/18"
"Punto ciego: A tu nueva casa de seguridad","1/26/18"
"Gravity Falls: Un verano de misterios: La mano que mece a Mabel","1/26/18"
"Blockbuster","1/25/18"
"Soy la cosa bella que vive en esta casa","1/25/18"
"Punto ciego: Ve primero a la carretera oeste","1/25/18"
"Punto ciego: Enfócate en el tiempo","1/25/18"
"Punto ciego: Iniciar la secuencia","1/24/18"
"Punto ciego: Casi en cada lugar que busques","1/24/18"
"Revenge: Absolución","1/23/18"
"Revenge: Justicia","1/22/18"
"Trolls: Vamos a festejar","1/21/18"
"El príncipe del rap: Noche de Brujas (Parte 2)","1/20/18"
"El príncipe del rap: Noche de Brujas (Parte 1)","1/20/18"
"El príncipe del rap: La sociedad de los poetas modernos","1/20/18"
"El príncipe del rap: Identidad equivocada","1/20/18"
"Punto ciego: Cualquier ladrón herido","1/19/18"
"Punto ciego: La llegada con arma","1/18/18"
"Punto ciego: Reglas del desafío","1/18/18"
"El príncipe del rap: Extraño a mi mejor amigo","1/18/18"
"El príncipe del rap: No se metan con mi cerdito","1/18/18"
"Punto ciego: Quédate donde estás","1/18/18"
"Revenge: Duda","1/18/18"
"Punto ciego: Los científicos buscan fortuna","1/17/18"
"El príncipe del rap: La conquistaré a mi modo","1/17/18"
"Punto ciego: Deteniendo al enemigo","1/17/18"
"Punto ciego: Instrumento casero maligno","1/17/18"
"Punto ciego: Coqueteo auténtico","1/17/18"
"¡¡¡Alvinnn!!! Y las ardillas: Osito parlante / Interés principal","1/17/18"
"El príncipe del rap: La clase de jazz","1/17/18"
"El príncipe del rap: ¡Alerta, el príncipe llegó!","1/17/18"
"Revenge: Escándalo","1/17/18"
"Justin Bieber: Never Say Never","1/17/18"
"El Che","1/16/18"
"Rita: Temporada 4: Deshielo repentino","1/16/18"
"Rita: Temporada 4: Eres lo que comes","1/16/18"
"Rita: Temporada 4: Pasado/Presente","1/16/18"
"Okja","1/16/18"
"Revenge: Caos","1/16/18"
"Californication: Piloto","1/15/18"
"Revenge: Percepción","1/15/18"
"Revenge: Compromiso","1/15/18"
"Revenge: Infamia","1/15/18"
"Revenge: Coacción","1/15/18"
"Revenge: Lealtad","1/15/18"
"Revenge: Sospechas","1/15/18"
"Jack Reacher: Bajo la mira","1/15/18"
"Revenge: El precio del poder","1/15/18"
"Hambre de poder","1/15/18"
"Revenge: Farsa","1/14/18"
"Punto ciego: Perseguir enviados","1/14/18"
"Revenge: Intriga","1/14/18"
"Punto ciego: De gira","1/14/18"
"Revenge: Culpa","1/14/18"
"Punto ciego: Cede tu alma","1/14/18"
"Revenge: Duplicidad","1/14/18"
"Punto ciego: Dividir la ley","1/14/18"
"Revenge: Traición","1/14/18"
"Revenge: Confianza","1/14/18"
"Punto ciego: Los huesos se pudrirán","1/14/18"
"Punto ciego: Ocho delgadas sonrisas","1/14/18"
"Punto ciego: Un grito perdido","1/14/18"
"Punto ciego: Piloto","1/14/18"
"Residente","1/13/18"
"Fiore","1/13/18"
"The End of the F***ing World: Temporada 1: Episodio 2","1/11/18"
"Super Dark Times","1/11/18"
"Glacé: Episodio 1","1/11/18"
"The End of the F***ing World: Temporada 1: Episodio 1","1/9/18"
"Guilt: Piloto","1/9/18"
"La Mantis: Episodio 1","1/8/18"
"La Mantis: Episodio 2","1/8/18"
"Crossing Lines: New Scars / Old Wounds: Parte 1","1/8/18"
"Crossing Lines: Desesperación y forajidos","1/8/18"
"Viajeros: Temporada 1: Protocolo 6","1/8/18"
"Crossing Lines: Los animales","1/7/18"
"The Walking Dead: Temporada 6: Este","1/7/18"
"Crossing Lines: Special Ops: Parte 2","1/7/18"
"Crossing Lines: Special Ops: Parte 1","1/6/18"
"Crossing Lines: Depredadores de larga distancia","1/6/18"
"The Walking Dead: Temporada 6: Dos veces más lejos","1/6/18"
"The Walking Dead: Temporada 6: Del mismo lado","1/6/18"
"Crossing Lines: La expiración","1/6/18"
"Crossing Lines: Pilot: Parte 2","1/6/18"
"The Walking Dead: Temporada 6: Aún no es mañana","1/5/18"
"The Walking Dead: Temporada 6: Nudos desatados","1/5/18"
"The Walking Dead: Temporada 6: El próximo mundo","1/5/18"
"Crossing Lines: Pilot: Parte 1","1/4/18"
"The Walking Dead: Temporada 6: Sin salida","1/4/18"
"The Walking Dead: Temporada 6: De principio a fin","1/4/18"
"Revenge: Piloto","1/3/18"
"Hipersomnia","1/2/18"
"Verónica","1/2/18"
"The Indian Detective: Episodio 1","1/1/18"
"Lucifer: Temporada 1: Regrésame al Infierno","1/1/18"
"Lucifer: Temporada 1: #EquipoLucifer","1/1/18"
"Lucifer: Temporada 1: San Lucifer","1/1/18"
"Marcella: Temporada 1: Episodio 7","12/31/17"
"Marcella: Temporada 1: Episodio 6","12/31/17"
"Marcella: Temporada 1: Episodio 5","12/31/17"
"Marcella: Temporada 1: Episodio 4","12/31/17"
"Marcella: Temporada 1: Episodio 3","12/31/17"
"Marcella: Temporada 1: Episodio 2","12/30/17"
"Gravity Falls: Un verano de misterios: Los cazadores de cabezas","12/27/17"
"Gravity Falls: Un verano de misterios: La leyenda del monstruo del lago","12/26/17"
"Gravity Falls: Un verano de misterios: Turista atrapado","12/26/17"
"Lucifer: Temporada 1: Papi","12/26/17"
"Lucifer: Temporada 1: Un padre entra a un bar","12/26/17"
"Lucifer: Temporada 1: ¿Et tu, doctor?","12/26/17"
"She's Gotta Have It: Temporada 1: #DaJumpoff (DOCTRINA)","12/23/17"
"Wallander: Sidetracked","12/11/17"
"Lucifer: Temporada 1: Compañero alado","12/10/17"
"Lucifer: Temporada 1: Hijo favorito","12/10/17"
"Temple","12/10/17"
"Oculta obsesión","12/8/17"
"Lucifer: Temporada 1: Lindos zapatos","12/6/17"
"Lucifer: Temporada 1: Cosas de hombres","12/6/17"
"End Day","12/3/17"
"Dear White People: Volumen 1: Capítulo V","12/2/17"
"Dear White People: Volumen 1: Capítulo IV","12/2/17"
"Dear White People: Volumen 1: Capítulo III","12/1/17"
"Dear White People: Volumen 1: Capítulo II","12/1/17"
"Dear White People: Volumen 1: Capítulo I","12/1/17"
"Querida gente blanca","12/1/17"
"Grand Designs: Temporada 11: Tiverton","12/1/17"
"12 monos: Atari","12/1/17"
"Grand Designs: Temporada 11: York","12/1/17"
"Grand Designs: Temporada 11: El norte de Londres","12/1/17"
"Grand Designs: Temporada 11: Yorkshire del Sur","12/1/17"
"Mars: Nuevo mundo","12/1/17"
"12 monos: El complejo de Cassandra","11/30/17"
"12 monos: Desajuste mental","11/29/17"
"12 monos: Los Cayos","11/29/17"
"12 monos: Bosque de sangre","11/29/17"
"12 monos: El cuarto oscuro","11/29/17"
"Orphan Black: Temporada 2: Naturaleza reprimida y excitada","11/28/17"
"12 monos: Fragmentación","11/27/17"
"Tú me entiendes","11/27/17"
"The Investigator: A British Crime Story: Episodio 2","11/27/17"
"The Following: Temporada 2: Asunto familiar","11/25/17"
"The Following: Temporada 2: Confía en mí","11/24/17"
"Conociendo a Ray","11/21/17"
"The Investigator: A British Crime Story: Episodio 1","11/21/17"
"The Following: Temporada 2: Para Joe","11/20/17"
"Wanted: Corre, Lola, corre","11/20/17"
"The Following: Temporada 2: Resurrección","11/19/17"
"Contaminados","11/19/17"
"Dos tipos peligrosos","11/19/17"
"The Following: Capítulo final","11/17/17"
"The Following: El fin está cerca","11/17/17"
"The Following: Havenport","11/15/17"
"Los Meyerowitz: La familia no se elige (Historias nuevas y selectas)","11/15/17"
"The Following: La maldición","11/15/17"
"Paranoid: Episodio 8","11/15/17"
"The Following: Azotes y arrepentimiento","11/15/17"
"The Following: Culpa","11/14/17"
"The Following: El amor duele","11/14/17"
"The Following: Hogar dulce hogar","11/13/17"
"SIN BUENAS INTENCIONES","11/12/17"
"Lucifer: Temporada 1: Piloto","11/11/17"
"The Sinner: Temporada 1: Cora: Parte VIII","11/11/17"
"The Sinner: Temporada 1: Cora: Parte VII","11/10/17"
"The Sinner: Temporada 1: Cora: Parte VI","11/10/17"
"The Sinner: Temporada 1: Cora: Parte V","11/10/17"
"The Sinner: Temporada 1: Cora: Parte IV","11/9/17"
"The Following: Déjame ir","11/7/17"
"The Following: La caída","11/7/17"
"The Following: El sitio","11/7/17"
"The Following: El fuego del poeta","11/7/17"
"The Following: Loco amor","11/7/17"
"The Following: Capítulo dos","11/6/17"
"The Following: Piloto","11/6/17"
"Jack Whitehall: Travels with My Father: Temporada 1: Episodio 4","11/5/17"
"Jack Whitehall: Travels with My Father: Temporada 1: Episodio 3","11/5/17"
"Jack Whitehall: Travels with My Father: Temporada 1: Episodio 2","11/5/17"
"Alias Grace: Miniserie: Parte 1","11/4/17"
"Money","11/4/17"
"Jack Whitehall: Travels with My Father: Temporada 1: Episodio 1","11/4/17"
"Contratiempo","11/4/17"
"Loving Ibiza: Series: Episodio 1","11/2/17"
"Bailarina","11/2/17"
"Invadiendo el mundo","11/2/17"
"Zeitgeist Addendum","11/2/17"
"Cuando conocí al Chapo: Las consecuencias","11/2/17"
"Handsome Devil","11/2/17"
"Boys","11/2/17"
"Cuando conocí al Chapo: Cara a cara","11/1/17"
"Paranoid: Episodio 7","11/1/17"
"Marseille: Temporada 1: 20 años","11/1/17"
"Paranoid: Episodio 6","11/1/17"
"Paranoid: Episodio 5","10/31/17"
"Paranoid: Episodio 4","10/31/17"
"Paranoid: Episodio 3","10/29/17"
"Paranoid: Episodio 2","10/29/17"
"Paranoid: Episodio 1","10/29/17"
"Criminal Minds: Temporada 10: Si el zapato te queda","10/29/17"
"Criminal Minds: Temporada 10: Encerrado","10/29/17"
"Criminal Minds: Temporada 10: El picor","10/29/17"
"Criminal Minds: Temporada 10: Mil soles","10/29/17"
"Joan Didion: El centro cede","10/28/17"
"Criminal Minds: Temporada 10: La quemadura","10/28/17"
"Criminal Minds: Temporada 10: X","10/28/17"
"The Good Place: Temporada 2: ¡Todo marcha genial!","10/27/17"
"The Good Place: Temporada 1: La maniobra de Michael","10/27/17"
"The Good Place: Temporada 1: Mindy St. Claire","10/27/17"
"The Good Place: Temporada 1: Cuál es mi motivación","10/27/17"
"The Good Place: Temporada 1: La decisión de Chidi","10/26/17"
"Haters Back Off: Temporada 2: Broadway o perozz","10/26/17"
"Haters Back Off: Temporada 2: Mi parke temático","10/26/17"
"The Good Place: Temporada 1: ...con alguien como yo como miembro","10/26/17"
"The Good Place: Temporada 1: El mayor progreso del año","10/25/17"
"The Good Place: Temporada 1: El chillido eterno","10/25/17"
"The Good Place: Temporada 1: Lo que nos debemos los unos a los otros","10/25/17"
"The Good Place: Temporada 1: Emergencia de crisis apocalíptica categoría 55","10/25/17"
"The Good Place: Temporada 1: Jason Mendoza","10/25/17"
"Haters Back Off: Temporada 2: Hazziendo las noticias","10/25/17"
"Haters Back Off: Temporada 2: Mi primer adioz","10/25/17"
"The Good Place: Temporada 1: Tahani Al-Jamil","10/25/17"
"Wanted: Chelsea y Lola","10/24/17"
"The Good Place: Temporada 1: Volando","10/24/17"
"The Good Place: Temporada 1: Todo está bien","10/24/17"
"Haters Back Off: Temporada 2: Modelooo en el hospital","10/24/17"
"MINDHUNTER: Temporada 1: Episodio 9","10/24/17"
"Haters Back Off: Temporada 2: A exponer al impostr","10/24/17"
"Haters Back Off: Temporada 2: Hora de ser condonsada x el comercial","10/23/17"
"Haters Back Off: Temporada 2: Voy a seeer una leyenda","10/23/17"
"MINDHUNTER: Temporada 1: Episodio 8","10/21/17"
"MINDHUNTER: Temporada 1: Episodio 7","10/21/17"
"Hermosas criaturas","10/21/17"
"MINDHUNTER: Temporada 1: Episodio 10","10/21/17"
"La última canción","10/21/17"
"6 años","10/21/17"
"MINDHUNTER: Temporada 1: Episodio 3","10/20/17"
"MINDHUNTER: Temporada 1: Episodio 6","10/19/17"
"MINDHUNTER: Temporada 1: Episodio 5","10/18/17"
"Patrulla de cachorros: Temporada 1: Una Gatástrofe / Los cachorros salvan el tren","10/18/17"
"Patrulla de cachorros: Temporada 1: Salvemos a las tortugas / Un enorme bebé","10/18/17"
"Patrulla de cachorros: Temporada 1: Un rescate muy mojado / El festival de otoño","10/18/17"
"MINDHUNTER: Temporada 1: Episodio 4","10/16/17"
"MINDHUNTER: Temporada 1: Episodio 2","10/16/17"
"MINDHUNTER: Temporada 1: Episodio 1","10/14/17"
"How to Get Away With Murder: Maldito guacamole","10/13/17"
"How to Get Away With Murder: No somos amigos","10/13/17"
"How to Get Away With Murder: Vamos a llegar a sacar con la pala","10/13/17"
"How to Get Away With Murder: Sonreír o ir a la cárcel","10/13/17"
"How to Get Away With Murder: Es todo culpa de ella","10/13/17"
"Tú, yo y ella: Cigarrillos y aros de cebolla","10/12/17"
"Monsters University","10/10/17"
"Grace and Frankie: Temporada 2: El deseo","10/10/17"
"Mar de plástico: Las primeras 48 horas","10/10/17"
"Billions: Piloto","10/10/17"
"Designated Survivor: Temporada 2: Un año","10/9/17"
"Designated Survivor: Temporada 1: Prepárate para el impacto","10/9/17"
"Designated Survivor: Temporada 1: Bombazo","10/9/17"
"La muerte y la vida de Marsha P. Johnson","10/9/17"
"Designated Survivor: Temporada 1: Alianza improbable","10/8/17"
"Josef Fritzl: Story of a Monster","10/8/17"
"Designated Survivor: Temporada 1: Lázaro","10/8/17"
"Girlboss: Sophia","10/8/17"
"Suburra: Sangre sobre Roma: Temporada 1: Llámalo sueño","10/8/17"
"Suburra: Sangre sobre Roma: Temporada 1: Oscuridad total","10/8/17"
"Suburra: Sangre sobre Roma: Temporada 1: Un hombre nuevo","10/8/17"
"Suburra: Sangre sobre Roma: Temporada 1: Último cliente","10/8/17"
"Suburra: Sangre sobre Roma: Temporada 1: Ajo, aceite y picante","10/8/17"
"Suburra: Sangre sobre Roma: Temporada 1: Loba","10/8/17"
"Suburra: Sangre sobre Roma: Temporada 1: Buen provecho","10/7/17"
"Suburra: Sangre sobre Roma: Temporada 1: Perros rabiosos","10/7/17"
"Suburra: Sangre sobre Roma: Temporada 1: Plebeyos y patricios","10/7/17"
"Suburra: Sangre sobre Roma: Temporada 1: 21 días","10/7/17"
"Designated Survivor: Temporada 1: El noveno juez","10/4/17"
"Designated Survivor: Temporada 1: Política partidaria","10/3/17"
"El Cartel 2: Episodio 50","10/3/17"
"El Cartel 2: Episodio 48","10/3/17"
"El Cartel 2: Episodio 1","10/3/17"
"Designated Survivor: Temporada 1: Cien días","10/2/17"
"Designated Survivor: Temporada 1: Comandante en jefe","10/2/17"
"Designated Survivor: Temporada 1: El contrafuego","10/1/17"
"Bates Motel: Temporada 4: Norman","10/1/17"
"Orange Is the New Black: Temporada 3: ¿Dónde está mi dreidel?","10/1/17"
"Bates Motel: Temporada 4: Para siempre","10/1/17"
"Bates Motel: Temporada 4: Infiel","9/30/17"
"Bates Motel: Temporada 4: No hay lugar como el hogar","9/28/17"
"Bates Motel: Temporada 4: La bóveda","9/27/17"
"Bates Motel: Temporada 4: Refracción","9/27/17"
"Bates Motel: Temporada 4: Luces de invierno","9/27/17"
"Bates Motel: Temporada 4: Hasta que la muerte los separe","9/27/17"
"Bates Motel: Temporada 4: Buenas noches, madre","9/26/17"
"Bates Motel: Temporada 4: Un peligro para sí mismo y para otros","9/26/17"
"Bates Motel: Temporada 3: Inconsciente","9/26/17"
"Bates Motel: Temporada 3: Locura","9/25/17"
"First They Killed My Father","9/24/17"
"Bates Motel: Temporada 3: El hoyo","9/23/17"
"Bates Motel: Temporada 3: La última cena","9/23/17"
"Bates Motel: Temporada 3: Norma Louise","9/23/17"
"Bates Motel: Temporada 3: El trato","9/23/17"
"Bates Motel: Temporada 3: Indestructible","9/23/17"
"Bates Motel: Temporada 3: Persuasión","9/22/17"
"Bates Motel: Temporada 3: El Club Arcanum","9/22/17"
"Bates Motel: Temporada 3: Una muerte en la familia","9/22/17"
"Bates Motel: Temporada 2: La verdad inmutable","9/20/17"
"Bates Motel: Temporada 2: La caja","9/20/17"
"Fabrizio Copano: Solo pienso en mi","9/20/17"
"Bates Motel: Temporada 2: Colapso","9/20/17"
"Bates Motel: Temporada 2: Se supone inocente","9/20/17"
"Bates Motel: Temporada 2: Caída","9/20/17"
"Bates Motel: Temporada 2: Artista del escape","9/19/17"
"Bates Motel: Temporada 2: Partida","9/19/17"
"Bates Motel: Temporada 2: Caleb","9/19/17"
"Bates Motel: Temporada 2: Una sombra de duda","9/18/17"
"Bates Motel: Temporada 2: Muerta pero no olvidada","9/18/17"
"Bates Motel: Medianoche","9/18/17"
"Bates Motel: Bajo el agua","9/18/17"
"Bates Motel: Un muchacho y su perro","9/17/17"
"Bates Motel: El hombre del número 9","9/17/17"
"El payaso del mal","9/16/17"
"Bates Motel: La verdad","9/16/17"
"Bates Motel: Vista al océano","9/16/17"
"Bates Motel: Confía en mí","9/16/17"
"Bates Motel: ¿Cuál es el problema de Norman?","9/15/17"
"Bates Motel: Lindo pueblo elegiste, Norma","9/15/17"
"Bates Motel: Primero sueñas, luego mueres","9/14/17"
"The Fosters: Temporada 3: Ruinas","9/14/17"
"The Walking Dead: Temporada 6: Cuidado","9/13/17"
"The Walking Dead: Temporada 6: Siempre responsable","9/13/17"
" : Episodio 2","9/13/17"
" : Episodio 1","9/13/17"
"La ley de los audaces: Temporada 6: Carácter y aptitud","9/13/17"
"La ley de los audaces: Temporada 6: Quid pro quo","9/13/17"
"La ley de los audaces: Temporada 6: Admisión de culpabilidad","9/13/17"
"La ley de los audaces: Temporada 6: Dientes, nariz, dientes","9/12/17"
"La ley de los audaces: Temporada 6: La pintura","9/12/17"
"La ley de los audaces: Temporada 6: Ella se ha ido","9/11/17"
"La ley de los audaces: Temporada 6: Ciclos","9/11/17"
"La ley de los audaces: Temporada 6: La mano que te da de comer","9/11/17"
"La ley de los audaces: Temporada 6: Tiempo prestado","9/11/17"
"La ley de los audaces: Temporada 6: Agita los árboles","9/11/17"
"La ley de los audaces: Temporada 6: España","9/11/17"
"La ley de los audaces: Temporada 6: Confianza","9/11/17"
"La ley de los audaces: Temporada 6: El trato","9/11/17"
"La ley de los audaces: Temporada 6: De vuelta en el mapa","9/10/17"
"Veronica Guerin","9/10/17"
"Orange Is the New Black: Temporada 3: El miedo y otros olores","9/9/17"
"La ley de los audaces: Temporada 6: Cuentas por pagar","9/9/17"
"La noche del demonio: Capítulo 2","9/9/17"
"La ley de los audaces: Temporada 6: Por los problemas","9/9/17"
"La ley de los audaces: Temporada 5: Las horas que quedan","9/7/17"
"La ley de los audaces: Temporada 5: Tic-toc","9/6/17"
"La ley de los audaces: Temporada 5: Defensa propia","9/6/17"
"La ley de los audaces: Temporada 5: La santa tierra del señor","9/6/17"
"La ley de los audaces: Temporada 5: Vivir para pelear","9/5/17"
"La ley de los audaces: Temporada 5: Percance","9/5/17"
"La ley de los audaces: Temporada 5: Fe","9/5/17"
"La ley de los audaces: Temporada 5: Invitados no deseados","9/2/17"
"Fumados: Parte 1: Cepa Omega","9/2/17"
"La ley de los audaces: Temporada 5: Mea culpa","8/31/17"
"La ley de los audaces: Temporada 5: Pensando en casa","8/31/17"
"War Machine","8/30/17"
"La ley de los audaces: Temporada 5: Confidencialidad","8/30/17"
"La ley de los audaces: Temporada 5: Mano a mano","8/28/17"
"La ley de los audaces: Temporada 5: No puedo hacerlo","8/28/17"
"La ley de los audaces: Temporada 5: No hay vuelta atrás","8/28/17"
"La ley de los audaces: Temporada 5: Compensación","8/27/17"
"Un camino a casa","8/27/17"
"La ley de los audaces: Temporada 5: Negación","8/26/17"
"La ley de los audaces: Temporada 4: No solo una cara bonita","8/25/17"
"La ley de los audaces: Temporada 4: Intento","8/25/17"
"La ley de los audaces: Temporada 4: Descarrilamiento","8/25/17"
"La ley de los audaces: Temporada 4: Punto decisivo","8/24/17"
"La ley de los audaces: Temporada 4: Respeto","8/24/17"
"La ley de los audaces: Temporada 4: Ya es suficiente","8/23/17"
"La ley de los audaces: Temporada 4: Esto es Roma","8/23/17"
"La ley de los audaces: Temporada 4: La despedida","8/23/17"
"La ley de los audaces: Temporada 4: Exposición","8/23/17"
"La ley de los audaces: Temporada 4: Se terminó","8/23/17"
"La ley de los audaces: Temporada 4: Arrasado por Litt","8/23/17"
"La ley de los audaces: Temporada 4: Una libra de carne","8/23/17"
"La ley de los audaces: Temporada 4: Financiación","8/22/17"
"La ley de los audaces: Temporada 4: Ataque letal","8/22/17"
"La increíble Jessica James","8/21/17"
"La ley de los audaces: Temporada 4: Desayuno, como y ceno","8/21/17"
"La ley de los audaces: Temporada 4: Uno, dos, tres, ahora...","8/21/17"
"Nieve Negra","8/20/17"
"La ley de los audaces: Temporada 3: Sin salida","8/19/17"
"La ley de los audaces: Temporada 3: Debes saber cuándo dejarlos","8/19/17"
"La ley de los audaces: Temporada 3: Corazón roto","8/19/17"
"La ley de los audaces: Temporada 3: Cuestión intelectual","8/19/17"
"La ley de los audaces: Temporada 3: El ayer no existe","8/17/17"
"La ley de los audaces: Temporada 3: Secretos ocultos","8/17/17"
"La ley de los audaces: Temporada 3: Quédate","8/15/17"
"La ley de los audaces: Temporada 3: Mala fe","8/15/17"
"La ley de los audaces: Temporada 3: Fin del juego","8/15/17"
"La ley de los audaces: Temporada 3: Ella es mía","8/15/17"
"La ley de los audaces: Temporada 3: La próxima vez","8/15/17"
"La ley de los audaces: Temporada 3: La sombra de la duda","8/14/17"
"La ley de los audaces: Temporada 3: Conflicto de interés","8/14/17"
"Sobreviviendo a Escobar, Alias JJ: Episodio 3","8/13/17"
"Sobreviviendo a Escobar, Alias JJ: Episodio 2","8/13/17"
"Sobreviviendo a Escobar, Alias JJ: Episodio 1","8/13/17"
"Men on a Mission: Lo mejor de 2015-2016: Episodio 1","8/12/17"
"Atypical: Temporada 1: Las propiedades de silenciamiento de la nieve","8/12/17"
"Atypical: Temporada 1: Perdí mi pobre albóndiga","8/12/17"
"La suerte en tus manos","8/12/17"
"El Candidato","8/11/17"
"La ley de los audaces: Temporada 3: Negocios sin concluir","8/9/17"
"La ley de los audaces: Temporada 3: Quiero que me desees","8/9/17"
"La ley de los audaces: Temporada 3: El acuerdo","8/9/17"
"Orange Is the New Black: Temporada 3: Sin palabras","8/9/17"
"Amigos de la universidad: Temporada 1: Segunda boda","8/6/17"
"Amigos de la universidad: Temporada 1: Bus fiestero","8/6/17"
"Amigos de la universidad: Temporada 1: Misión imposible","8/6/17"
"La ley de los audaces: Temporada 2: Guerra","8/3/17"
"La ley de los audaces: Temporada 2: Normandía","8/3/17"
"La ley de los audaces: Temporada 2: Punto ciego","8/3/17"
"La ley de los audaces: Temporada 2: Ha vuelto","8/3/17"
"La ley de los audaces: Temporada 2: Zane contra Zane","8/3/17"
"La ley de los audaces: Temporada 2: Sangre en el agua","8/2/17"
"La ley de los audaces: Temporada 2: Punto crítico","8/2/17"
"La ley de los audaces: Temporada 2: Asterisco","8/1/17"
"La ley de los audaces: Temporada 2: Rebobinar","8/1/17"
"La ley de los audaces: Temporada 2: Ataque sorpresa","8/1/17"
"La ley de los audaces: Temporada 2: Deudas de juego","8/1/17"
"La ley de los audaces: Temporada 2: Punto de quiebra","7/31/17"
"La ley de los audaces: Temporada 2: El descubrimiento","7/31/17"
"La ley de los audaces: Temporada 2: Conoce al jefe nuevo","7/31/17"
"La ley de los audaces: Temporada 2: Ella lo sabe","7/31/17"
"La ley de los audaces: Temporada 2: La decisión","7/31/17"
"La ley de los audaces: Temporada 1: Pelea de perros","7/31/17"
"La ley de los audaces: Temporada 1: Las reglas del juego","7/30/17"
"La ley de los audaces: Temporada 1: Fraudes corporativos","7/30/17"
"La ley de los audaces: Temporada 1: Invicto","7/30/17"
"La ley de los audaces: Temporada 1: Crisis de identidad","7/30/17"
"La ley de los audaces: Temporada 1: Juicio falso","7/30/17"
"La ley de los audaces: Temporada 1: Transacciones ilícitas","7/29/17"
"La ley de los audaces: Temporada 1: Fianza","7/29/17"
"La ley de los audaces: Temporada 1: Secretos sucios","7/29/17"
"La ley de los audaces: Temporada 1: Vía rápida","7/28/17"
"La ley de los audaces: Temporada 1: Errores y omisiones","7/27/17"
"La ley de los audaces: Temporada 1: Piloto (Partes 1 y 2)","7/27/17"
"Amigos de la universidad: Temporada 1: Toda la noche","7/26/17"
"Amigos de la universidad: Temporada 1: Casa de Connecticut","7/26/17"
"Amigos de la universidad: Temporada 1: Bienvenidos a Nueva York","7/26/17"
"Ozark: Temporada 1: Suenan las campanas","7/26/17"
"Ozark: Temporada 1: Café... Negro","7/26/17"
"Orange Is the New Black: Temporada 3: Ching Chong Chang","7/26/17"
"Ozark: Temporada 1: Caleidoscopio","7/26/17"
"Ozark: Temporada 1: Caja nido","7/25/17"
"Orange Is the New Black: Temporada 3: Vender humo","7/24/17"
"Ozark: Temporada 1: El libro de Ruth","7/24/17"
"Ozark: Temporada 1: Días dominantes","7/24/17"
"Ozark: Temporada 1: Esta noche improvisamos","7/24/17"
"Loev","7/23/17"
"Hasta el hueso","7/23/17"
"Simplemente Manu NNa","7/22/17"
"A Cambio de Nada","7/21/17"
"Salam Neighbor","7/21/17"
"Oriented","7/21/17"
"Viva","7/21/17"
"Gypsy: El establo negro","7/20/17"
"Gypsy: Nunca Jamás","7/20/17"
"Gypsy: Marfa","7/20/17"
"Gypsy: Euforia","7/17/17"
"Gypsy: Hotel Vagabond","7/17/17"
"10 días en oro","7/17/17"
"Breaking Bad: Temporada 5: Madrigal","7/16/17"
"Orange Is the New Black: Temporada 2: Relaja tus valores","7/16/17"
"Orange Is the New Black: Temporada 2: Fue el cambio","7/16/17"
"Hurricane Bianca","7/15/17"
"Gypsy: La comunidad","7/15/17"
"Jurassic World: Mundo Jurásico","7/15/17"
"Gypsy: 309","7/14/17"
"Gypsy: A la deriva","7/14/17"
"Orange Is the New Black: Temporada 3: Día de la Madre","7/14/17"
"Orange Is the New Black: Temporada 2: Mier*a bigotuda","7/14/17"
"Orange Is the New Black: Temporada 2: 40 oz de libertad","7/14/17"
"Gypsy: Parada Morgan","7/14/17"
"Orange Is the New Black: Temporada 2: Macetas de buen tamaño","7/14/17"
"Gypsy: La madriguera","7/13/17"
"Orange Is the New Black: Temporada 2: Letra Comic Sans","7/13/17"
"Orange Is the New Black: Temporada 2: Pájaro sediento","7/13/17"
"Orange Is the New Black: Temporada 2: También tienes pizza","7/12/17"
"Orange Is the New Black: Temporada 2: Ciudad de baja autoestima","7/11/17"
"Orange Is the New Black: Temporada 2: Otro rollo en el hoyo","7/11/17"
"Matt Shepard Is a Friend of Mine","7/11/17"
"I Am Michael","7/11/17"
"Castlevania: Temporada 1: Botella de bruja","7/10/17"
"Cuidado con lo que deseas","7/10/17"
"Orange Is the New Black: Temporada 2: Los abrazos pueden engañar","7/9/17"
"Touch: Touch: Season 2: Luchar o escapar","7/9/17"
"Touch: Touch: Season 2: Acusado","7/9/17"
"Orange Is the New Black: Temporada 2: Se ve azul, sabe rojo","7/6/17"
"Touch: Touch: Season 2: Tal para cual","7/5/17"
"El marginal: Temporada 1: Capítulo 2","7/5/17"
"Orange Is the New Black: Temporada 1: La locura no tiene cura","7/5/17"
"Touch: Touch: Season 2: Precisión","7/4/17"
"Touch: Touch: Season 2: Reuniones","7/3/17"
"Touch: Touch: Season 2: Fantasmas","7/3/17"
"Orange Is the New Black: Temporada 1: Me engañaste una vez","7/1/17"
"Orange Is the New Black: Temporada 1: Tipos altos con sentimientos","7/1/17"
"Touch: Touch: Season 2: Roto","7/1/17"
"Touch: Touch: Season 2: Directo a los ojos","7/1/17"
"Touch: Touch: Season 2: Tormenta perfecta","6/30/17"
"Touch: Touch: Season 2: Enemigo de mi enemigo","6/30/17"
"Touch: Touch: Season 2: Más cerca","6/29/17"
"El marginal: Temporada 1: Capítulo 1","6/29/17"
"Touch: Touch: Season 2: Horizonte de sucesos","6/29/17"
"Touch: El camino no elegido","6/29/17"
"Touch: Deriva (Parte 2)","6/27/17"
"Orange Is the New Black: Temporada 1: Bora Bora Bora","6/26/17"
"Orange Is the New Black: Temporada 1: Gracias por nada","6/26/17"
"Lost: Piloto: Parte 1","6/26/17"
"Touch: Deriva (Parte 1)","6/26/17"
"Touch: Teselaciones","6/25/17"
"Orange Is the New Black: Temporada 1: La mula de Moscú","6/25/17"
"Orange Is the New Black: Temporada 1: Malditas rosquillas","6/24/17"
"Orange Is the New Black: Temporada 1: Consejo femenino","6/24/17"
"Orange Is the New Black: Temporada 1: La gallina","6/24/17"
"Orange Is the New Black: Temporada 1: Enemigos imaginarios","6/24/17"
"Touch: Música de las esferas","6/23/17"
"Touch: Hilos de cometa","6/23/17"
"Touch: La seguridad de los números","6/22/17"
"Touch: Zona de exclusión","6/21/17"
"Z Nation: Cachorros y gatitos","6/20/17"
"Zoo: Osos","6/20/17"
"Touch: El aumento de la noósfera","6/20/17"
"Touch: Perdido y encontrado","6/20/17"
"Touch: Enredo","6/20/17"
"Orange Is the New Black: Temporada 1: Pedido lésbico denegado","6/20/17"
"Orange Is the New Black: Temporada 1: Golpe de tetas","6/19/17"
"Orange Is the New Black: Temporada 1: No estaba preparada","6/19/17"
"Touch: 1 + 1 = 3","6/17/17"
"Touch: La leyenda del hilo rojo","6/17/17"
"Zoo: Temporada 2: Clementine","6/15/17"
"Zoo: Temporada 2: Pangea","6/15/17"
"Zoo: Temporada 2: Contingencia","6/15/17"
"Zoo: Temporada 2: Desde Rusia con palomas","6/14/17"
"Zoo: Temporada 2: Pecados de padre","6/12/17"
"Zoo: Temporada 2: Suma cero","6/12/17"
"Zoo: Temporada 2: Sexo, mentiras y medusas","6/12/17"
"Luz de luna","6/10/17"
"Zoo: Temporada 2: La luna y la estrella","6/9/17"
"Zoo: Temporada 2: Los muros de Jericó","6/9/17"
"Zoo: Temporada 2: Punto de colisión","6/9/17"
"Demoníaco","6/8/17"
"Zoo: Temporada 2: Jamie tiene un arma","6/8/17"
"Zoo: Temporada 2: Caraquet","6/7/17"
"Zoo: Temporada 2: El día de la bestia","6/7/17"
"Unbreakable Kimmy Schmidt: Temporada 2: ¡Kimmy conduce un auto!","5/30/17"
"Unbreakable Kimmy Schmidt: Temporada 2: ¡Kimmy se rinde!","5/30/17"
"Unbreakable Kimmy Schmidt: Temporada 2: ¡Kimmy secuestra a Gretchen!","5/29/17"
"Unbreakable Kimmy Schmidt: Temporada 2: ¡Kimmy va al teatro!","5/29/17"
"Unbreakable Kimmy Schmidt: Temporada 2: ¡Kimmy sale a jugar!","5/29/17"
"Mi abuelo es un peligro","5/29/17"
"Pokémon The Series: XY: XY: ¡Los orígenes de la megaevolución!","5/28/17"
"Pokémon The Series: XY: XY: ¡Luchando para llegar al salón de la fama!","5/28/17"
"Pokémon The Series: XY: XY: ¡Una vaga orientación Pokémon!","5/28/17"
"Pokémon The Series: XY: XY: ¡Éxitos del tercer día!","5/28/17"
"Pokémon The Series: XY: XY: ¡Verano de descubrimiento!","5/28/17"
"Twin Peaks: PARTE 1","5/27/17"
"Operación Hierba","5/27/17"
"Inspector Gadget: Gadget 2.0: Parte 1 / Gadget 2.0: Parte 2","5/27/17"
"Regresión","5/27/17"
"Helix: Temporada 2: Polinización cruzada","5/25/17"
"Helix: Temporada 2: Malus domestica","5/25/17"
"Helix: Temporada 2: Oubliette","5/25/17"
"Helix: Temporada 2: Densho","5/25/17"
"La Última Fiesta","5/25/17"
"Bellas De Noche","5/25/17"
"Helix: Temporada 2: Vástago","5/23/17"
"Helix: Temporada 2: Reencuentro","5/23/17"
"Helix: Temporada 2: San José","5/23/17"
"Helix: Dans L'Ombre","5/23/17"
"Helix: La cosecha","5/23/17"
"Helix: Lluvia negra","5/23/17"
"Helix: Fushigi","5/22/17"
"Helix: Nivel X","5/22/17"
"Helix: Estirpe","5/21/17"
"Río místico","5/21/17"
"Helix: Sobreviviente cero","5/21/17"
"Cambio de hábito","5/21/17"
"Helix: Aniqatiga","5/21/17"
"Helix: La habitación blanca","5/20/17"
"Helix: Cepa única","5/20/17"
"Helix: 274","5/20/17"
"Helix: Vector","5/20/17"
"Helix: Piloto","5/19/17"
"Un monstruo viene a verme","5/18/17"
"People You May Know","5/17/17"
"Sense8: Temporada 2: ¿Quieres guerra?","5/17/17"
"Amazonas Clandestino: Los tentáculos del narcotráfico","5/17/17"
"Sense8: Temporada 2: Si el mundo es un escenario, la identidad no es más que un disfraz","5/16/17"
"Sense8: Temporada 2: El verdadero significado de la familia","5/16/17"
"Sense8: Temporada 2: Lo único que quiero es una bala más","5/16/17"
"Sense8: Temporada 2: No hay lugar para el odio en mi corazón","5/15/17"
"Sense8: Temporada 2: Aislados por arriba, conectados por abajo","5/15/17"
"Sense8: Temporada 2: El miedo nunca resolvió nada","5/15/17"
"Sense8: Temporada 2: Polifonía","5/14/17"
"Sense8: Temporada 2: Mutualismos obligados","5/14/17"
"Amazonas Clandestino: El valle de la cocaína","5/14/17"
"Zenne Dancer","5/13/17"
"RuPaul's Drag Race: Temporada 2: Reunión","5/13/17"
"RuPaul's Drag Race: Temporada 2: Las tres finalistas","5/13/17"
"RuPaul's Drag Race: Temporada 2: Lo mejor, lo peor y lo nunca visto","5/13/17"
"RuPaul's Drag Race: Temporada 2: Los premios diva","5/13/17"
"RuPaul's Drag Race: Temporada 2: Chicas de 50","5/13/17"
"Secuestro","5/13/17"
"Marco Polo: Temporada 1: El viajero","5/12/17"
"Sense8: Temporada 2: Feliz Año Nuevo de m**rda","5/10/17"
"El abogado del mal","5/7/17"
"El último camino","5/6/17"
"Inhumano: La leyenda renace","4/23/17"
"13 Reasons Why: Más allá de las razones","4/23/17"
"Cyber Seduction: His Secret Life","4/17/17"
"Yu-Gi-Oh! Zexal: Siente la energía (Parte 1)","4/16/17"
"Yu-Gi-Oh!: Lo intimidó y lo venció","4/16/17"
"Cuatro estaciones en la Habana: Vientos de Cuaresma","4/16/17"
"Los chicos sin destino: Temporada 2: Episodio 1","4/16/17"
"Slam - Todo por una chica","4/15/17"
"RuPaul's Drag Race: Temporada 2: Érase una vez una reina...","4/15/17"
"Sandy Wexler","4/15/17"
"Chewing Gum: Temporada 2: La edad es solo un número","4/14/17"
"Chewing Gum: Temporada 2: El viaje","4/14/17"
"Chewing Gum: Temporada 2: Orlando","4/14/17"
"Chewing Gum: Temporada 2: Necesito compañía","4/9/17"
"Emelie","4/9/17"
"3096 días","4/9/17"
"El gran pequeño","4/9/17"
"Todo o nada","4/8/17"
" : Episodio 8","4/7/17"
" : Episodio 7","4/7/17"
" : Episodio 6","4/7/17"
" : Episodio 5","4/6/17"
" : Episodio 4","4/6/17"
" : Episodio 3","4/6/17"
" : Episodio 2","4/6/17"
" : Episodio 1","4/6/17"
"Designated Survivor: Temporada 1: El fin del comienzo","4/6/17"
"Designated Survivor: Temporada 1: Guerreros","4/6/17"
"Chewing Gum: Temporada 2: Reemplazos","4/4/17"
"Chewing Gum: Temporada 2: ¿Qué mierda pasó?","4/4/17"
"Slugterra: Temporada 2: El legado","4/2/17"
"Slugterra: Temporada 2: La danza de la nieve","4/2/17"
"Slugterra: Temporada 2: El chico nuevo (Parte 2)","4/2/17"
"Slugterra: Temporada 2: El chico nuevo (Parte 1)","4/2/17"
"Slugterra: Descanso tenebroso","4/2/17"
"Slugterra: Aguas turbulentas","4/2/17"
"Slugterra: Especies en peligro de extinción","4/2/17"
"Slugterra: Mario Bravado","4/2/17"
"Slugterra: Sombras y luz","4/2/17"
"Slugterra: La caverna nefasta","4/2/17"
"Slugterra: Motín de mechas","4/2/17"
"Slugterra: Carrera de babosas","4/2/17"
"Slugterra: El club de las babosas","4/2/17"
"Slugterra: El duelo","4/2/17"
"Slugterra: El intercambio","4/2/17"
"Slugterra: El mundo bajo nuestros pies, parte 2","4/2/17"
"Slugterra: El mundo bajo nuestros pies, parte 1","4/2/17"
"The Get Down: Parte 1: Donde hay ruina, hay esperanza para un tesoro","4/2/17"
"Sonic Boom: Haciéndote sentir culpable","3/30/17"
"Sonic Boom: Los clones de Eggman","3/30/17"
"Sonic Boom: Buster","3/30/17"
"Sonic y su banda: To Catch a Queen","3/30/17"
"Sonic the Hedgehog: la serie completa: Sonic Racer","3/30/17"
"Bloodline: Temporada 1: Parte 4","3/30/17"
"Bloodline: Temporada 1: Parte 3","3/30/17"
"Bloodline: Temporada 1: Parte 2","3/30/17"
"Bloodline: Temporada 1: Parte 1","3/29/17"
"Please Like Me: Temporada 3: Agua mineral","3/29/17"
"Love: Temporada 2: El regreso","3/29/17"
"Luz nocturna","3/29/17"
"Love: Temporada 2: Larga distancia","3/29/17"
"Love: Temporada 2: Abajo la libertad","3/29/17"
"Love: Temporada 2: Cuidadores","3/29/17"
"Love: Temporada 2: Marty Dobbs","3/29/17"
"Love: Temporada 2: La fiesta del trabajo","3/29/17"
"Love: Temporada 2: Hiato forzado","3/29/17"
"RuPaul's Drag Race: Temporada 2: Rockeras","3/29/17"
"RuPaul's Drag Race: Temporada 2: Aquí viene la novia","3/29/17"
"Love: Temporada 2: Un día","3/29/17"
"Love: Temporada 2: Hongos","3/29/17"
"Love: Temporada 2: Mientras dormías","3/29/17"
"Love: Temporada 2: Noche de amigos","3/29/17"
"Love: Temporada 2: Sin salida","3/29/17"
"RuPaul's Drag Race: Temporada 2: El juego de las imitaciones","3/28/17"
"RuPaul's Drag Race: Temporada 2: Reinas country","3/27/17"
"RuPaul's Drag Race: Temporada 2: Starrbootylicious","3/26/17"
"RuPaul's Drag Race: Temporada 2: Lo que la ventana se llevó","3/26/17"
"Mi mejor amigo es gay","3/25/17"
"El encierro","3/24/17"
"Ya te extraño","3/24/17"
"King Cobra","3/23/17"
"Zoo: La gran montaña de esperanza","3/23/17"
"Miles del mañana: Mama Merc / Space Race","3/23/17"
"Miles del mañana: On Spaceguard / Spaceship Invader","3/23/17"
"Miles del mañana: To the Goldilocks Zone / Hiccup in the Plan","3/23/17"
"Zoo: Cosas salvajes","3/20/17"
"Zoo: Come, dispara y se va","3/20/17"
"Zoo: Contagio emocional","3/20/17"
"Zoo: Murmullos en el cielo","3/20/17"
"Zoo: La supervivencia del más apto","3/20/17"
"Miles del mañana: Happy Captain's Day / Planet of the Plants","3/19/17"
"Samurai Gourmet: Cerveza al mediodía en un restaurante","3/19/17"
"Miles del mañana: Downsized / Ride of the Quarkons","3/19/17"
"Miles del mañana: Who Stole the Stellosphere? / Rock N' Roll","3/19/17"
"Mi primer amor","3/18/17"
"Zoo: Así es como se escucha","3/18/17"
"Zoo: Culpen a Leo","3/15/17"
"Zoo: Mentalidad de manada","3/14/17"
"Zoo: El silencio de las cigarras","3/13/17"
"Zoo: Pelear o huir","3/13/17"
"La niña: Episodio 86","3/6/17"
"La niña: Episodio 85","3/6/17"
"La niña: Episodio 84","3/6/17"
"La niña: Episodio 83","3/6/17"
"La niña: Episodio 82","3/5/17"
"La niña: Episodio 81","3/5/17"
"La niña: Episodio 80","3/5/17"
"La niña: Episodio 79","3/5/17"
"La niña: Episodio 78","3/4/17"
"La niña: Episodio 77","3/4/17"
"La niña: Episodio 76","3/4/17"
"La niña: Episodio 75","3/4/17"
"La niña: Episodio 74","3/3/17"
"La niña: Episodio 73","3/3/17"
"La niña: Episodio 72","3/1/17"
"La niña: Episodio 71","3/1/17"
"La niña: Episodio 70","3/1/17"
"Zoo: Sangre nueva","2/28/17"
"Fabulosas Flores: Apuesta Son Apuestas","2/28/17"
"Fabulosas Flores: Una Carrera Contra El Tiempo","2/28/17"
"That '70s Show: La batalla de los sexistas","2/28/17"
"Predestinación","2/28/17"
"Sueños imperiales","2/28/17"
"That '70s Show: Piloto","2/28/17"
"El gran casamiento","2/28/17"
"Fabulosas Flores: La Verdad Os Hará Libres","2/28/17"
"That '70s Show: El cumpleaños de Eric","2/28/17"
"El médico","2/28/17"
"El sobreviviente","2/28/17"
"Between: Se acabó la escuela","2/28/17"
"La niña: Episodio 69","2/28/17"
"La niña: Episodio 68","2/28/17"
"La niña: Episodio 67","2/28/17"
"iBOY","2/27/17"
"El médico africano","2/27/17"
"Abstract: The Art of Design: Temporada 1: Tinker Hatfield: Diseño de calzado","2/27/17"
"Abstract: The Art of Design: Temporada 1: Christoph Niemann: Ilustración","2/27/17"
"Orphan Black: Hermosas formas infinitas","2/27/17"
"Orphan Black: Selección inconsciente","2/27/17"
"Orphan Black: Red de la vida","2/26/17"
"Orphan Black: Partes desarrolladas de manera inusual","2/26/17"
"La niña: Episodio 66","2/26/17"
"La niña: Episodio 65","2/26/17"
"La niña: Episodio 64","2/26/17"
"La niña: Episodio 63","2/26/17"
"Holding the Man","2/25/17"
"Trevor Noah: Afraid of the Dark","2/23/17"
"Santa Clarita Diet: Temporada 1: Baka, bilis y bates de béisbol","2/22/17"
"Santa Clarita Diet: Temporada 1: ¡El libro!","2/22/17"
"Santa Clarita Diet: Temporada 1: ¿Cuánto vómito?","2/22/17"
"Orphan Black: Variaciones por domesticación","2/21/17"
"Santa Clarita Diet: Temporada 1: ¿Extraños o desconsiderados?","2/20/17"
"Santa Clarita Diet: Temporada 1: “Cuidamos los detalles”","2/20/17"
"Santa Clarita Diet: Temporada 1: Hombre come hombre","2/20/17"
"Orphan Black: Condiciones para la existencia","2/19/17"
"Miles del mañana: Catch That Iota! / Mighty Merc","2/19/17"
"Miles del mañana: Game On / How I Saved My Summer Vacation","2/19/17"
"Miles del mañana: Ocean in Motion / Explorer Exchange","2/19/17"
"Miles del mañana: Journey to the Frozen Planet / Attack of the Flickorax","2/19/17"
"Miles del mañana: Runaway Shuttle / Surfin' the Whirlpool","2/19/17"
"La niña: Episodio 62","2/19/17"
"La niña: Episodio 61","2/19/17"
"La niña: Episodio 60","2/19/17"
"Orphan Black: Efectos de condiciones externas","2/19/17"
"Santa Clarita Diet: Temporada 1: El turista sexual pedorro","2/19/17"
"Las aventuras del Gato con Botas: Oculto","2/18/17"
"Transformers: Rescue Bots: Temporada 3: La tierra antes de Prime","2/18/17"
"Ultimate Spider-Man: Un gran poder","2/18/17"
"Orphan Black: Variación por naturaleza","2/17/17"
"Orphan Black: Instinto","2/17/17"
"Orphan Black: Selección natural","2/17/17"
"Velvet: La costurera","2/17/17"
"Velvet: Alas de mariposa","2/17/17"
"Santa Clarita Diet: Temporada 1: Podemos matar gente","2/17/17"
"Santa Clarita Diet: Temporada 1: No podemos matar gente","2/17/17"
"The Fosters: Temporada 2: El fin del principio","2/14/17"
"The Fosters: Temporada 2: No ese tipo de chica","2/14/17"
"The Fosters: Temporada 2: Justifica los medios","2/13/17"
"The Fosters: Temporada 2: Escucha esto","2/13/17"
"The Fosters: Temporada 2: Lo que ella calla","2/13/17"
"Sonic the Hedgehog: la serie completa: Super Sonic","2/12/17"
"Sonic the Hedgehog: la serie completa: Sonic and the Secret Scrolls","2/12/17"
"Sonic the Hedgehog: la serie completa: Ultra Sonic","2/12/17"
"La niña: Episodio 59","2/12/17"
"Sonic the Hedgehog: la serie completa: Sonic and Sally","2/12/17"
"Sonic the Hedgehog: la serie completa: Sonic Boom","2/12/17"
"Sonic y su banda: Wedding Bell Blues","2/12/17"
"Sonic y su banda: Harmony of Something","2/12/17"
"The Fosters: Temporada 2: Si tan solo supieras","2/12/17"
"Verdad o consecuencia","2/11/17"
"The Fosters: Temporada 2: Luz del día","2/11/17"
"The Fosters: Temporada 2: Madre Naturaleza","2/11/17"
"The Fosters: Temporada 2: Quédate","2/11/17"
"The Fosters: Temporada 2: Sobre/bajo","2/10/17"
"The Fosters: Temporada 2: La Navidad pasada","2/10/17"
"The Fosters: Temporada 2: La hermana pequeña de alguien","2/10/17"
"The Fosters: Temporada 2: Llaves chorreantes","2/8/17"
"The Fosters: Temporada 2: Las chicas reunidas","2/8/17"
"The Walking Dead: Temporada 5: Conquista","2/4/17"
"Quantico: Corre","2/4/17"
"Masha y el oso: Temporada 1: Primer encuentro / ¡Se prohíbe despertar hasta la primavera! / Navidad iluminada","2/4/17"
"Embarazados","2/4/17"
"Todos se van","2/4/17"
"4th Man Out","2/3/17"
"The Fosters: Temporada 2: El día más largo","2/3/17"
"The Fosters: Temporada 2: Madre","2/3/17"
"The Fosters: Temporada 2: A decir verdad","2/2/17"
"The Fosters: Temporada 2: Di algo","2/1/17"
"The Fosters: Temporada 2: Juego","2/1/17"
"The Fosters: Temporada 2: Sácame de aquí","2/1/17"
"The Fosters: Temporada 2: Cosas desconocidas","2/1/17"
"The Fosters: Día de adopciones","2/1/17"
"The Fosters: Metrópolis","2/1/17"
"The Fosters: No te sueltes","2/1/17"
"The Fosters: Escapes y retornos","1/31/17"
"The Fosters: Los chicos del salón","1/31/17"
"The Fosters: Nosotros contra el mundo","1/30/17"
"The Fosters: Padre","1/30/17"
"The Fosters: Día de la familia","1/30/17"
"The Fosters: Lo no dicho","1/30/17"
"The Fosters: Casa y hogar","1/30/17"
"The Fosters: La luna de miel","1/30/17"
"The Fosters: Acepto","1/30/17"
"The Fosters: Vigilancia","1/30/17"
"The Fosters: Limpia","1/30/17"
"The Fosters: Las consecuencias","1/30/17"
"Sonic y su banda: Getting to Know You","1/29/17"
"Sonic y su banda: Beginnings","1/29/17"
"Sonic Boom: Puertas cerradas","1/29/17"
"Sonic Boom: El circo","1/29/17"
"The Fosters: Sábado","1/29/17"
"Sonic Boom: Mi bella Sticksy","1/29/17"
"The Fosters: A la mañana siguiente","1/29/17"
"The Fosters: Quinceañera","1/29/17"
"The Fosters: Acciones hostiles","1/29/17"
"Sonic Boom: Mi compañero de cuarto es un genio malvado","1/29/17"
"Sonic Boom: El compañero","1/29/17"
"The Fosters: Por consiguiente","1/29/17"
"The Fosters: Piloto","1/29/17"
"Resident Evil 4: La resurrección","1/28/17"
"Colony: Día cero","1/28/17"
"La niña: Episodio 58","1/28/17"
"Colony: Venido del frío","1/28/17"
"La niña: Episodio 57","1/28/17"
"Colony: Broussard","1/28/17"
"Colony: Yoknapatawpha","1/27/17"
"Sense8: Temporada 1: ¿Qué es ser humano?","1/27/17"
"Toma la 10","1/27/17"
"Tornado","1/27/17"
"Colony: Gerónimo","1/26/17"
"Colony: Punto ciego","1/25/17"
"Colony: 98 segundos","1/25/17"
"Colony: Valiente nuevo mundo","1/25/17"
"Colony: Piloto","1/25/17"
"The Americans: El contacto","1/24/17"
"The Americans: El control","1/24/17"
"The Americans: Gregory","1/24/17"
"The Americans: El reloj","1/24/17"
"The Americans: Piloto","1/23/17"
"Pokémon The Series: XY: XY: ¡Forjando amistades en el bosque!","1/22/17"
"DC's Legends of Tomorrow: Piloto (Parte 2)","1/22/17"
"The Walking Dead: Temporada 5: Intentar","1/22/17"
"DC's Legends of Tomorrow: Piloto (Parte 1)","1/22/17"
"The Walking Dead: Temporada 5: Gastar","1/22/17"
"Pokémon The Series: XY: XY: ¡La cueva de los espejos!","1/22/17"
"Pokémon The Series: XY: XY: ¡Batallas en el cielo!","1/22/17"
"Pokémon The Series: XY: XY: ¡El campeón del bosque!","1/22/17"
"Pokémon The Series: XY: XY: ¡Los vínculos de la megaevolución!","1/22/17"
"The Walking Dead: Temporada 5: Olvida","1/22/17"
"Pokémon The Series: XY: XY: ¡Llamando más allá del aura!","1/22/17"
"Pokémon The Series: XY: XY: ¡La tormenta de aura!","1/22/17"
"Homeland: Temporada 2: Corazones destrozados","1/22/17"
"Homeland: Temporada 2: Dos sombreros","1/22/17"
"Homeland: Temporada 2: Me iré volando","1/22/17"
"The Walking Dead: Temporada 5: Recuerda","1/22/17"
"The Walking Dead: Temporada 5: La distancia","1/21/17"
"The Walking Dead: Temporada 5: Ellos","1/21/17"
"Homeland: Temporada 2: La limpieza","1/21/17"
"Robotech: Cuenta regresiva","1/21/17"
"Robotech: El señuelo","1/21/17"
"Homeland: Temporada 2: El discurso de Gettysburg","1/20/17"
"Homeland: Temporada 2: Preguntas y respuestas","1/19/17"
"Homeland: Temporada 2: Olor a auto nuevo","1/19/17"
"Homeland: Temporada 2: Estado de independencia","1/19/17"
"Homeland: Temporada 2: De vuelta en Beirut","1/19/17"
"Homeland: Temporada 2: La sonrisa","1/19/17"
"Homeland: Temporada 1: Marine","1/19/17"
"Homeland: Temporada 1: El chaleco","1/18/17"
"Homeland: Temporada 1: Diputado Brody","1/18/17"
"Sense8: Temporada 1: La muerte no te permite despedirte","1/18/17"
"Homeland: Temporada 1: Fuego cruzado","1/18/17"
"The Walking Dead: Temporada 5: Lo que pasó y lo que está pasando","1/17/17"
"The Walking Dead: Temporada 5: Coda","1/17/17"
"The Walking Dead: Temporada 5: Cruzado","1/17/17"
"The Walking Dead: Temporada 5: Consumido","1/17/17"
"Homeland: Temporada 1: Talón de Aquiles","1/17/17"
"Homeland: Temporada 1: El fin de semana","1/17/17"
"Homeland: Temporada 1: El buen soldado","1/17/17"
"Homeland: Temporada 1: Punto ciego","1/17/17"
"Homeland: Temporada 1: Individualismo","1/17/17"
"Homeland: Temporada 1: Sin antecedentes","1/17/17"
"Homeland: Temporada 1: Bendición","1/17/17"
"The Walking Dead: Temporada 5: Autoayuda","1/16/17"
"El tirador: Punto de impacto","1/16/17"
"Pokémon The Series: XY: XY: ¡La cueva de los desafíos!","1/15/17"
"The Walking Dead: Temporada 5: Slabtown","1/15/17"
"Homeland: Temporada 1: Piloto","1/15/17"
"Una serie de eventos desafortunados: Temporada 1: Un mal principio: Parte 1","1/14/17"
"Rita: Temporada 3: La prueba","1/14/17"
"Rita: Temporada 3: La lideresa","1/14/17"
"The Walking Dead: Temporada 5: Cuatro paredes y un techo","1/14/17"
"Rita: Temporada 3: Caída libre","1/14/17"
"The Walking Dead: Temporada 4: A","1/13/17"
"The Walking Dead: Temporada 4: Nosotros","1/13/17"
"The Walking Dead: Temporada 4: La arboleda","1/13/17"
"Rita: Temporada 3: Piojos","1/13/17"
"Rita: Temporada 3: Clases extraescolares","1/13/17"
"Rita: Temporada 3: El niño apadrinado","1/13/17"
"Rita: Temporada 3: El sótano","1/13/17"
"Rita: Temporada 3: El candidato","1/13/17"
"Rita: Temporada 2: Mala hierba","1/13/17"
"Población cero","1/13/17"
"Navy SEALs: The Battle for New Orleans","1/13/17"
"Rita: Temporada 2: El modelo de conducta","1/13/17"
"Resident Evil: Infierno","1/12/17"
"Yu-Gi-Oh! Bonds Beyond Time","1/12/17"
"Rita: Temporada 2: Primer amor","1/12/17"
"Rita: Temporada 2: Te amo","1/12/17"
"La niña: Episodio 56","1/12/17"
"La niña: Episodio 55","1/12/17"
"Rita: Temporada 2: Jugadora de equipo","1/11/17"
"The Walking Dead: Temporada 4: Solo","1/11/17"
"The Walking Dead: Temporada 4: Aún","1/11/17"
"The Walking Dead: Temporada 4: Reclamado","1/11/17"
"The Walking Dead: Temporada 4: Reclusos","1/11/17"
"Rita: Temporada 2: Papá, mamá y bebé","1/11/17"
"Rita: Temporada 2: El jardín","1/11/17"
"Rita: Temporada 2: La adulta","1/11/17"
"Rita: Temporada 1: La madre","1/10/17"
"One Day at a Time: Temporada 1: No hay más","1/10/17"
"Rita: Temporada 1: La princesa","1/10/17"
"Rita: Temporada 1: La hipócrita","1/10/17"
"Rita: Temporada 1: La protectora","1/9/17"
"Rita: Temporada 1: La perra","1/9/17"
"Rita: Temporada 1: La anarquista","1/9/17"
"Rita: Temporada 1: La profesora","1/9/17"
"Rita: Temporada 1: La idealista","1/9/17"
"Viajeros: Temporada 1: Piloto","1/8/17"
"Misión monedas","1/8/17"
"Moving Art: Océanos","1/8/17"
"Presagio","1/7/17"
"7:19","1/7/17"
"Sense8: Temporada 1: No puedo dejarla","1/7/17"
"Sense8: Temporada 1: Da la vuelta y cambia el futuro","1/6/17"
"El Imperio romano: Cómodo: Imperio de sangre: Nacidos en la púrpura","1/6/17"
"Manos de piedra","1/6/17"
"La niña: Episodio 54","1/6/17"
"Jen Kirkman: Just Keep Livin’?","1/6/17"
"Club de Cuervos: Temporada 1: Nuestro Guggenheim","1/4/17"
"Club de Cuervos: Temporada 1: Afortunado en jugar","1/4/17"
"Star Wars: La venganza de los Sith","1/3/17"
"Club de Cuervos: Temporada 1: Barreras para salir","1/3/17"
"Club de Cuervos: Temporada 1: Bofetada","1/3/17"
"Club de Cuervos: Temporada 1: Respuesta uniforme","1/3/17"
"Club de Cuervos: Temporada 1: Hacemos jabón","1/3/17"
"Club de Cuervos: Temporada 1: Sé un capitán","1/3/17"
"24: 12:00 a. m.-1:00 a. m.","1/3/17"
"Star Wars: El ataque de los clones","1/2/17"
"Dirk Gently's Holistic Detective Agency: Temporada 1: Muy erectus","1/2/17"
"Dirk Gently's Holistic Detective Agency: Temporada 1: Watkin","1/2/17"
"Dirk Gently's Holistic Detective Agency: Temporada 1: Amantes de paredes","1/2/17"
"Dirk Gently's Holistic Detective Agency: Temporada 1: Objetos perdidos","1/2/17"
"Dirk Gently's Holistic Detective Agency: Temporada 1: Horizontes","1/2/17"
"Siguiendo a Cameron: Colisión de Cam","1/1/17"
"Pokémon The Series: XY: XY: ¡Megarrevelaciones!","1/1/17"
"Pokémon The Series: XY: XY: ¡Héroes, amigos y enemigos por igual!","1/1/17"
"Siguiendo a Cameron: Tiranía de lo urgente","1/1/17"
"Pokémon The Series: XY: XY: ¡Los vínculos de la evolución!","1/1/17"
"Siguiendo a Cameron: Con un tuit","1/1/17"
"Pokémon The Series: XY: XY: ¡Buscando una flor de hada!","1/1/17"
"Designated Survivor: Temporada 1: El juramento","1/1/17"
"Pokémon The Series: XY: XY: ¡Una batalla con cualquier otro nombre!","1/1/17"
"Pokémon The Series: XY: XY: ¡Escalando los muros!","1/1/17"
"Designated Survivor: Temporada 1: El plan","1/1/17"
"Pokémon The Series: XY: XY: ¡De vuelta al frío!","1/1/17"
"Los niños están bien","1/1/17"
"El triunfo del espíritu","1/1/17"
"El hombre que conocía el infinito","1/1/17"
"Designated Survivor: Temporada 1: Los resultados","1/1/17"
"Pokémon The Series: XY: XY: ¡En busca del oro!","1/1/17"
"Designated Survivor: Temporada 1: El traidor","12/31/16"
"Designated Survivor: Temporada 1: El interrogatorio","12/31/16"
"Designated Survivor: Temporada 1: La misión","12/31/16"
"Designated Survivor: Temporada 1: El enemigo","12/31/16"
"Designated Survivor: Temporada 1: La confesión","12/31/16"
"Designated Survivor: Temporada 1: El primer día","12/31/16"
"Designated Survivor: Temporada 1: Piloto","12/31/16"
"The Walking Dead: Temporada 4: Después","12/29/16"
"Star Wars: La amenaza fantasma","12/28/16"
"Star Wars: El regreso del Jedi","12/27/16"
"Please Like Me: Temporada 3: Croquembouche","12/27/16"
"Please Like Me: Temporada 3: Hidratos de carbono","12/27/16"
"Star Wars: El Imperio contraataca","12/25/16"
"¡Uuups! El arca nos dejó...","12/25/16"
"Spectral","12/25/16"
"The Walking Dead: Temporada 4: Reclusión","12/24/16"
"The Walking Dead: Temporada 4: Indiferencia","12/24/16"
"La niña: Episodio 53","12/23/16"
"La niña: Episodio 52","12/23/16"
"Sense8: Temporada 1: Al final todos seremos juzgados por el valor de nuestros corazones","12/20/16"
"The Walking Dead: Temporada 4: Aislamiento","12/20/16"
"Los Simuladores: Capítulo 11","12/20/16"
"The Walking Dead: Temporada 4: Infectados","12/20/16"
"The Walking Dead: Temporada 4: 30 días sin accidentes","12/19/16"
"The Walking Dead: Temporada 3: Bienvenidos a las tumbas","12/19/16"
"The Walking Dead: Temporada 3: Esta triste vida","12/19/16"
"La niña: Episodio 51","12/18/16"
"The Walking Dead: Temporada 3: Presa","12/18/16"
"Pokémon The Series: XY: XY: ¡Una pokevisión de las cosas por venir!","12/18/16"
"Pokémon The Series: XY: XY: ¡Desafiando a la nobleza del bastión!","12/18/16"
"The Walking Dead: Temporada 3: La flecha en el marco de la puerta","12/18/16"
"The Walking Dead: Temporada 3: Limpio","12/18/16"
"Sense8: Temporada 1: ¿QHSD?","12/18/16"
"The Walking Dead: Temporada 3: Hogar","12/18/16"
"The Walking Dead: Temporada 3: El rey suicida","12/18/16"
"La niña: Episodio 50","12/17/16"
"La niña: Episodio 49","12/17/16"
"La niña: Episodio 48","12/17/16"
"La niña: Episodio 47","12/17/16"
"La niña: Episodio 46","12/17/16"
"Please Like Me: Temporada 3: Berenjena","12/17/16"
"Please Like Me: Temporada 2: Margherita","12/17/16"
"Please Like Me: Temporada 2: Latte descremado","12/17/16"
"Please Like Me: Temporada 2: Macarrones con queso trufados","12/17/16"
"The Walking Dead: Temporada 3: Creados para sufrir","12/16/16"
"The Walking Dead: Temporada 3: Cuando los muertos vienen tocando","12/15/16"
"Please Like Me: Temporada 2: Granola","12/15/16"
"Please Like Me: Temporada 2: Lapin A La Cocotte","12/15/16"
"The Walking Dead: Temporada 3: Perseguido","12/15/16"
"Please Like Me: Temporada 2: Salchicha crujiente","12/15/16"
"The Walking Dead: Temporada 3: Da la orden","12/15/16"
"Please Like Me: Temporada 2: Gang Keow Wan","12/15/16"
"Please Like Me: Temporada 2: Parmigiana","12/15/16"
"Please Like Me: Temporada 2: Jamón","12/15/16"
"Please Like Me: Temporada 3: Bizcocho de Navidad","12/15/16"
"Please Like Me: Temporada 3: Champán","12/15/16"
"Please Like Me: Temporada 3: Amoxicilina","12/15/16"
"Please Like Me: Temporada 3: Pizza de hojaldre","12/15/16"
"The Walking Dead: Temporada 3: Asesino interior","12/15/16"
"Please Like Me: Temporada 3: Tortitas con caras","12/15/16"
"Please Like Me: Temporada 3: Coq au vin","12/15/16"
"The Walking Dead: Temporada 3: Camina conmigo","12/14/16"
"The Walking Dead: Temporada 3: Enfermo","12/13/16"
"The Walking Dead: Temporada 3: Semilla","12/13/16"
"Sense8: Temporada 1: El arte es como la religión","12/13/16"
"Sense8: Temporada 1: What’s Going On?","12/13/16"
"Sense8: Temporada 1: Los que saben le apuestan a la perra flaca","12/12/16"
"Sense8: Temporada 1: Estamos unidos","12/11/16"
"Sense8: Temporada 1: Resonancia límbica","12/11/16"
"Please Like Me: Temporada 2: Leche","12/10/16"
"Please Like Me: Sándwiches terribles","12/10/16"
"Please Like Me: Huevos españoles","12/10/16"
"Please Like Me: Todo lo que puedas comer","12/10/16"
"Please Like Me: Tartas portuguesas de crema","12/10/16"
"Please Like Me: Pan francés","12/10/16"
"Please Like Me: Ruibarbo y natilla","12/10/16"
"La niña: Episodio 45","12/9/16"
"La niña: Episodio 44","12/8/16"
"La niña: Episodio 43","12/8/16"
"La niña: Episodio 42","12/8/16"
"La niña: Episodio 41","12/7/16"
"La niña: Episodio 40","12/7/16"
"The Walking Dead: Temporada 2: Junto al fuego que se extingue","12/6/16"
"La última ola","12/6/16"
"The Walking Dead: Temporada 2: Los mejores ángeles","12/5/16"
"The Walking Dead: Temporada 2: Juez, jurado y verdugo","12/5/16"
"The Walking Dead: Temporada 2: A 30 kilómetros","12/5/16"
"The Walking Dead: Temporada 2: Dedo en gatillo","12/5/16"
"The Walking Dead: Temporada 2: Nebraska","12/5/16"
"Pokémon The Series: XY: XY: ¡Una conspiración para conquistar!","12/4/16"
"Pokémon The Series: XY: XY: ¡Despertando al gigante dormilón!","12/4/16"
"Pokémon The Series: XY: XY: ¡Una ráfaga de sabiduría ninja!","12/4/16"
"Pokémon The Series: XY: XY: ¡Un electrizante intercambio!","12/4/16"
"Pokémon The Series: XY: XY: ¡El antojo de la batalla!","12/4/16"
"Pokémon The Series: XY: XY: ¡Buscando refugio de la tormenta!","12/4/16"
"Pokémon The Series: XY: XY: ¡Caos en el jardín de niños!","12/4/16"
"Pokémon The Series: XY: XY: ¡Atrapa al contrabandista Pokémon!","12/4/16"
"Pokémon The Series: XY: XY: ¡Perdido en el bosque de bambú!","12/4/16"
"The Walking Dead: Temporada 2: Prácticamente muertos","12/3/16"
"The Walking Dead: Temporada 2: Secretos","12/3/16"
"La niña: Episodio 39","12/3/16"
"La niña: Episodio 38","12/3/16"
"La niña: Episodio 37","12/3/16"
"La niña: Episodio 36","12/3/16"
"La niña: Episodio 35","12/3/16"
"La niña: Episodio 34","12/3/16"
"La niña: Episodio 33","11/30/16"
"La niña: Episodio 32","11/28/16"
"La niña: Episodio 31","11/28/16"
"The Walking Dead: Temporada 1: Muchachos","11/26/16"
"The Walking Dead: Temporada 1: Díselo a las ranas","11/26/16"
"La niña: Episodio 30","11/26/16"
"La niña: Episodio 29","11/26/16"
"La niña: Episodio 28","11/26/16"
"La niña: Episodio 27","11/26/16"
"The Walking Dead: Temporada 1: Agallas","11/26/16"
"The Walking Dead: Temporada 1: Los viejos tiempos","11/26/16"
"La niña: Episodio 26","11/26/16"
"La niña: Episodio 25","11/25/16"
"La niña: Episodio 24","11/25/16"
"La niña: Episodio 23","11/25/16"
"La niña: Episodio 22","11/24/16"
"La niña: Episodio 21","11/24/16"
"La niña: Episodio 20","11/23/16"
"La niña: Episodio 19","11/23/16"
"La niña: Episodio 18","11/23/16"
"La niña: Episodio 17","11/23/16"
"La niña: Episodio 16","11/23/16"
"La niña: Episodio 15","11/22/16"
"La niña: Episodio 14","11/21/16"
"La niña: Episodio 13","11/21/16"
"La niña: Episodio 12","11/21/16"
"La niña: Episodio 11","11/21/16"
"La niña: Episodio 10","11/21/16"
"La niña: Episodio 9","11/20/16"
"La niña: Episodio 8","11/20/16"
"La niña: Episodio 7","11/20/16"
"La niña: Capítulo 6","11/20/16"
"La niña: Episodio 5","11/20/16"
"La niña: Episodio 4","11/20/16"
"La niña: Episodio 3","11/20/16"
"La niña: Episodio 2","11/20/16"
"La niña: Episodio 1","11/20/16"
"Terremoto 10.0","11/19/16"
"La historia real de un falso asesino","11/15/16"
"Hijo del crimen","11/13/16"
"Peppa Pig: Temporada 1: Charcos de lodo / ¿Dónde está el señor dinosaurio? / Mejores amigas / Lucas el loro","11/6/16"
" : Episodio 2","11/6/16"
" : Episodio 1","11/6/16"
"Boulevard","11/4/16"
"Chewing Gum: Todo pasa por Tolle","11/4/16"
"Chewing Gum: La última cena","11/4/16"
"Chewing Gum: El unicornio","11/4/16"
"Chewing Gum: Posesión","11/4/16"
"Chewing Gum: En el basurero","11/2/16"
"Chewing Gum: Sexo y violencia","11/2/16"
"Bajo la Sal","11/2/16"
"Zack y Miri en: Hagamos una porno","10/31/16"
"7 años","10/30/16"
"Pokémon The Series: XY: XY: ¡El embrollo del Mega-Mega Meowth!","10/23/16"
"Pokémon The Series: XY: XY: ¡Clemont tiene un secreto!","10/23/16"
"Pokémon The Series: XY: XY: ¡Estilizando a Furfrou!","10/23/16"
"Haters Back Off: Temporada 1: Soy famozza","10/23/16"
"Mascots","10/23/16"
"Haters Back Off: Temporada 1: Estrlla del desfile","10/22/16"
"Haters Back Off: Temporada 1: Trukos de majia","10/22/16"
"Haters Back Off: Temporada 1: Protagonizta de un musicall","10/21/16"
"Haters Back Off: Temporada 1: Viaje x carretera con mi tío","10/21/16"
"Haters Back Off: Temporada 1: Netwerking en el asilo","10/21/16"
"Haters Back Off: Temporada 1: Salu2 al coro","10/20/16"
"Haters Back Off: Temporada 1: Mi prim3r video","10/19/16"
"No es otra película de amor","10/16/16"
"Este es el fin","10/15/16"
"Amor de hermanos","10/9/16"
"Pokémon The Series: XY: XY: ¡Al acecho en la carrera de Rhyhorn!","10/6/16"
"Una pareja dispareja","10/3/16"
"Pokémon The Series: XY: XY: ¡Una batalla sobre hielo delgado!","10/2/16"
"Pokémon The Series: XY: XY: ¡Una tempestuosa batalla de gimnasio en Santalune!","10/2/16"
"Pokémon The Series: XY: XY: ¡Una amistad asombrosamente insolente!","10/2/16"
"Pokémon The Series: XY: XY: ¡Una batalla de movilidad aérea!","10/2/16"
"Pokémon The Series: XY: XY: ¡Persecución en Ciudad Lumiose!","10/2/16"
"Pokémon The Series: XY: XY: ¡Kalos, donde los sueños y las aventuras comienzan!","10/2/16"
"Pokémon: Liga índigo: El secreto del Centro de Entrenamiento","10/2/16"
"Los Croods","9/30/16"
"Food","9/27/16"
"Escobar: Paraíso perdido","9/18/16"
"La gran apuesta","9/18/16"
"La cultura del porro","9/18/16"
"Silenciadas","9/18/16"
"Kill Your Darlings","9/18/16"
"Esperanza","9/18/16"
"Suite Française: Un amor prohibido","9/17/16"
"Pokémon: Liga índigo: Duelo a bordo del Santa Ana","9/17/16"
"Ó Pai Ó","9/17/16"
"Las alcantarillas","9/13/16"
"Glee: Temporada 2: Britney/Brittany","9/13/16"
"Glee: Temporada 2: Audiciones","9/13/16"
"Glee: Teatralidad","9/13/16"
"Glee: El viaje a las regionales","9/13/16"
"Glee: Funk","9/13/16"
"Glee: Sigue soñando","9/12/16"
"Glee: Laringitis","9/12/16"
"Pokémon: Liga índigo: ¡La prueba máxima!","9/11/16"
"Pokémon: Liga índigo: ¡Paparazzi Pokémon!","9/11/16"
"Pokémon: Liga índigo: ¡El caso de la Policía Canina!","9/11/16"
"Pokémon: Liga índigo: El Jardín Misterioso de Bulbasaur","9/11/16"
"Pokémon: Liga índigo: ¿Quién se queda con Togepi?","9/11/16"
"Pokémon: Liga índigo: ¡Tan cerca y aún tan Farfetch'd!","9/11/16"
"Narcos: Temporada 2: ¡Al fin cayó!","9/11/16"
"Narcos: Temporada 2: Nuestra finca","9/11/16"
"Narcos: Temporada 2: El patrón se va","9/11/16"
"Narcos: Temporada 2: Alemania, 1993","9/10/16"
"Narcos: Temporada 2: Los Pepes","9/10/16"
"Narcos: Temporada 2: Los enemigos de mi enemigo","9/9/16"
"El despertar de los muertos","9/9/16"
"Narcos: Temporada 2: El bueno, el malo y el muerto","9/9/16"
"Narcos: Temporada 2: Nuestro hombre en Madrid","9/9/16"
"Lovesick: Bethany","9/9/16"
"Narcos: Temporada 2: Cambalache","9/9/16"
"Lovesick: Jane","9/8/16"
"Narcos: Temporada 2: Al fin libre","9/8/16"
"Narcos: Temporada 1: La catedral","9/8/16"
"Lovesick: Cressida","9/8/16"
"The Get Down: Parte 1: Levanta tus palabras, no la voz","9/8/16"
"The Get Down: Parte 1: Tienes alas, aprende a volar","9/8/16"
"The Get Down: Parte 1: Olvida la seguridad, sé infame","9/8/16"
"The Get Down: Parte 1: La oscuridad es tu vela","9/8/16"
"The Get Down: Parte 1: Busca a aquellos que aviven tu llama","9/8/16"
"The New Normal: El gran día","9/8/16"
"The New Normal: Y se llamará...","9/8/16"
"The New Normal: Soy un boy scout","9/8/16"
"The New Normal: Piloto","9/8/16"
"Glee: Mala reputación","9/8/16"
"Glee: Hogar","9/7/16"
"Escritores de la libertad","9/4/16"
"Tierra de cárteles","9/3/16"
"Pokémon: Liga índigo: ¡Santo matrimonio!","9/3/16"
"Glee: El poder de Madonna","9/2/16"
"Glee: Hola","9/2/16"
"Glee: Locales","9/2/16"
"Los niños de Irena Sendler","9/1/16"
"Bastardos sin gloria","9/1/16"
"American Horror Story: Historia de horror americana: Un manicomio: Bienvenidos a Briarcliff","8/31/16"
"Reincarnated","8/31/16"
"Narcos: Temporada 1: Despegue","8/31/16"
"XOXO: La fiesta interminable","8/31/16"
"Muerte en Buenos Aires","8/30/16"
"Pokémon: Liga índigo: ¡Duelo eléctrico!","8/30/16"
"Glee: Érase una vez un colchón","8/29/16"
"Degrassi: Next Class: Temporada 2: #objetivosgrupales","8/29/16"
"Glee: Cabellografía","8/29/16"
"El gran pez","8/29/16"
"La vida es bella","8/28/16"
"Mineros, enterrados vivos","8/28/16"
"Juegos mentales: ¡Presta Atención!","8/28/16"
"Glee: Baladas","8/28/16"
"¿Qué pasó ayer? Parte II","8/28/16"
"Amy: La chica detrás del nombre","8/28/16"
"Glee: Ruedas","8/28/16"
"The Green Inferno","8/28/16"
"The Killing: Piloto","8/28/16"
"Glee: Popurrí","8/28/16"
"Glee: Enfrentamiento","8/28/16"
"Glee: Vitamina D","8/28/16"
"Glee: Como en los viejos tiempos","8/28/16"
"Jackass 3","8/28/16"
"This Was Tomorrow","8/28/16"
"Exorcismo en el Vaticano","8/28/16"
"The Lords of Salem","8/28/16"
"Jackass: La película","8/28/16"
"Narcos: Temporada 1: La gran mentira","8/28/16"
"Narcos: Temporada 1: Llorarás lágrimas de sangre","8/28/16"
"El código del miedo","8/28/16"
"Glee: Embarazo","8/27/16"
"Halo 4: Forward Unto Dawn","8/27/16"
"Venganza letal","8/27/16"
"Arrow: Piloto","8/27/16"
"Pánico en las alturas","8/27/16"
"Pokémon: Liga índigo: ¡Una operación Chansey!","8/27/16"
"Pokémon: Liga índigo: ¡El ataque del Pokémon prehistórico!","8/27/16"
"Pokémon: Liga índigo: ¡La canción de Jigglypuff!","8/27/16"
"Pokémon: Liga índigo: ¡El problema con Paras!","8/27/16"
"Glee: Seguridad","8/27/16"
"Glee: Romance","8/27/16"
"Glee: Piloto","8/27/16"
"Pokémon: Liga índigo: ¡La marcha del escuadrón Exeggutor!","8/27/16"
"Pokémon: Liga índigo: ¡Duelo en Ciudad Obscura!","8/27/16"
"Pokémon: Liga índigo: ¡Despierta, Snorlax!","8/27/16"
"Pokémon: Liga índigo: ¡Los belicosos hermanos Eevee!","8/27/16"
"Pokémon: Liga índigo: Adiós, Pikachu","8/27/16"
"Pokémon: Liga índigo: ¡La misteriosa mansión de Ditto!","8/25/16"
"Pokémon: Liga índigo: ¡La banda del puente!","8/25/16"
"Pokémon: Liga índigo: ¡El chico Kangaskhan!","8/25/16"
"Pokémon: Liga índigo: ¡La gran carrera!","8/25/16"
"Pokémon: Liga índigo: El misterio del faro","8/25/16"
"Pokémon: Liga índigo: El escuadrón Squirtle","8/23/16"
"El infiltrado","8/22/16"
"Juegos Demonicos","8/21/16"
"Anita","8/21/16"
"Parque Jurásico III","8/21/16"
"Un novato en apuros","8/21/16"
"Ojo por ojo","8/20/16"
"Las vacaciones de Mr. Bean","8/20/16"
"Sin filtro","8/20/16"
"La lista de Schindler","8/20/16"
"Jackass 3.5 - La película sin censura","8/20/16"
"Pokémon: Liga índigo: ¡El duelo Pokémon ninja!","8/20/16"
"Pokémon: Liga índigo: ¡Saquen a esos Diglett!","8/20/16"
"Pokémon: Liga índigo: Charmander, el Pokémon abandonado","8/19/16"
"Gnomeo y Julieta","8/19/16"
"Pokémon: Liga índigo: La aldea secreta de Bulbasaur","8/18/16"
"Pokémon: Liga índigo: La escuela de los golpes duros","8/17/16"
"El niño con el pijama de rayas","8/15/16"
"Dios no está muerto","8/15/16"
"Pokémon: Liga índigo: El camino a la Liga Pokémon","8/14/16"
"Pokémon: Liga índigo: ¡Las Flores Acuáticas de Ciudad Celeste!","8/14/16"
"Pokémon: Liga índigo: ¡Clefairy y la Roca Lunar!","8/14/16"
"Recuerdos secretos","8/14/16"
"Pokémon: Liga índigo: ¡Hurra por Magnemite!","8/13/16"
"Pokémon: Liga índigo: ¡El Pokémon golpeador!","8/13/16"
"Pokémon: Liga índigo: ¡Moda Pokémon!","8/13/16"
"Pokémon: Liga índigo: ¡La siesta de Hypno!","8/13/16"
"Pokémon: Liga índigo: ¡Aromas Pokémon!","8/13/16"
"Pokémon: Liga índigo: ¡Primeape se vuelve loco!","8/13/16"
"Pokémon: Liga índigo: ¡Haunter contra Kadabra!","8/13/16"
"Pokémon: Liga índigo: La Torre del Terror","8/13/16"
"Pokémon: Liga índigo: ¡Abra y el duelo psíquico!","8/13/16"
"Pokémon: Liga índigo: Adiós, Butterfree","8/13/16"
"Pokémon: Liga índigo: ¡El Fantasma del Pico de la Doncella!","8/13/16"
"Pokémon: Liga índigo: ¡Tentacool y Tentacruel!","8/13/16"
"Pokémon: Liga índigo: La isla de los Pokémon gigantes","8/11/16"
"Pokémon: Liga índigo: ¡Naufragio Pokémon!","8/11/16"
"Pokémon: Liga índigo: Batalla en Ciudad Plateada","8/11/16"
"Narcos: Temporada 1: Explosivos","8/11/16"
"Narcos: Temporada 1: Habrá futuro","8/11/16"
"Pokémon: Liga índigo: El desafío del samurái","8/10/16"
"Pokémon: Liga índigo: ¡Ash captura un Pokémon!","8/10/16"
"Pokémon: Liga índigo: ¡Emergencia Pokémon!","8/10/16"
"Home: Las aventuras de Tip y Oh: Familia / Santa-Oh","8/10/16"
"Tallulah","8/10/16"
"Beat Bugs: Temporada 1: Help / Lucy in the Sky with Diamonds","8/10/16"
"Pokémon: Liga índigo: Pokémon, ¡Yo te elijo!","8/10/16"
"Narcos: Temporada 1: El palacio en llamas","8/7/16"
"Narcos: Temporada 1: Los hombres de siempre","8/7/16"
"Narcos: Temporada 1: La espada de Simón Bolívar","8/7/16"
"Lovesick: Anna","7/30/16"
"Lovesick: Abigail","7/30/16"
"Lusers","7/27/16"
"Star Wars: Una nueva esperanza","7/27/16"
"Modern Family: Temporada 6: Derríbalos","7/24/16"
"Modern Family: Temporada 6: Parrilla interrumpida","7/24/16"
"Editando al amor","7/24/16"
"Unbreakable Kimmy Schmidt: Temporada 2: ¡Kimmy va a patinar!","7/18/16"
"Unbreakable Kimmy Schmidt: Temporada 1: ¡Kimmy hace waffles!","7/18/16"
"Psicópata","7/17/16"
"Modern Family: Temporada 6: Vacaciones de primavera","7/13/16"
"Modern Family: Temporada 6: Closet del bueno","7/13/16"
"Modern Family: Temporada 6: Conexión perdida","7/12/16"
"Modern Family: Temporada 6: Pelea o vuela","7/12/16"
"Modern Family: Temporada 6: Día de San Valentín 4: Hermana retorcida","7/12/16"
"Modern Family: Temporada 6: Decisiones impulsivas","7/12/16"
"Modern Family: Temporada 6: Pesos pesados","7/12/16"
"Modern Family: Temporada 6: El día en que casi morimos","7/12/16"
"Modern Family: Temporada 6: El cumpleaños 21 de Haley","7/12/16"
"Modern Family: Temporada 6: Extraños en la noche","7/12/16"
"Modern Family: Temporada 6: Tres pavos","7/12/16"
"Modern Family: Temporada 6: Ojos gays, corazones llenos","7/12/16"
"Modern Family: Temporada 6: Halloween 3: Asombrolandia","7/12/16"
"Modern Family: Temporada 6: No seas nuestro vecino","7/11/16"
"Modern Family: Temporada 6: Marco Polo","7/10/16"
"Modern Family: Temporada 6: El resfriado","7/10/16"
"Modern Family: Temporada 6: No presionar","7/10/16"
"Modern Family: Temporada 6: La luna de miel larga","7/10/16"
"Modern Family: Temporada 5: La boda (Parte 2)","7/10/16"
"Modern Family: Temporada 5: La boda (Parte 1)","7/10/16"
"Modern Family: Temporada 5: Mensaje recibido","7/10/16"
"El secreto","7/10/16"
"Tengo ganas de ti","7/10/16"
"The Mask You Live In","7/9/16"
"Eastsiders: Temporada 2: Evolución","7/9/16"
"Eastsiders: Temporada 2: Barra libre","7/9/16"
"Aires de esperanza","7/9/16"
"Eastsiders: Temporada 2: Espeso como una loción","7/8/16"
"Eastsiders: Temporada 2: Terapia sexual","7/8/16"
"Eastsiders: Temporada 2: Más extraño de lo normal","7/8/16"
"Eastsiders: Temporada 2: Sodoma (y Gomorra)","7/8/16"
"Eastsiders: Temporada 1: Episodio 9","7/8/16"
"Eastsiders: Temporada 1: Episodio 8","7/8/16"
"Eastsiders: Temporada 1: Episodio 7","7/8/16"
"Eastsiders: Temporada 1: Episodio 6","7/8/16"
"Eastsiders: Temporada 1: Episodio 5","7/8/16"
"Eastsiders: Temporada 1: Episodio 4","7/8/16"
"Eastsiders: Temporada 1: Episodio 3","7/8/16"
"Eastsiders: Temporada 1: Episodio 2","7/8/16"
"Eastsiders: Temporada 1: Episodio 1","7/8/16"
"Modern Family: Temporada 5: Dormilón","7/7/16"
"Modern Family: Temporada 5: Australia","7/7/16"
"Modern Family: Temporada 5: La noche de un duro Jay","7/7/16"
"Modern Family: Temporada 5: Las Vegas","7/7/16"
"Modern Family: Temporada 5: Hijos de otras personas","7/7/16"
"Black-ish: El saludo","7/7/16"
"Black-ish: La charla","7/7/16"
"Black-ish: Piloto","7/7/16"
"Modern Family: Temporada 5: Carnaval Romántico Primaveral","7/7/16"
"Modern Family: Temporada 5: La disputa","7/7/16"
"Modern Family: Temporada 5: Espionaje","7/7/16"
"Modern Family: Temporada 5: Tres cenas","7/6/16"
"Modern Family: Temporada 5: Bajo presión","7/6/16"
"Modern Family: Temporada 5: Y uno para querer","7/6/16"
"Modern Family: Temporada 5: El viejo y los tres","7/6/16"
"Modern Family: Temporada 5: El gran juego","7/6/16"
"Modern Family: Temporada 5: ClosetCon '13","7/5/16"
"Modern Family: Temporada 5: Una feria para recordar","7/5/16"
"Modern Family: Temporada 5: La ayuda","7/5/16"
"Modern Family: Temporada 5: Show del final de la noche","7/5/16"
"Modern Family: Temporada 5: Fuerte de granja","7/4/16"
"Caída libre","7/4/16"
"Voltron: El defensor legendario: La caída del castillo de los leones","7/3/16"
"The New Normal: Sangre, sudor y lágrimas","6/30/16"
"The New Normal: Actividad para-diferentes","6/30/16"
"The New Normal: Un regalo para siempre","6/28/16"
"The New Normal: El perro-niño","6/27/16"
"The New Normal: La vaca lechera","6/27/16"
"The New Normal: El radar","6/27/16"
"The New Normal: Papá en casa","6/27/16"
"The New Normal: La decisión de Goldie","6/27/16"
"The New Normal: A prueba de bebé","6/27/16"
"The New Normal: El factor XY","6/27/16"
"The New Normal: Perdóname","6/27/16"
"The New Normal: Desconectado","6/27/16"
"The Fundamentals of Caring","6/25/16"
"The New Normal: Los padrinos","6/25/16"
"The New Normal: Novio neurótico","6/25/16"
"The New Normal: Nanagasmo","6/25/16"
"The New Normal: Mamá Obama","6/25/16"
"The New Normal: Ropa para el bebé","6/25/16"
"The New Normal: La elección","6/25/16"
"El último cazador","6/13/16"
"Operación Escape","6/12/16"
"Voltron: El defensor legendario: El regreso del gladiador","6/12/16"
"Voltron: El defensor legendario: Instrucciones de armado","6/12/16"
"Voltron: El defensor legendario: El origen de Voltron","6/12/16"
"Resucitados","6/12/16"
"Los doble-vida","6/6/16"
"Manos Sucias","6/5/16"
"Mi nombre es Khan","6/2/16"
"Juego de espías","5/30/16"
"La noche más oscura","5/30/16"
"Mi villano favorito","5/29/16"
"Posesión infernal","5/29/16"
"La llave de Sarah","5/29/16"
"El Barco: El graznido","5/28/16"
"El Barco: Un mundo bajo el mar","5/27/16"
"El Barco: El fantasma pirata","5/27/16"
"FUERA DE CONTROL","5/27/16"
"El Internado: Los monstruos no hacen cosquillas","5/25/16"
"El Barco: Echando la caña","5/25/16"
"El Barco: Un millón de millas","5/25/16"
"Mi segunda vez","5/25/16"
"Lady Dynamite: Temporada 1: Piloto","5/25/16"
"Mi villano favorito 2","5/25/16"
"El maestro luchador","5/25/16"
"Quiero matar a mi jefe","5/25/16"
"House at the End of the Street","5/25/16"
"Sr. Brooks","5/23/16"
"Cape Town Cops","5/22/16"
"The Eichmann Show","5/22/16"
"Las elegidas","5/21/16"
"Africa: Kalahari","5/21/16"
"Horton y el mundo de los Quién","5/21/16"
"La rebelión de los muertos","5/16/16"
"Pesadilla jurásica","5/16/16"
"Dragon Ball Z: La Batalla de los Dioses","5/15/16"
"Walking with Dinosaurs: New Blood","5/8/16"
"La mafia solo mata en el verano","5/2/16"
"Special Correspondents","4/30/16"
"Despertar de los muertos","4/28/16"
"Jack y Jill","4/26/16"
"White Collar: Estafa y crimen cuello blanco: Piloto","4/25/16"
"House","4/19/16"
"Fresh Meat: Temporada 4: Episodio 5","4/19/16"
"Fresh Meat: Temporada 4: Episodio 4","4/18/16"
"Fresh Meat: Temporada 4: Episodio 3","4/18/16"
"Fresh Meat: Temporada 4: Episodio 2","4/18/16"
"Fresh Meat: Temporada 4: Episodio 1","4/18/16"
"La aflicción","4/17/16"
"Fresh Meat: Temporada 3: Episodio 8","4/17/16"
"Fresh Meat: Temporada 3: Episodio 7","4/17/16"
"Fresh Meat: Temporada 3: Episodio 6","4/16/16"
"Fresh Meat: Temporada 3: Episodio 5","4/16/16"
"Línea de fuego","4/16/16"
"Solteros En El Tiempo 2","4/16/16"
"La emboscada","4/15/16"
"Fresh Meat: Temporada 3: Episodio 4","4/14/16"
"Fresh Meat: Temporada 3: Episodio 3","4/11/16"
" : Episodio 1","4/11/16"
"Fresh Meat: Temporada 3: Episodio 2","4/11/16"
"Fresh Meat: Temporada 3: Episodio 1","4/11/16"
"Fresh Meat: Temporada 2: Episodio 8","4/11/16"
"Fresh Meat: Temporada 2: Episodio 7","4/10/16"
"Fresh Meat: Temporada 2: Episodio 6","4/10/16"
"American Crime: Episodio 4","4/9/16"
"Fresh Meat: Temporada 2: Episodio 5","4/9/16"
"Fresh Meat: Temporada 2: Episodio 4","4/9/16"
"Fresh Meat: Temporada 2: Episodio 3","4/9/16"
"Fresh Meat: Temporada 2: Episodio 2","4/9/16"
"Fresh Meat: Temporada 2: Episodio 1","4/9/16"
"Fresh Meat: Episodio 8","4/9/16"
"Fresh Meat: Episodio 7","4/9/16"
"Fresh Meat: Episodio 6","4/9/16"
"Fresh Meat: Episodio 5","4/9/16"
"Fresh Meat: Episodio 4","4/9/16"
"Fresh Meat: Episodio 3","4/9/16"
"Fresh Meat: Episodio 2","4/9/16"
"Fresh Meat: Episodio 1","4/9/16"
"American Crime: Episodio 3","4/8/16"
"American Crime: Episodio 2","4/8/16"
"American Crime: Episodio 1","4/8/16"
"Born to Be Wild: IMAX","4/8/16"
"The Ranch: Parte 1: The Boys of Fall","4/7/16"
"The Dead Girl","4/7/16"
"The Ranch: Parte 1: Some People Change","4/6/16"
"The Ranch: Parte 1: Back Where I Come From","4/6/16"
"Niño santo: Episodio 1","4/4/16"
" : Episodio 13","4/3/16"
" : Episodio 12","4/3/16"
" : Episodio 11","4/3/16"
" : Episodio 10","4/3/16"
" : Episodio 9","4/2/16"
" : Episodio 8","3/31/16"
" : Episodio 7","3/31/16"
"Incorregibles","3/31/16"
"Secretos de una obsesión","3/31/16"
" : Episodio 6","3/31/16"
" : Episodio 5","3/31/16"
" : Episodio 4","3/31/16"
" : Episodio 3","3/31/16"
" : Episodio 2","3/30/16"
" : Episodio 1","3/30/16"
"The Killing: The Killing: Temporada 4: El paraíso","3/28/16"
"The Killing: The Killing: Temporada 4: La cruda verdad","3/28/16"
"The Killing: The Killing: Temporada 4: Sueña, niña, sueña","3/28/16"
"The Killing: The Killing: Temporada 4: El buen soldado","3/28/16"
"The Killing: The Killing: Temporada 4: Desentrañando","3/27/16"
"The Killing: The Killing: Temporada 4: Sangre en el agua","3/27/16"
"The Killing: Temporada 3: Desde aquí arriba / El camino a Hamelín","3/27/16"
"The Killing: Temporada 3: Seis minutos","3/27/16"
"The Killing: Temporada 3: Ajuste","3/27/16"
"The Killing: Temporada 3: Intento","3/27/16"
"Amélie","3/27/16"
"The Killing: Temporada 3: La esperanza mata","3/27/16"
"The Killing: Temporada 3: Dominio eminente","3/27/16"
"The Killing: Temporada 3: Con miedo","3/27/16"
"The Killing: Temporada 3: Primeros planos","3/27/16"
"The Killing: Temporada 3: Diecisiete","3/27/16"
"The Killing: Temporada 3: La jungla / Lo que más temes","3/27/16"
"Vino para robar","3/27/16"
"Pee-wee's Playhouse: Ice Cream Soup","3/26/16"
"Pee-wee's Big Holiday","3/26/16"
"Enemigos idénticos","3/26/16"
"Línea de emergencia","3/26/16"
"Gone","3/26/16"
"Enemigos públicos","3/26/16"
"Los jefes","3/26/16"
"The Killing: Temporada 2: Lo que sé","3/25/16"
"The Killing: Temporada 2: Víctor o Victoria","3/25/16"
"Honeymoon","3/25/16"
"Reto de valientes","3/25/16"
"The Killing: Temporada 2: Bulldog","3/25/16"
"The Killing: Temporada 2: 72 horas","3/25/16"
"The Killing: Temporada 2: Sayonara Hiawatha","3/25/16"
"The Killing: Temporada 2: Fuera de la reserva","3/25/16"
"Regreso del todopoderoso","3/25/16"
"Baneros III: todopoderosos","3/25/16"
"The Killing: Temporada 2: Keylela","3/24/16"
"The Killing: Temporada 2: Aperturas","3/24/16"
"La redada","3/24/16"
"The Killing: Temporada 2: Fantasmas del pasado","3/24/16"
"The Killing: Temporada 2: Ogi Jun","3/24/16"
"The Killing: Temporada 2: Insensibilizado","3/24/16"
"Fuerzas especiales 2: Cabos sueltos","3/23/16"
"Déjame entrar","3/23/16"
"The Killing: Temporada 2: Mi día de suerte","3/23/16"
"The Killing: Temporada 2: Reflejos","3/23/16"
"Justicia final","3/23/16"
"The Killing: El descenso de Orfeo","3/23/16"
"The Killing: Beau Soleil","3/23/16"
"The Killing: Desaparecido","3/23/16"
"The Killing: Ya te avisaré cuando llegue","3/22/16"
"The Killing: Contra corriente","3/22/16"
"The Killing: Obstaculizados","3/22/16"
"The Killing: Venganza","3/21/16"
"The Nanny: Temporada 5: First Date","3/21/16"
"The Killing: Lo que te queda","3/21/16"
"The Killing: Super 8","3/21/16"
"The Killing: Un eco insonoro","3/20/16"
"The Killing: El diablo","3/20/16"
"The Killing: La jaula","3/18/16"
"Lost: Números","3/18/16"
"30 minutos o menos","3/17/16"
"Perdedores","3/17/16"
"Siempre hay tiempo para reír","3/16/16"
"Tiempo de matar","3/16/16"
"This Is My Love: Episodio 4","3/15/16"
"Papa Se Volvio Loco","3/14/16"
"Preservation","3/14/16"
"This Is My Love: Episodio 3","3/14/16"
"Friends: Temporada 7: Los dulces de Monica","3/14/16"
"Friends: Temporada 7: Chandler odia a los perros","3/14/16"
"Friends: Temporada 7: El libro de la biblioteca","3/14/16"
"Friends: Temporada 7: Compañeros de siesta","3/14/16"
"Friends: Temporada 6: El chiste","3/14/16"
"The Town That Dreaded Sundown","3/13/16"
"Chelsea Does: Chelsea y Silicon Valley","3/12/16"
"Cuatro lunas","3/12/16"
"This Is My Love: Episodio 2","3/12/16"
"Wet Hot American Summer: First Day of Camp: Audiciones","3/12/16"
"Wet Hot American Summer: First Day of Camp: Actividades","3/12/16"
"This Is My Love: Episodio 1","3/12/16"
"Game Face","3/12/16"
"The Inbetweeners: Temporada 3: El campamento","3/12/16"
"The Inbetweeners: Temporada 3: Casa sola","3/12/16"
"The Inbetweeners: Temporada 3: La visita a Warwick","3/12/16"
"The Inbetweeners: Temporada 3: El dilema de Will","3/12/16"
"Dallas Buyers Club: El club de los desahuciados","3/12/16"
"La última noche de la humanidad","3/12/16"
"Los Inventores","3/12/16"
"La Mariposa: Episode 6","3/12/16"
"Drake & Josh: Two Idiots and a Baby","3/11/16"
"Wet Hot American Summer: First Day of Camp: El almuerzo","3/9/16"
"Wet Hot American Summer: First Day of Camp: La llegada de los campistas","3/9/16"
"Cuckoo: Las pastillas","3/9/16"
"Cuckoo: Reunión familiar","3/9/16"
"Cuckoo: Regreso a casa","3/9/16"
"Imaginando Argentina","3/8/16"
"Disaster Movie","3/8/16"
"Snervous Tyler Oakley","3/8/16"
"Love: Temporada 1: El final del principio","3/8/16"
"Love: Temporada 1: La lectura del guion","3/7/16"
"Love: Temporada 1: La canción de los créditos","3/7/16"
"Love: Temporada 1: Magia","3/7/16"
"Love: Temporada 1: Andy","3/7/16"
"Love: Temporada 1: La cita","3/7/16"
"La noche del demonio","3/6/16"
"El precio de la codicia","3/6/16"
"Love: Temporada 1: Los aguafiestas","3/5/16"
"Love: Temporada 1: A prueba","3/5/16"
"Love: Temporada 1: Un largo día","3/5/16"
"La piel que habito","3/3/16"
"El cuerpo","3/3/16"
"Ladrones de la fama","3/3/16"
"The Way","3/2/16"
"Peter Capusotto y sus tres dimensiones","3/2/16"
"No te metas con Zohan","3/2/16"
"Cinco de Mayo: La Batalla","3/2/16"
"Fuerzas especiales","3/2/16"
"Terror en amityville","3/2/16"
"Caso 39","3/2/16"
"Nuestro último verano en Escocia","3/2/16"
"The Nanny: Temporada 5: The Morning After","2/18/16"
"El Chavo: 1976: Las Historias de Terror","2/17/16"
"The Inbetweeners: Temporada 3: El concierto y la novia","2/16/16"
"The Inbetweeners: Temporada 3: El desfile de moda","2/16/16"
"The Inbetweeners: Temporada 2: Día de exámenes","2/16/16"
"The Inbetweeners: Temporada 2: El premio Duque de Edimburgo","2/16/16"
"El abuelo sinvergüenza","2/15/16"
"The Inbetweeners: Temporada 2: Una noche en Londres","2/15/16"
"The Inbetweeners: Temporada 2: El cumpleaños de Will","2/15/16"
"The Inbetweeners: Temporada 2: Práctica laboral","2/15/16"
"The Inbetweeners: Temporada 2: La excursión","2/15/16"
"The Inbetweeners: La fiesta de Navidad","2/15/16"
"Walt, el soñador","2/14/16"
"The Inbetweeners: Club de Casas Rodantes","2/14/16"
"The Inbetweeners: La novia","2/14/16"
"The Inbetweeners: Parque de diversiones Thorpe","2/14/16"
"The Inbetweeners: Faltar a clases","2/14/16"
"The Inbetweeners: El primer día","2/14/16"
"El defensor","2/14/16"
"El encanto de la bestia","2/14/16"
"Chef's Table: Volumen 1: Massimo Bottura","2/14/16"
"Marco Polo: Cien Ojos","2/13/16"
"Hecho en México","2/13/16"
"Making a Murderer: Parte 1: Dieciocho años perdidos","2/12/16"
"Lila & Eve","2/9/16"
"Meet the Patels","2/8/16"
"Turistas en la mira: Roma","2/5/16"
"Archivo 253","2/3/16"
"Tabu Brasil: Niños Únicos","2/1/16"
"El Chavo: 1976: Los Tronadores","1/31/16"
"Home: No hay lugar como el hogar","1/31/16"
"Siniestro","1/31/16"
"Sangre de mi sangre","1/31/16"
"Chelsea Does: Chelsea y el matrimonio","1/27/16"
"Marley y yo","1/23/16"
"Degrassi: Next Class: Temporada 1: #SorryNotSorry","1/20/16"
"Degrassi: Next Class: Temporada 1: #sisomoshonestos","1/20/16"
"Degrassi: Next Class: Temporada 1: #síguemeytesigo","1/18/16"
"Degrassi: Next Class: Temporada 1: #podríamossernosotros","1/18/16"
"Degrassi: Next Class: Temporada 1: #notodosloshombres","1/18/16"
"Degrassi: Next Class: Temporada 1: #noesmiproblema","1/18/16"
"Degrassi: Next Class: Temporada 1: #nobueno","1/18/16"
"Degrassi: Next Class: Temporada 1: #síessí","1/18/16"
"Degrassi: Next Class: Temporada 1: #sinfiltro","1/18/16"
"Degrassi: Next Class: Temporada 1: #sexoasegurado","1/17/16"
"Yu-Gi-Oh!: La luz al final del túnel","1/17/16"
"Yu-Gi-Oh!: El espíritu maligno de la sortija","1/17/16"
"Testigos","1/17/16"
"Top Ten Natural Disasters","1/17/16"
"Encadenado","1/11/16"
"Angry Birds Toons: Episodio 1","1/9/16"
"Las horas contigo","1/9/16"
"Música, amigos y fiesta","1/5/16"
"The Nanny: Imaginary Friend","1/3/16"
"I Am You","12/31/15"
"Imperio prohibido","12/27/15"
"The Ridiculous 6","12/27/15"
"Yu-Gi-Oh!: La lucha con ojos rojos","12/25/15"
"Yu-Gi-Oh!: El maniático del duelo","12/25/15"
"Yu-Gi-Oh!: Olvida al fantasma","12/25/15"
"Yu-Gi-Oh!: Duelo con un fantasma","12/25/15"
"Yu-Gi-Oh!: Todo es relativo","12/25/15"
"Yu-Gi-Oh!: Ataque desde las profundidades","12/25/15"
"The Nanny: The Butler, the Husband, the Wife and Her Mother","12/22/15"
"The Nanny: Here Comes the Brood","12/22/15"
"Ocho apellidos vascos","12/22/15"
"K-11","12/21/15"
"Chicos católicos apostólicos y romanos","12/20/15"
"El asalto del vuelo 8969","12/19/15"
"John Doe: El Vigilante","12/19/15"
"Sin tetas no hay paraiso","12/19/15"
"El cubo","12/19/15"
"The Nightmare","12/19/15"
"Pokémon: Liga índigo: Temporada 2: ¡Princesa contra princesa!","12/19/15"
"Caso Cerrado: Sexo vegetariano/Venta de testiculos","12/16/15"
"El Chavo: 1976: La Nueva Profesión","12/16/15"
"La Prueba","12/15/15"
"El Chavo: 1976: Pollo Asado","12/15/15"
"El Chavo: 1975: La Fuente de los Deseos","12/15/15"
"A Very Murray Christmas","12/13/15"
"El Chavo: 1975: La Viruela","12/13/15"
"Yu-Gi-Oh!: El primer duelo","12/12/15"
"Yu-Gi-Oh!: La última polilla","12/12/15"
"La cueva","12/12/15"
"El Chavo: 1975: El Cumpleaños Funebre de Don Ramon","12/12/15"
"Marcado por la muerte","12/10/15"
"El protegido","12/10/15"
"El Chavo: 1973: Los Atropellados","12/10/15"
"Modern Family: Temporada 5: La esposa de Larry","12/9/15"
"Modern Family: Temporada 5: Primeros días","12/9/15"
"Modern Family: Temporada 5: De pronto el verano pasado","12/9/15"
"En el último trago","12/5/15"
"In/mortal","12/3/15"
"Tabú Latinoamérica: Trabajos Tabú","12/2/15"
"Los Elegidos","12/2/15"
"Chucky, el muñeco diabólico 2","11/26/15"
"Caso Cerrado: Me enamore de mi carro/La bañaba en cloro","11/17/15"
"¿Y dónde está el fantasma?","11/16/15"
"Caso Cerrado: 2 hermanos casados con 1 mujer/Contrato porno con 10mil hombres","11/16/15"
"Padre de familia: Temporada 9: Excellence in Broadcasting","11/16/15"
"Caso Cerrado: Yo bien, ella acuchillada/Transgenero que cambia de idea","11/14/15"
"Caso Cerrado: Esposa no lubrica/ Broma suicida","11/12/15"
"Palabras diabólicas","11/11/15"
"Asustadiza","11/11/15"
"Caso Cerrado: Juego mental/Enamorado del cura","11/11/15"
"Caso Cerrado: Prometida bisexual/Uniforme de tape","11/11/15"
"Caso Cerrado: Pelicula de la venganza/Vende hija internet $100.000","11/10/15"
"Caso Cerrado: Custodia para padrastro gay /Adopcion fraudulenta","11/10/15"
"Los Roldán: Capítulo 26","11/10/15"
"Padre de familia: Temporada 9: And Then There Were Fewer Parte 2","11/8/15"
"Caso Cerrado: El moreno en cama con?/ Hija y padres secuestrados","11/8/15"
"Caso Cerrado: Negocio de marido / La luz del tunel","11/8/15"
"Terror en Silent Hill 2: La revelación","11/8/15"
"El paso del diablo","11/3/15"
"Pesadilla en la calle Elm","11/2/15"
"Breaking Bad: Temporada 3: Un minuto","10/31/15"
"Breaking Bad: Temporada 3: Atardecer","10/29/15"
"Gotham: Lovecraft","10/24/15"
"Gotham: Harvey Dent","10/24/15"
"Gotham: El paraguas del Pingüino","10/24/15"
"El mecánico","10/24/15"
"El embrujo de la casa whaley","10/24/15"
"Venganza muda","10/23/15"
"Beasts of No Nation","10/22/15"
"Caso Cerrado: Adicta a broncearse/  La hermanita guaricandilla","10/20/15"
"The Genius of Marian","10/20/15"
"Flash: Temporada 1: Piloto","10/19/15"
"Los niños del cura","10/19/15"
"And Your Name Is Jonah","10/18/15"
"Más de mil palabras","10/18/15"
"Sin Nombre","10/18/15"
"Te presento a Laura","10/18/15"
"Gotham: La máscara","10/17/15"
"Juntos... pero no tanto","10/17/15"
"El secreto de Adaline","10/17/15"
"Los 33 de San José","10/15/15"
"Chucky, el muñeco diabólico 3","10/13/15"
"Llamen a la partera: Capítulo 3","10/12/15"
"Llamen a la partera: Capítulo 2","10/11/15"
"Llamen a la partera: Capítulo 1","10/11/15"
"Donde se esconde el diablo","10/11/15"
"The Lesser Blessed","10/11/15"
"In Your Eyes","10/8/15"
"Test Notification123","10/8/15"
"Earth's Natural Wonders: Maravillas extremas","10/7/15"
"Terra Nova: Genesis: Parte 1","10/6/15"
"Los chicos sin destino: Episodio 13","10/6/15"
"Los Roldán: Capítulo 25","10/5/15"
"Los chicos sin destino: Episodio 12","10/1/15"
"Los chicos sin destino: Episodio 11","10/1/15"
"Los chicos sin destino: Episodio 10","10/1/15"
"Dr. House: Temporada 1: House - Pilot","10/1/15"
"Los chicos sin destino: Episodio 9","9/30/15"
"Los chicos sin destino: Episodio 8","9/30/15"
"Los chicos sin destino: Episodio 7","9/30/15"
"Los chicos sin destino: Episodio 6","9/30/15"
"Los chicos sin destino: Episodio 5","9/30/15"
"Los chicos sin destino: Episodio 4","9/30/15"
"Los chicos sin destino: Episodio 3","9/30/15"
"Iris","9/30/15"
"Los chicos sin destino: Episodio 2","9/30/15"
"Los chicos sin destino: Episodio 1","9/30/15"
"Ciudad de Dios","9/13/15"
"Selena","9/10/15"
"Los Roldán: Capítulo 24","9/8/15"
"118 días","9/6/15"
"Empezar otra vez","9/4/15"
"Los Roldán: Capítulo 23","9/4/15"
"Los Roldán: Capítulo 22","9/4/15"
"Obediencia Perfecta","9/1/15"
"Supercampeones: El regreso de Tom","9/1/15"
"Supercampeones: Encuentro con Roberto","8/31/15"
"Sin fronteras: Peto Menahen","8/31/15"
"Sin fronteras: Diego Scott, Dalía Gutmann y Luciano Mellera","8/31/15"
"Sin fronteras: Fernando Sanjiao","8/31/15"
"Supercampeones: Un camino de sueños","8/31/15"
"Donde crecen los sueños","8/30/15"
"If I Had Wings","8/30/15"
"Los Roldán: Capítulo 21","8/30/15"
"Los Roldán: Capítulo 20","8/28/15"
"Los Roldán: Capítulo 19","8/28/15"
"Lie to Me: Temporada 3: Más allá de la creencia","8/27/15"
"Los Roldán: Capítulo 18","8/26/15"
"Yu-Gi-Oh!: En el nido de las avispas","8/26/15"
"Yu-Gi-Oh!: Viaje al reino de los duelos","8/26/15"
"Yu-Gi-Oh!: La suerte está echada","8/26/15"
"Cambio de ruta","8/26/15"
"Lie to Me: Temporada 3: La canción del canario","8/26/15"
"Beyoncé: Life Is But a Dream","8/26/15"
"Yu-Gi-Oh!: El corazón de los naipes","8/25/15"
"Gotham: El ciego vidente","8/25/15"
"Los Roldán: Capítulo 17","8/23/15"
"Elefante blanco","8/23/15"
"Los Roldán: Capítulo 16","8/21/15"
"Los Roldán: Capítulo 15","8/21/15"
"Los Roldán: Capítulo 14","8/21/15"
"Los juegos de la resaca","8/19/15"
"Los Roldán: Capítulo 13","8/19/15"
"Los Roldán: Capítulo 12","8/19/15"
"Los Roldán: Capítulo 11","8/16/15"
"Los Roldán: Capítulo 10","8/16/15"
"Los Roldán: Capítulo 9","8/16/15"
"Donde el corazón te lleva","8/16/15"
"Los Roldán: Capítulo 8","8/14/15"
"Los Roldán: Capítulo 7","8/12/15"
"Ese es mi hijo","8/9/15"
"Los Roldán: Capítulo 6","8/9/15"
"The Circle","8/9/15"
"Sobrevivientes","8/9/15"
"Coco antes de chanel","8/6/15"
"Los Simuladores: Temporada 2: Capítulo 11","8/5/15"
"Los Simuladores: Temporada 2: Capítulo 10","8/5/15"
"Los Simuladores: Temporada 2: Capítulo 9","8/5/15"
"Yu-Gi-Oh!: Temporada 2: El espectáculo en las sombras: Marik contra Bakura (Parte 2)","8/5/15"
"Yu-Gi-Oh!: Temporada 2: El espectáculo en las sombras: Marik contra Bakura (Parte 1)","8/5/15"
"Los Roldán: Capítulo 5","8/5/15"
"10 cosas que odio de ti","8/5/15"
"Criadas y malvadas: Piloto","8/5/15"
"La princesa y el sapo","8/4/15"
"Lie to Me: Temporada 3: Ceguera doble","8/3/15"
"Lie to Me: Temporada 3: Sucia lealtad","8/3/15"
"Lie to Me: Temporada 3: Plural nosotros","8/2/15"
"Lie to Me: Temporada 3: En venta","8/2/15"
"Stargate: Tiempo infinito","8/2/15"
"Auschwitz: Los nazis y la solución final: Liberation and Revenge","8/2/15"
"Auschwitz: Los nazis y la solución final: Murder and Intrigue","8/2/15"
"Soy el número cuatro","8/2/15"
"Yu-Gi-Oh!: Temporada 2: El secreto de los guardianes de la tumba","8/2/15"
"Yu-Gi-Oh!: Temporada 2: Un duelo con el destino: Kaiba contra Ishizu (Parte 2)","8/1/15"
"Yu-Gi-Oh!: Temporada 2: Un duelo con el destino: Kaiba contra Ishizu (Parte 1)","8/1/15"
"Los Roldán: Capítulo 4","7/31/15"
"Los Roldán: Capítulo 3","7/31/15"
"Los Roldán: Capítulo 2","7/31/15"
"Los Roldán: Capítulo 1","7/31/15"
"Un amigo para Frank","7/31/15"
"The Nanny: The Nuchschlep","7/30/15"
"Lie to Me: Temporada 2: Blanco y negro","7/29/15"
"Lie to Me: Temporada 2: Oscuridad y luz","7/29/15"
"Lie to Me: Temporada 2: Expuesto","7/29/15"
"Lie to Me: Temporada 2: El flautista de Hamelín","7/29/15"
"Lie to Me: Temporada 2: Candado a la cabeza","7/28/15"
"Lie to Me: Temporada 2: Elección mortal","7/28/15"
"Lie to Me: Temporada 2: Delincuente","7/28/15"
"Lie to Me: Temporada 2: Profesor y alumnos","7/28/15"
"Lie to Me: Temporada 2: Reacción al contacto","7/27/15"
"Lie to Me: Temporada 2: Toda la verdad","7/27/15"
"Lie to Me: Temporada 2: Dulces dieciséis","7/27/15"
"Yu-Gi-Oh!: Temporada 2: Juego mental: Mai contra Marik (Parte 3)","7/27/15"
"Lie to Me: Temporada 2: La derrota del diablo","7/27/15"
"Lie to Me: Temporada 2: El hombre del tractor","7/27/15"
"Lie to Me: Temporada 2: Probabilidades","7/26/15"
"Mente indomable","7/26/15"
"El último rey de Escocia","7/25/15"
"Skins: Vol. 1: Jal","7/25/15"
"Skins: Vol. 1: Cassie","7/25/15"
"Lie to Me: Temporada 2: El Santa secreto","7/25/15"
"Lie to Me: Temporada 2: Un viernes negro","7/25/15"
"Los reyes del verano","7/25/15"
"Lie to Me: Temporada 2: Falta de candor","7/25/15"
"Lie to Me: Temporada 2: Lesiones personales graves","7/25/15"
"Un sueño posible","7/25/15"
"Lie to Me: Temporada 2: Querida","7/24/15"
"Lie to Me: Temporada 2: Factor de control","7/24/15"
"Terapia de riesgo","7/24/15"
"Viernes 13","7/24/15"
"Lie to Me: Temporada 2: Verdad o consecuencia","7/24/15"
"Lie to Me: Temporada 2: El meollo de la cuestión","7/24/15"
"Lie to Me: Sacrificio","7/23/15"
"Lie to Me: Cegadas","7/23/15"
"Lie to Me: Encubierto","7/23/15"
"Yu-Gi-Oh!: Temporada 2: Juego mental: Mai contra Marik (Parte 2)","7/23/15"
"Lie to Me: Mi mejor mitad","7/22/15"
"Stitches","7/22/15"
"Lie to Me: La vida es invaluable","7/22/15"
"Lie to Me: Menosprecio a la vida","7/22/15"
"Lie to Me: La mejor política","7/22/15"
"Spartacus: Gods of the Arena: El amargo final","7/22/15"
"Yu-Gi-Oh!: Temporada 2: Juego mental: Mai contra Marik (Parte 1)","7/22/15"
"Yu-Gi-Oh!: Temporada 2: El despertar del mal (Parte 4)","7/22/15"
"Yu-Gi-Oh!: Temporada 2: El despertar del mal (Parte 3)","7/22/15"
"Yu-Gi-Oh!: Temporada 2: El despertar del mal (Parte 2)","7/22/15"
"Lie to Me: No hagas daño","7/22/15"
"Lie to Me: Desencadenado","7/22/15"
"Lie to Me: Siempre te amaré","7/22/15"
"Lie to Me: Calificación perfecta","7/21/15"
"Lie to Me: Exención moral","7/21/15"
"Lie to Me: Piloto","7/21/15"
"Jackie Brown","7/19/15"
"Spartacus: Gods of the Arena: Jerarquizando","7/18/15"
"Spartacus: Gods of the Arena: Detrás de la máscara","7/18/15"
"Notas perfectas","7/17/15"
"Spartacus: Gods of the Arena: Patriarcado","7/17/15"
"Spartacus: Gods of the Arena: Missio","7/16/15"
"Spartacus: Gods of the Arena: Transgresiones pasadas","7/16/15"
"Spartacus: Blood and Sand: Mátenlos a todos","7/15/15"
"Spartacus: Blood and Sand: Revelaciones","7/15/15"
"Spartacus: Blood and Sand: Viejas heridas","7/15/15"
"Spartacus: Blood and Sand: Celebración con favores","7/15/15"
"Spartacus: Blood and Sand: Ramera","7/15/15"
"Spartacus: Blood and Sand: La marca de la hermandad","7/13/15"
"Siempre Alice","7/12/15"
"Spartacus: Blood and Sand: Cosas grandes y desafortunadas","7/12/15"
"Spartacus: Blood and Sand: Cosas delicadas","7/12/15"
"Spartacus: Blood and Sand: Juegos con la sombra","7/12/15"
"Spartacus: Blood and Sand: La fosa","7/12/15"
"Hot Girls Wanted","7/12/15"
"El código enigma","7/12/15"
"Yu-Gi-Oh!: Temporada 2: El despertar del mal (Parte 1)","7/11/15"
"Yu-Gi-Oh!: Temporada 2: La furia de los dioses egipcios","7/11/15"
"Spartacus: Blood and Sand: Leyendas","7/11/15"
"Spartacus: Blood and Sand: Sacramentum Gladiatorum","7/11/15"
"Spartacus: Blood and Sand: La serpiente roja","7/11/15"
"El camino hacia El Dorado","7/10/15"
"El dictador","7/10/15"
"Yu-Gi-Oh!: Temporada 2: La revelación del espíritu oscuro: Yugi contra Bakura (Parte 3)","7/9/15"
"Yu-Gi-Oh!: Temporada 2: La revelación del espíritu oscuro: Yugi contra Bakura (Parte 2)","7/9/15"
"Yu-Gi-Oh!: Temporada 2: La revelación del espíritu oscuro: Yugi contra Bakura (Parte 1)","7/9/15"
"Yu-Gi-Oh!: Temporada 2: ¡Que comience la final!","7/9/15"
"Yu-Gi-Oh!: Temporada 2: ¡Luces, cámara, duelo!","7/9/15"
"Yu-Gi-Oh!: Temporada 2: La sombra de un duelo","7/9/15"
"Yu-Gi-Oh!: Temporada 2: Amigos hasta el fin: Yugi contra Joey (Parte 4)","7/9/15"
"Yu-Gi-Oh!: Temporada 2: Amigos hasta el fin: Yugi contra Joey (Parte 3)","7/9/15"
"Yu-Gi-Oh!: Temporada 2: Amigos hasta el fin: Yugi contra Joey (Parte 2)","7/6/15"
"Yu-Gi-Oh!: Temporada 2: Amigos hasta el fin: Yugi contra Joey (Parte 1)","7/6/15"
"Yu-Gi-Oh!: Temporada 2: El rescate","7/6/15"
"Yu-Gi-Oh!: Temporada 2: Doble duelo: Yugi y Kaiba contra Lumis y Umbra (Parte 4)","7/6/15"
"Yu-Gi-Oh!: Temporada 2: Doble duelo: Yugi y Kaiba contra Lumis y Umbra (Parte 3)","7/6/15"
"Yu-Gi-Oh!: Temporada 2: Doble duelo: Yugi y Kaiba contra Lumis y Umbra (Parte 2)","7/6/15"
"Yu-Gi-Oh!: Temporada 2: Doble duelo: Yugi y Kaiba contra Lumis y Umbra (Parte 1)","7/6/15"
"Yu-Gi-Oh!: Temporada 2: El pescador legendario (Parte 2)","7/6/15"
"Yu-Gi-Oh!: Temporada 2: El pescador legendario (Parte 1)","7/6/15"
"Yu-Gi-Oh!: Temporada 2: Control de un mimo (Parte 3)","7/6/15"
"Yu-Gi-Oh!: Temporada 2: Control de un mimo (Parte 2)","7/6/15"
"Yu-Gi-Oh!: Temporada 2: Control de un mimo (Parte 1)","7/6/15"
"Yu-Gi-Oh!: Temporada 2: Jugando con un parásito (Parte 2)","7/6/15"
"Yu-Gi-Oh!: Temporada 2: Jugando con un parásito (Parte 1)","7/5/15"
"Yu-Gi-Oh!: Temporada 2: El maestro de los magos (Parte 3)","7/5/15"
"Yu-Gi-Oh!: Temporada 2: El maestro de los magos (Parte 2)","7/5/15"
"Yu-Gi-Oh!: Temporada 2: El maestro de los magos (Parte 1)","7/5/15"
"Yu-Gi-Oh!: Temporada 2: El duelista de PES (Parte 2)","7/5/15"
"Yu-Gi-Oh!: Temporada 2: El duelista de PES (Parte 1)","7/5/15"
"Yu-Gi-Oh!: Temporada 2: Yugi contra el Cazador Raro (Parte 2)","7/5/15"
"Mad Men: Hay humo en tus ojos","7/5/15"
"Yu-Gi-Oh!: Temporada 2: Yugi contra el Cazador Raro (Parte 1)","7/4/15"
"Yu-Gi-Oh!: Temporada 2: Acosado por los cazadores raros","7/4/15"
"Yu-Gi-Oh!: Temporada 2: Obelisk, el atormentador","7/4/15"
"Yu-Gi-Oh!: Temporada 2: Retando a Johnny","7/4/15"
"Yu-Gi-Oh!: Temporada 2: El pasado es el presente","7/4/15"
"Yu-Gi-Oh!: Temporada 2: El duelista misterioso (Parte 2)","7/4/15"
"Yu-Gi-Oh!: Temporada 2: El duelista misterioso (Parte 1)","7/4/15"
"Yu-Gi-Oh!: Juego de dado de monstruos (Parte 4)","7/4/15"
"Yu-Gi-Oh!: Juego de dado de monstruos (Parte 3)","7/4/15"
"Yu-Gi-Oh!: Juego de dado de monstruos (Parte 2)","7/4/15"
"Yu-Gi-Oh!: Juego de dado de monstruos (Parte 1)","7/4/15"
"Yu-Gi-Oh!: Un prisionero virtual (Parte 3)","7/4/15"
"Yu-Gi-Oh!: Un prisionero virtual (Parte 2)","7/3/15"
"Yu-Gi-Oh!: Un prisionero virtual (Parte 1)","7/3/15"
"Yu-Gi-Oh!: Lazos de amistad","7/3/15"
"Yu-Gi-Oh!: La ira de Rebecca","7/3/15"
"Yu-Gi-Oh!: Consecuencias","7/3/15"
"Yu-Gi-Oh!: Yugi contra Pegasus, el duelo del milenio (Parte 5)","7/2/15"
"Yu-Gi-Oh!: Yugi contra Pegasus, el duelo del milenio (Parte 4)","7/2/15"
"Yu-Gi-Oh!: Yugi contra Pegasus, el duelo del milenio (Parte 3)","7/2/15"
"Yu-Gi-Oh!: Yugi contra Pegasus, el duelo del milenio (Parte 2)","7/2/15"
"Yu-Gi-Oh!: Yugi contra Pegasus, el duelo del milenio (Parte 1)","7/2/15"
"Yu-Gi-Oh!: Mejores duelistas, mejores amigos (Parte 2)","7/2/15"
"Yu-Gi-Oh!: Mejores duelistas, mejores amigos (Parte 1)","7/2/15"
"Yu-Gi-Oh!: La maquinación de Keith (Parte 2)","7/2/15"
"Yu-Gi-Oh!: La maquinación de Keith (Parte 1)","7/2/15"
"Yu-Gi-Oh!: Identidad dual (Parte 2)","7/2/15"
"Yu-Gi-Oh!: Identidad dual (Parte 1)","7/2/15"
"Yu-Gi-Oh!: La noche anterior","7/2/15"
"Yu-Gi-Oh!: El campeón contra el creador (Parte 2)","7/2/15"
"Yu-Gi-Oh!: El campeón contra el creador (Parte 1)","7/1/15"
"Yu-Gi-Oh!: Amistad duradera","7/1/15"
"Yu-Gi-Oh!: Prueba final (Parte 3)","7/1/15"
"Yu-Gi-Oh!: Prueba final (Parte 2)","7/1/15"
"Yu-Gi-Oh!: Prueba final (Parte 1)","7/1/15"
"Yu-Gi-Oh!: Duelo de doble problema (Parte 3)","7/1/15"
"Yu-Gi-Oh!: Duelo de doble problema (Parte 2)","7/1/15"
"Yu-Gi-Oh!: Duelo de doble problema (Parte 1)","7/1/15"
"Yu-Gi-Oh!: La arena de las almas perdidas (Parte 2)","7/1/15"
"Yu-Gi-Oh!: La arena de las almas perdidas (Parte 1)","7/1/15"
"Yu-Gi-Oh!: Las cicatrices de la derrota","7/1/15"
"The Young Victoria","6/30/15"
"What Happened, Miss Simone?","6/29/15"
"Orange Is the New Black: Temporada 3: No dirás falsos testimonios","6/29/15"
"Orange Is the New Black: Temporada 3: La empatía te deja seca","6/29/15"
"La dama de negro 2","6/28/15"
"Fenomeno Siniestro","6/28/15"
"Los Simuladores: Temporada 2: Capítulo 8","6/28/15"
"Ernest & Celestine","6/27/15"
"Orange Is the New Black: Temporada 3: Chinches y otros achaques","6/27/15"
"Orange Is the New Black: Temporada 2: Tenemos modales","6/27/15"
"Ted","6/27/15"
"Padre de familia: Temporada 9: And Then There Were Fewer Parte 1","6/27/15"
"Las aventuras de Peabody y Sherman","6/22/15"
"Auschwitz: Los nazis y la solución final: Corruption","6/21/15"
"Auschwitz: Los nazis y la solución final: Factories of Death","6/21/15"
"Auschwitz: Los nazis y la solución final: Orders and Initiatives","6/21/15"
"Auschwitz: Los nazis y la solución final: Surprising Beginnings","6/21/15"
"El vuelo","6/20/15"
"Trainspotting","6/20/15"
"Los Simuladores: Temporada 2: Capítulo 7","6/20/15"
"Los Simuladores: Temporada 2: Capítulo 6","6/20/15"
"Piña Express","6/19/15"
"Eating Out: Drama Camp","6/17/15"
"Friends: Temporada 1: Estreno","6/16/15"
"Metastasis: Episodio 1","6/14/15"
"Adultos jóvenes","6/13/15"
"Lost: Perdidos... en Corea","6/9/15"
"Lost: Fugitivos","6/9/15"
"Atormentado","6/5/15"
"Mary and Martha","6/1/15"
"El mejor lugar del mundo","6/1/15"
"Cásese quien pueda","5/31/15"
"Cosmos: A Spacetime Odyssey: Evolución molécula a molécula","5/24/15"
"Cosmos: A Spacetime Odyssey: Hacia la Vía Láctea y más allá","5/24/15"
"Lilo y Stitch","5/24/15"
"The Good, the Bad and the Ugly","5/24/15"
"Cometieron dos errores","5/24/15"
"Hasta que llegó su hora","5/23/15"
"The Returned: Helen","5/22/15"
"The Returned: Claire","5/22/15"
"Casi tr3inta","5/21/15"
"The Returned: Rowan","5/21/15"
"The Returned: Lucy","5/20/15"
"The Returned: Tony y Adam","5/20/15"
"The Returned: Victor","5/20/15"
"The Returned: Julie","5/20/15"
"The Returned: Simon","5/19/15"
"The Returned: Camille","5/19/15"
"Unbreakable Kimmy Schmidt: Temporada 1: ¡Kimmy va al juicio!","5/19/15"
"El Papa de todos","5/17/15"
"Unbreakable Kimmy Schmidt: Temporada 1: ¡Kimmy anda en bici!","5/17/15"
"Unbreakable Kimmy Schmidt: Temporada 1: ¡Kimmy entra en un triángulo amoroso!","5/17/15"
"Unbreakable Kimmy Schmidt: Temporada 1: ¡Kimmy cumple años!","5/17/15"
"Unbreakable Kimmy Schmidt: Temporada 1: ¡Kimmy es mala en matemáticas!","5/17/15"
"Unbreakable Kimmy Schmidt: Temporada 1: ¡Kimmy va a una fiesta!","5/17/15"
"Unbreakable Kimmy Schmidt: Temporada 1: ¡Kimmy va a la escuela!","5/16/15"
"Unbreakable Kimmy Schmidt: Temporada 1: ¡Kimmy besa a un chico!","5/16/15"
"Unbreakable Kimmy Schmidt: Temporada 1: ¡Kimmy va al doctor!","5/16/15"
"Unbreakable Kimmy Schmidt: Temporada 1: ¡Kimmy tiene una cita!","5/16/15"
"Unbreakable Kimmy Schmidt: Temporada 1: ¡Kimmy consigue un trabajo!","5/15/15"
"Unbreakable Kimmy Schmidt: Temporada 1: ¡Kimmy sale del búnker!","5/15/15"
"Grace and Frankie: Temporada 1: Los votos","5/15/15"
"Grace and Frankie: Temporada 1: La despedida de soltero","5/13/15"
"Grace and Frankie: Temporada 1: Los secretos","5/13/15"
"Grace and Frankie: Temporada 1: El elevador","5/12/15"
"Grace and Frankie: Temporada 1: La invitación","5/12/15"
"Grace and Frankie: Temporada 1: El sexo","5/11/15"
"Grace and Frankie: Temporada 1: El concurso de ortografía","5/11/15"
"Grace and Frankie: Temporada 1: El terremoto","5/11/15"
"Grace and Frankie: Temporada 1: La caída","5/11/15"
"Grace and Frankie: Temporada 1: El funeral","5/11/15"
"Grace and Frankie: Temporada 1: La cena","5/11/15"
"Grace and Frankie: Temporada 1: Las tarjetas de crédito","5/11/15"
"Grace and Frankie: Temporada 1: El final","5/10/15"
"Amor a primera visa","5/10/15"
"Moonrise Kingdom: Un reino bajo la luna","5/10/15"
"Grace and Frankie: Tráiler: La vida sigue","5/7/15"
"Diana, el secreto de una princesa","5/7/15"
"Lost: Regreso a casa","5/6/15"
"Lost: Especial","5/6/15"
"Lost: Corazones y mentes","5/6/15"
"Paulo Coelho on the Road to Santiago de Compostela","5/5/15"
"The Dark Matter of Love","5/5/15"
"Lost: Cualquiera que sea el caso","5/5/15"
"Lost: Todos los vaqueros tienen problemas con sus padres","5/5/15"
"Lost: Criado por otros","5/5/15"
"Los miserables","5/5/15"
"Fat, Sick & Nearly Dead 2","5/4/15"
"Lost: Solitario","5/4/15"
"Lost: Hombre de confianza","5/4/15"
"Lost: La polilla","5/4/15"
"Lost: La casa del sol naciente","5/4/15"
"Aziz Ansari: Buried Alive","5/4/15"
"Fat, Sick & Nearly Dead","5/3/15"
"Lost: El conejo blanco","5/3/15"
"Lost: Viaje espiritual","5/3/15"
"Lost: Borrón y cuenta nueva","5/3/15"
"Lost: Piloto: Parte 2","5/3/15"
"Universo Desconocido","5/2/15"
"Sugar Vs. Fat","5/2/15"
"Video Game High School: El brazo largo de la ley","5/2/15"
"Video Game High School: Cualquier juego de la casa","5/2/15"
"Video Game High School: Bienvenido a VGHS","5/2/15"
"Sin fronteras: Juan Barraza, Fernanda Metilli y Federico Simonetti","5/2/15"
"Sin fronteras: Felix Buenaventura, Pablo Fabregas y Diego Fernandez","5/1/15"
"De Roma con amor","5/1/15"
"Skins: Vol. 1: Tony","5/1/15"
"Stolen Summer","5/1/15"
"El brillo del arco iris","5/1/15"
"Obsesión: Cuerpos que gritan: Cirugías plásticas","5/1/15"
"Obsesión: Cuerpos que gritan: Anorexia y bulimia","5/1/15"
"Juegos suicidas","5/1/15"
"Catfish: The TV Show: Jarrod & Abby","4/30/15"
"Catfish: The TV Show: Jasmine & Mike","4/30/15"
"Catfish: The TV Show: Kim & Matt","4/30/15"
"Catfish: The TV Show: Trina & Scorpio","4/30/15"
"Catfish: The TV Show: Sunny & Jamison","4/30/15"
"Los amores imaginarios","4/25/15"
"Desafío","4/22/15"
"Las aventuras de Priscilla, Reina del Desierto","4/22/15"
"American Horror Story: Historia de horror americana: La casa del homicidio: Después del nacimiento","4/21/15"
"American Horror Story: Historia de horror americana: La casa del homicidio: Nacimiento","4/21/15"
"American Horror Story: Historia de horror americana: La casa del homicidio: Niños latente","4/21/15"
"Atajos de vida 2: Siguiente nivel: Nigel Marsh: How to Make Work-Life Balance Work","4/21/15"
"El lobo de Wall Street","4/20/15"
"American Horror Story: Historia de horror americana: La casa del homicidio: Niña espeluznante","4/20/15"
"American Horror Story: Historia de horror americana: La casa del homicidio: Hombre de goma","4/20/15"
"American Horror Story: Historia de horror americana: La casa del homicidio: Casa abierta","4/20/15"
"American Horror Story: Historia de horror americana: La casa del homicidio: Cerdito, cerdito","4/20/15"
"American Horror Story: Historia de horror americana: La casa del homicidio: Halloween Parte 2","4/19/15"
"American Horror Story: Historia de horror americana: La casa del homicidio: Halloween Parte 1","4/19/15"
"American Horror Story: Historia de horror americana: La casa del homicidio: La casa de los asesinatos","4/19/15"
"American Horror Story: Historia de horror americana: La casa del homicidio: Invasión de hogar","4/19/15"
"American Horror Story: Historia de horror americana: La casa del homicidio: Piloto","4/19/15"
"House of Cards: Temporada 1: Capítulo 3","4/15/15"
"House of Cards: Temporada 1: Capítulo 2","4/14/15"
"House of Cards: Temporada 1: Capítulo 1","4/14/15"
"Gun Hill Road","4/14/15"
"Bent","4/14/15"
"Katy Perry: La película - Part of Me","4/13/15"
"Eating Out: The Open Weekend","4/8/15"
"Eating Out: All You Can Eat","4/6/15"
" ","4/4/15"
"Bridegroom","4/4/15"
"Amar sin mirar a quien: Love, No Matter What: Brené Brown: Listening to Shame","4/4/15"
"Amar sin mirar a quien: Love, No Matter What: Andrew Solomon: Love, No Matter What","4/3/15"
"Amar sin mirar a quien: Love, No Matter What: Zak Ebrahim: I Am the Son of a Terrorist. Here's How I Chose Peace.","4/3/15"
"Modern Family: Ven a volar conmigo","3/18/15"
"Modern Family: El ladrón de bicicletas","3/18/15"
"Modern Family: Piloto","3/18/15"
"Tabú Latinoamérica: Cambio de Género","3/18/15"
"Tabú Latinoamérica: Cuerpos Modificados","3/18/15"
"The Nanny: My Fair Nanny","3/18/15"
"The Nanny: Smoke Gets in Your Lies","3/18/15"
"The Nanny: Pilot","3/18/15"
"Mi gran oportunidad","2/15/15"
"Amor y letras","2/15/15"
"Una loca entrevista","2/8/15"
"Cómo conocí a tu madre: Dulce sabor a libertad","2/3/15"
"Cómo conocí a tu madre: La jirafa púrpura","2/3/15"
"Cómo conocí a tu madre: Piloto","2/3/15"
"Modern Family: Temporada 4: Buenas noches, Gracie","1/31/15"
"Modern Family: Temporada 4: Lo que la gente juega","1/31/15"
"Modern Family: Temporada 4: Mi héroe","1/31/15"
"Modern Family: Temporada 4: Jornada vocacional","1/31/15"
"Modern Family: Temporada 4: Problemas con la reventa","1/31/15"
"Modern Family: Temporada 4: Los futuros Dunphy","1/31/15"
"Modern Family: Temporada 4: El factor guau","1/31/15"
"Modern Family: Temporada 4: Padrinos","1/31/15"
"Modern Family: Temporada 4: Día del peinado malo","1/31/15"
"Modern Family: Temporada 4: Descorazonado","1/30/15"
"Modern Family: Temporada 4: El fantasma de la ópera","1/30/15"
"Modern Family: Temporada 4: Fulgencio","1/30/15"
"Modern Family: Temporada 4: Fiesta frustrada","1/30/15"
"Modern Family: Temporada 4: Año Nuevo","1/30/15"
"Modern Family: Temporada 4: Diamante en bruto","1/30/15"
"Modern Family: Temporada 4: Cuando cae un árbol","1/29/15"
"Modern Family: Temporada 4: Cita misteriosa","1/29/15"
"Modern Family: Temporada 4: Arrestada","1/29/15"
"Modern Family: Temporada 4: Venta de garaje","1/27/15"
"Modern Family: Temporada 4: Casa del terror en exposición","1/27/15"
"Modern Family: Temporada 4: El escape del mayordomo","1/27/15"
"Modern Family: Temporada 4: Corte","1/27/15"
"Modern Family: Temporada 4: Lecciones","1/27/15"
"Modern Family: Temporada 4: Resistencia","1/27/15"
"Modern Family: Temporada 3: Bebé en camino","1/27/15"
"Modern Family: Temporada 3: Mesa viviente","1/26/15"
"Modern Family: Temporada 3: Disneylandia","1/26/15"
"Modern Family: Temporada 3: Aviones, trenes y autos","1/26/15"
"Modern Family: Temporada 3: El último Walt","1/26/15"
"Modern Family: Temporada 3: Día de elecciones","1/25/15"
"Modern Family: Temporada 3: Manden a los payasos","1/25/15"
"Modern Family: Temporada 3: Superdía","1/25/15"
"Modern Family: Temporada 3: Territorio virgen","1/25/15"
"Modern Family: Temporada 3: Tía mami","1/24/15"
"Un amor imposible","1/23/15"
"Modern Family: Temporada 3: ¿Yo, celoso?","1/23/15"
"Modern Family: Temporada 3: Pequeña pastorcensura","1/23/15"
"Modern Family: Temporada 3: El proyecto escolar","1/23/15"
"Modern Family: Temporada 3: Provisión vitalicia","1/23/15"
"Modern Family: Temporada 3: Navidad exprés","1/20/15"
"Modern Family: Temporada 3: Calabaza lanzada","1/20/15"
"Modern Family: Temporada 3: Después del incendio","1/20/15"
"Modern Family: Temporada 3: La casa del árbol","1/19/15"
"Modern Family: Temporada 3: ¡Vamos, Bullfrogs!","1/19/15"
"Modern Family: Temporada 3: Choque y huida","1/19/15"
"Modern Family: Temporada 3: Puerta a puerta","1/19/15"
"Modern Family: Temporada 3: Phil en la cuerda floja","1/19/15"
"Modern Family: Temporada 3: Cuando los chicos buenos se hacen malos","1/19/15"
"Modern Family: Temporada 3: Rancho de turistas","1/19/15"
"Modern Family: Temporada 2: El que se alejó","1/18/15"
"Modern Family: Temporada 2: Te veo el próximo otoño","1/18/15"
"Modern Family: Temporada 2: Policía bueno, policía malo","1/18/15"
"Modern Family: Temporada 2: Día de las Madres","1/18/15"
"Modern Family: Temporada 2: Alguien que cuide a Lily","1/18/15"
"Modern Family: Temporada 2: El hombre musical","1/18/15"
"Modern Family: Temporada 2: Noche de hombres","1/18/15"
"Modern Family: Temporada 2: Dos monos y un panda","1/17/15"
"Modern Family: Temporada 2: Arrepentimientos","1/17/15"
"Modern Family: Temporada 2: La fiesta de la princesa","1/17/15"
"Viva el rey Julien: Popularidad","1/17/15"
"Viva el rey Julien: Corónenme","1/17/15"
"Una buena mentira","1/17/15"
"Modern Family: Temporada 2: Volvió Bixby","1/17/15"
"Modern Family: Temporada 2: In fraganti","1/17/15"
"Modern Family: Temporada 2: Nuestros hijos son como nosotros","1/17/15"
"Modern Family: Temporada 2: Desacelera, tus vecinos","1/17/15"
"Modern Family: Temporada 2: La revelación del baile","1/16/15"
"Modern Family: Temporada 2: Madre protectora","1/16/15"
"Modern Family: Temporada 2: Many, saca el arma","1/16/15"
"Modern Family: Temporada 2: El ruido","1/16/15"
"Modern Family: Temporada 2: Halloween","1/16/15"
"Modern Family: Temporada 2: Desconectados","1/16/15"
"Modern Family: Temporada 2: Extraños en la caminadora","1/16/15"
"Modern Family: Temporada 2: Terremoto","1/16/15"
"Modern Family: Temporada 2: El beso","1/16/15"
"Modern Family: Temporada 2: La carcacha","1/16/15"
"Modern Family: Retrato familiar","1/16/15"
"Modern Family: Hawái","1/16/15"
"Modern Family: Aeropuerto 2010","1/16/15"
"Modern Family: Viaje con Scout","1/16/15"
"Modern Family: En la banca","1/15/15"
"Modern Family: Cambio de juego","1/15/15"
"Modern Family: Noche estrellada","1/15/15"
"Modern Family: La verdad sea dicha","1/15/15"
"Modern Family: Miedos","1/15/15"
"Modern Family: Día de San Valentín a la moda","1/15/15"
"Modern Family: Luz de luna","1/15/15"
"Modern Family: Quince por ciento","1/15/15"
"Modern Family: En mi casa no","1/15/15"
"Modern Family: Desvelados","1/15/15"
"Modern Family: Fuera adornos","1/15/15"
"Modern Family: Fizbo","1/15/15"
"Modern Family: Grandes expectativas","1/15/15"
"Modern Family: En guardia","1/15/15"
"Modern Family: Corre por tu esposa","1/15/15"
"Modern Family: Cazacortinas","1/15/15"
"Modern Family: El incidente","1/14/15"
"When Pigs Have Wings","12/27/14"
"El discurso del rey","12/21/14"
"Heroes: Temporada 1: .07%","12/20/14"
"Heroes: Temporada 1: Parasite","12/10/14"
"Heroes: Temporada 1: Company Man","12/10/14"
"Heroes: Temporada 1: Unexpected","12/10/14"
"Heroes: Temporada 1: Genesis (aka In His Own Image)","12/10/14"
